"enemy_id","card_id","static_card_required","static_ordinal","name","race_id","level","hp","atk","def","story_or_special","not_in_book","rarity_tier","rarity_label","guardian_power_tier","hp_multiplier","atk_multiplier","def_multiplier","guardian_sp_cost","native_tier_median_sp_cost","balance_note"
"2","10001","Y","1","妮可","10","3","50","57","38","","Y","contract","契約","common","1.18","1.15","1.15","10","135","收妖稀有度為契約，護駕戰力為初階；本卡召喚成本 10 SP，並套用 HP/ATK/DEF 小幅強化。"
"3","10002","Y","2","薇達","23","32","800","250","92","Y","Y","contract","契約","elite","1.18","1.15","1.15","90","135","收妖稀有度為契約，護駕戰力為菁英；本卡召喚成本 90 SP，並套用 HP/ATK/DEF 小幅強化。"
"4","10003","Y","3","麥爾斯","23","12","160","42","25","Y","Y","contract","契約","common","1.18","1.15","1.15","10","135","收妖稀有度為契約，護駕戰力為初階；本卡召喚成本 10 SP，並套用 HP/ATK/DEF 小幅強化。"
"6","10004","Y","4","姆斯比爾","1","40","1800","115","65","Y","","contract","契約","elite","1.18","1.15","1.15","90","135","收妖稀有度為契約，護駕戰力為菁英；本卡召喚成本 90 SP，並套用 HP/ATK/DEF 小幅強化。"
"7","10005","Y","5","康那里士","23","35","1200","94","54","Y","","contract","契約","veteran","1.18","1.15","1.15","30","135","收妖稀有度為契約，護駕戰力為熟練；本卡召喚成本 30 SP，並套用 HP/ATK/DEF 小幅強化。"
"10","10006","Y","6","慧彥","23","38","500","230","130","Y","Y","contract","契約","veteran","1.18","1.15","1.15","30","135","收妖稀有度為契約，護駕戰力為熟練；本卡召喚成本 30 SP，並套用 HP/ATK/DEF 小幅強化。"
"12","10007","Y","7","恐懼之王","1","50","5000","163","73","Y","","contract","契約","elite","1.18","1.15","1.15","90","135","收妖稀有度為契約，護駕戰力為菁英；本卡召喚成本 90 SP，並套用 HP/ATK/DEF 小幅強化。"
"13","10008","Y","8","藍魔神","1","32","2000","120","60","Y","","contract","契約","elite","1.18","1.15","1.15","90","135","收妖稀有度為契約，護駕戰力為菁英；本卡召喚成本 90 SP，並套用 HP/ATK/DEF 小幅強化。"
"16","10009","Y","9","蜃樓王","8","50","5000","300","68","Y","","contract","契約","elite","1.18","1.15","1.15","90","135","收妖稀有度為契約，護駕戰力為菁英；本卡召喚成本 90 SP，並套用 HP/ATK/DEF 小幅強化。"
"18","10010","Y","10","鬼猴","8","35","3500","154","64","Y","","contract","契約","elite","1.18","1.15","1.15","90","135","收妖稀有度為契約，護駕戰力為菁英；本卡召喚成本 90 SP，並套用 HP/ATK/DEF 小幅強化。"
"28","10011","Y","11","撒旦","1","73","30000","600","166","Y","","contract","契約","sovereign","1.18","1.15","1.15","280","135","收妖稀有度為契約，護駕戰力為傳說首領；本卡召喚成本 280 SP，並套用 HP/ATK/DEF 小幅強化。"
"32","10012","Y","12","雨丹子","23","60","15000","580","116","Y","","contract","契約","boss","1.18","1.15","1.15","160","135","收妖稀有度為契約，護駕戰力為首領；本卡召喚成本 160 SP，並套用 HP/ATK/DEF 小幅強化。"
"33","10013","Y","13","張客","23","56","10000","550","130","Y","Y","contract","契約","boss","1.18","1.15","1.15","160","135","收妖稀有度為契約，護駕戰力為首領；本卡召喚成本 160 SP，並套用 HP/ATK/DEF 小幅強化。"
"38","10014","Y","14","鎮邪","14","58","10000","600","100","Y","Y","contract","契約","boss","1.18","1.15","1.15","160","135","收妖稀有度為契約，護駕戰力為首領；本卡召喚成本 160 SP，並套用 HP/ATK/DEF 小幅強化。"
"39","10015","Y","15","王思月","23","57","8000","560","122","Y","Y","contract","契約","boss","1.18","1.15","1.15","160","135","收妖稀有度為契約，護駕戰力為首領；本卡召喚成本 160 SP，並套用 HP/ATK/DEF 小幅強化。"
"40","10016","Y","16","悟緣","23","45","500","350","250","Y","Y","contract","契約","elite","1.18","1.15","1.15","90","135","收妖稀有度為契約，護駕戰力為菁英；本卡召喚成本 90 SP，並套用 HP/ATK/DEF 小幅強化。"
"46","10017","Y","17","蚩尤","1","80","30000","850","200","Y","","contract","契約","sovereign","1.18","1.15","1.15","280","135","收妖稀有度為契約，護駕戰力為傳說首領；本卡召喚成本 280 SP，並套用 HP/ATK/DEF 小幅強化。"
"47","47","N","0","蟹精魔機","26","50","2500","530","180","","","elite","菁英","boss","1.15","1.12","1.12","160","290","收妖稀有度為菁英，護駕戰力為首領；本卡召喚成本 160 SP，並套用 HP/ATK/DEF 小幅強化。"
"48","10018","Y","18","機關三魔獸","13","38","6000","240","90","Y","","contract","契約","elite","1.18","1.15","1.15","90","135","收妖稀有度為契約，護駕戰力為菁英；本卡召喚成本 90 SP，並套用 HP/ATK/DEF 小幅強化。"
"49","49","N","0","羯忍幻機","26","45","1800","500","162","","","rare","稀有","elite","1.12","1.09","1.09","90","168","收妖稀有度為稀有，護駕戰力為菁英；本卡召喚成本 90 SP，並套用 HP/ATK/DEF 小幅強化。"
"50","10019","Y","19","影忍妖機","26","35","1000","50","40","Y","","contract","契約","veteran","1.18","1.15","1.15","30","135","收妖稀有度為契約，護駕戰力為熟練；本卡召喚成本 30 SP，並套用 HP/ATK/DEF 小幅強化。"
"51","10020","Y","20","羯羊妖機","13","52","15000","500","148","Y","","contract","契約","boss","1.18","1.15","1.15","160","135","收妖稀有度為契約，護駕戰力為首領；本卡召喚成本 160 SP，並套用 HP/ATK/DEF 小幅強化。"
"52","10021","Y","21","夜叉悟緣","8","50","8000","480","103","Y","Y","contract","契約","boss","1.18","1.15","1.15","160","135","收妖稀有度為契約，護駕戰力為首領；本卡召喚成本 160 SP，並套用 HP/ATK/DEF 小幅強化。"
"53","10022","Y","22","雨丹子五鬼","7","55","12000","510","148","Y","","contract","契約","boss","1.18","1.15","1.15","160","135","收妖稀有度為契約，護駕戰力為首領；本卡召喚成本 160 SP，並套用 HP/ATK/DEF 小幅強化。"
"57","10023","Y","23","機關和尚","13","44","620","310","155","","","rare","稀有","elite","1.12","1.09","1.09","90","168","收妖稀有度為稀有，護駕戰力為菁英；本卡召喚成本 90 SP，並套用 HP/ATK/DEF 小幅強化。"
"59","10024","Y","24","牛魔王","1","80","30000","800","444","Y","","contract","契約","sovereign","1.18","1.15","1.15","280","135","收妖稀有度為契約，護駕戰力為傳說首領；本卡召喚成本 280 SP，並套用 HP/ATK/DEF 小幅強化。"
"60","10025","Y","25","冰魔薇達","1","34","1200","130","70","Y","","contract","契約","veteran","1.18","1.15","1.15","30","135","收妖稀有度為契約，護駕戰力為熟練；本卡召喚成本 30 SP，並套用 HP/ATK/DEF 小幅強化。"
"61","10026","Y","26","機關三魔獸","13","40","3000","290","60","Y","","contract","契約","elite","1.18","1.15","1.15","90","135","收妖稀有度為契約，護駕戰力為菁英；本卡召喚成本 90 SP，並套用 HP/ATK/DEF 小幅強化。"
"62","10027","Y","27","藍魔神本體","1","37","3500","130","62","Y","","contract","契約","elite","1.18","1.15","1.15","90","135","收妖稀有度為契約，護駕戰力為菁英；本卡召喚成本 90 SP，並套用 HP/ATK/DEF 小幅強化。"
"63","10028","Y","28","姆斯比爾","12","50","500","160","65","Y","","contract","契約","elite","1.18","1.15","1.15","90","135","收妖稀有度為契約，護駕戰力為菁英；本卡召喚成本 90 SP，並套用 HP/ATK/DEF 小幅強化。"
"64","10029","Y","29","藍魔神","12","49","600","130","62","Y","","contract","契約","elite","1.18","1.15","1.15","90","135","收妖稀有度為契約，護駕戰力為菁英；本卡召喚成本 90 SP，並套用 HP/ATK/DEF 小幅強化。"
"65","10030","Y","30","影忍妖機","13","35","300","216","100","","","rare","稀有","veteran","1.12","1.09","1.09","30","168","收妖稀有度為稀有，護駕戰力為熟練；本卡召喚成本 30 SP，並套用 HP/ATK/DEF 小幅強化。"
"67","10031","Y","31","康那里士","23","42","2500","320","80","Y","","contract","契約","elite","1.18","1.15","1.15","90","135","收妖稀有度為契約，護駕戰力為菁英；本卡召喚成本 90 SP，並套用 HP/ATK/DEF 小幅強化。"
"68","10032","Y","32","撒旦麥爾斯","23","50","4600","380","113","Y","Y","contract","契約","elite","1.18","1.15","1.15","90","135","收妖稀有度為契約，護駕戰力為菁英；本卡召喚成本 90 SP，並套用 HP/ATK/DEF 小幅強化。"
"69","10033","Y","33","撒旦麥爾斯","23","50","3600","380","113","Y","Y","contract","契約","elite","1.18","1.15","1.15","90","135","收妖稀有度為契約，護駕戰力為菁英；本卡召喚成本 90 SP，並套用 HP/ATK/DEF 小幅強化。"
"70","10034","Y","34","蜃樓王","12","50","4000","300","68","Y","","contract","契約","elite","1.18","1.15","1.15","90","135","收妖稀有度為契約，護駕戰力為菁英；本卡召喚成本 90 SP，並套用 HP/ATK/DEF 小幅強化。"
"71","10035","Y","35","木鐵人","13","50","3500","360","133","Y","","contract","契約","elite","1.18","1.15","1.15","90","135","收妖稀有度為契約，護駕戰力為菁英；本卡召喚成本 90 SP，並套用 HP/ATK/DEF 小幅強化。"
"72","10036","Y","36","康那里士","23","54","12500","540","80","Y","","contract","契約","boss","1.18","1.15","1.15","160","135","收妖稀有度為契約，護駕戰力為首領；本卡召喚成本 160 SP，並套用 HP/ATK/DEF 小幅強化。"
"73","10037","Y","37","撒旦麥爾斯","23","55","8600","500","113","Y","","contract","契約","boss","1.18","1.15","1.15","160","135","收妖稀有度為契約，護駕戰力為首領；本卡召喚成本 160 SP，並套用 HP/ATK/DEF 小幅強化。"
"74","10038","Y","38","撒旦","1","70","30000","999","999","Y","Y","contract","契約","sovereign","1.18","1.15","1.15","280","135","收妖稀有度為契約，護駕戰力為傳說首領；本卡召喚成本 280 SP，並套用 HP/ATK/DEF 小幅強化。"
"75","10039","Y","39","撒旦賽特","23","60","30000","750","166","Y","","contract","契約","sovereign","1.18","1.15","1.15","280","135","收妖稀有度為契約，護駕戰力為傳說首領；本卡召喚成本 280 SP，並套用 HP/ATK/DEF 小幅強化。"
"76","10040","Y","40","羯忍幻機","13","52","1800","500","162","","","elite","菁英","boss","1.15","1.12","1.12","160","290","收妖稀有度為菁英，護駕戰力為首領；本卡召喚成本 160 SP，並套用 HP/ATK/DEF 小幅強化。"
"93","10041","Y","41","慧彥","23","38","500","230","130","Y","Y","contract","契約","veteran","1.18","1.15","1.15","30","135","收妖稀有度為契約，護駕戰力為熟練；本卡召喚成本 30 SP，並套用 HP/ATK/DEF 小幅強化。"
"101","101","N","0","黏怪","9","12","6","19","18","","","common","常見","common","1.08","1.05","1.05","10","11","收妖稀有度為常見，護駕戰力為初階；本卡召喚成本 10 SP，並套用 HP/ATK/DEF 小幅強化。"
"102","10042","Y","42","蛇","14","13","20","25","20","","","common","常見","common","1.08","1.05","1.05","10","11","收妖稀有度為常見，護駕戰力為初階；本卡召喚成本 10 SP，並套用 HP/ATK/DEF 小幅強化。"
"103","10043","Y","43","獅","14","25","160","123","90","","","uncommon","少見","veteran","1.1","1.07","1.07","30","33","收妖稀有度為少見，護駕戰力為熟練；本卡召喚成本 30 SP，並套用 HP/ATK/DEF 小幅強化。"
"104","10044","Y","44","虎","14","25","180","128","93","","","uncommon","少見","veteran","1.1","1.07","1.07","30","33","收妖稀有度為少見，護駕戰力為熟練；本卡召喚成本 30 SP，並套用 HP/ATK/DEF 小幅強化。"
"105","10045","Y","45","度度鳥","14","14","15","20","13","","","common","常見","common","1.08","1.05","1.05","10","11","收妖稀有度為常見，護駕戰力為初階；本卡召喚成本 10 SP，並套用 HP/ATK/DEF 小幅強化。"
"106","10046","Y","46","野猴","14","12","20","21","15","","","common","常見","common","1.08","1.05","1.05","10","11","收妖稀有度為常見，護駕戰力為初階；本卡召喚成本 10 SP，並套用 HP/ATK/DEF 小幅強化。"
"107","10047","Y","47","黑金剛","14","16","30","33","16","","","common","常見","common","1.08","1.05","1.05","10","11","收妖稀有度為常見，護駕戰力為初階；本卡召喚成本 10 SP，並套用 HP/ATK/DEF 小幅強化。"
"108","10048","Y","48","熊","14","17","35","35","18","","","common","常見","common","1.08","1.05","1.05","10","11","收妖稀有度為常見，護駕戰力為初階；本卡召喚成本 10 SP，並套用 HP/ATK/DEF 小幅強化。"
"109","10049","Y","49","吸血蝙蝠","14","8","10","20","15","","","common","常見","common","1.08","1.05","1.05","10","11","收妖稀有度為常見，護駕戰力為初階；本卡召喚成本 10 SP，並套用 HP/ATK/DEF 小幅強化。"
"110","10050","Y","50","毒蠍子","14","10","15","21","13","","","common","常見","common","1.08","1.05","1.05","10","11","收妖稀有度為常見，護駕戰力為初階；本卡召喚成本 10 SP，並套用 HP/ATK/DEF 小幅強化。"
"111","10051","Y","51","毒蜘蛛","14","6","15","22","17","","","common","常見","common","1.08","1.05","1.05","10","11","收妖稀有度為常見，護駕戰力為初階；本卡召喚成本 10 SP，並套用 HP/ATK/DEF 小幅強化。"
"112","10052","Y","52","隱翅蟲","14","9","12","19","10","","","common","常見","common","1.08","1.05","1.05","10","11","收妖稀有度為常見，護駕戰力為初階；本卡召喚成本 10 SP，並套用 HP/ATK/DEF 小幅強化。"
"113","10053","Y","53","巨蛾","14","8","15","23","13","","","common","常見","common","1.08","1.05","1.05","10","11","收妖稀有度為常見，護駕戰力為初階；本卡召喚成本 10 SP，並套用 HP/ATK/DEF 小幅強化。"
"114","10054","Y","54","毒蟾蜍","14","10","15","19","13","","","common","常見","common","1.08","1.05","1.05","10","11","收妖稀有度為常見，護駕戰力為初階；本卡召喚成本 10 SP，並套用 HP/ATK/DEF 小幅強化。"
"115","10055","Y","55","巨蛙","14","5","12","19","14","","","common","常見","common","1.08","1.05","1.05","10","11","收妖稀有度為常見，護駕戰力為初階；本卡召喚成本 10 SP，並套用 HP/ATK/DEF 小幅強化。"
"116","10056","Y","56","水蛇","14","9","20","23","12","","","common","常見","common","1.08","1.05","1.05","10","11","收妖稀有度為常見，護駕戰力為初階；本卡召喚成本 10 SP，並套用 HP/ATK/DEF 小幅強化。"
"117","10057","Y","57","狼","14","23","125","118","82","","","uncommon","少見","veteran","1.1","1.07","1.07","30","33","收妖稀有度為少見，護駕戰力為熟練；本卡召喚成本 30 SP，並套用 HP/ATK/DEF 小幅強化。"
"118","118","N","0","吸血殭屍","3","18","60","60","45","","","common","常見","common","1.08","1.05","1.05","10","11","收妖稀有度為常見，護駕戰力為初階；本卡召喚成本 10 SP，並套用 HP/ATK/DEF 小幅強化。"
"119","10058","Y","58","鷹","14","25","170","140","73","","","uncommon","少見","veteran","1.1","1.07","1.07","30","33","收妖稀有度為少見，護駕戰力為熟練；本卡召喚成本 30 SP，並套用 HP/ATK/DEF 小幅強化。"
"120","10059","Y","59","蜈蚣","14","13","35","42","28","","","common","常見","common","1.08","1.05","1.05","10","11","收妖稀有度為常見，護駕戰力為初階；本卡召喚成本 10 SP，並套用 HP/ATK/DEF 小幅強化。"
"121","10060","Y","60","黑蜈蚣","14","16","40","52","43","","","common","常見","common","1.08","1.05","1.05","10","11","收妖稀有度為常見，護駕戰力為初階；本卡召喚成本 10 SP，並套用 HP/ATK/DEF 小幅強化。"
"122","10061","Y","61","紅耳蝙蝠","14","15","45","57","48","","","common","常見","common","1.08","1.05","1.05","10","11","收妖稀有度為常見，護駕戰力為初階；本卡召喚成本 10 SP，並套用 HP/ATK/DEF 小幅強化。"
"123","10062","Y","62","北歐狼","14","18","60","77","45","","","common","常見","common","1.08","1.05","1.05","10","11","收妖稀有度為常見，護駕戰力為初階；本卡召喚成本 10 SP，並套用 HP/ATK/DEF 小幅強化。"
"124","124","N","0","炎靈子","2","44","630","380","80","","","rare","稀有","elite","1.12","1.09","1.09","90","168","收妖稀有度為稀有，護駕戰力為菁英；本卡召喚成本 90 SP，並套用 HP/ATK/DEF 小幅強化。"
"125","125","N","0","吸血鬼王","3","26","100","87","40","","","uncommon","少見","veteran","1.1","1.07","1.07","30","33","收妖稀有度為少見，護駕戰力為熟練；本卡召喚成本 30 SP，並套用 HP/ATK/DEF 小幅強化。"
"126","126","N","0","邪靈","7","25","30","83","85","","","uncommon","少見","veteran","1.1","1.07","1.07","30","33","收妖稀有度為少見，護駕戰力為熟練；本卡召喚成本 30 SP，並套用 HP/ATK/DEF 小幅強化。"
"127","127","N","0","石骨魚","5","16","30","45","30","","","common","常見","common","1.08","1.05","1.05","10","11","收妖稀有度為常見，護駕戰力為初階；本卡召喚成本 10 SP，並套用 HP/ATK/DEF 小幅強化。"
"128","128","N","0","石骨飛魚","5","20","50","58","43","","","uncommon","少見","veteran","1.1","1.07","1.07","30","33","收妖稀有度為少見，護駕戰力為熟練；本卡召喚成本 30 SP，並套用 HP/ATK/DEF 小幅強化。"
"129","129","N","0","阿加希歐","9","27","200","147","64","","","uncommon","少見","veteran","1.1","1.07","1.07","30","33","收妖稀有度為少見，護駕戰力為熟練；本卡召喚成本 30 SP，並套用 HP/ATK/DEF 小幅強化。"
"130","130","N","0","獢","5","24","120","80","43","","","uncommon","少見","veteran","1.1","1.07","1.07","30","33","收妖稀有度為少見，護駕戰力為熟練；本卡召喚成本 30 SP，並套用 HP/ATK/DEF 小幅強化。"
"131","131","N","0","吸血鬼","3","22","43","52","32","","","uncommon","少見","veteran","1.1","1.07","1.07","30","33","收妖稀有度為少見，護駕戰力為熟練；本卡召喚成本 30 SP，並套用 HP/ATK/DEF 小幅強化。"
"132","132","N","0","侏儒","6","15","18","31","25","","","common","常見","common","1.08","1.05","1.05","10","11","收妖稀有度為常見，護駕戰力為初階；本卡召喚成本 10 SP，並套用 HP/ATK/DEF 小幅強化。"
"133","133","N","0","亞格瑞斯","1","26","125","100","56","","","uncommon","少見","veteran","1.1","1.07","1.07","30","33","收妖稀有度為少見，護駕戰力為熟練；本卡召喚成本 30 SP，並套用 HP/ATK/DEF 小幅強化。"
"134","134","N","0","半人馬","8","26","110","90","53","","","uncommon","少見","veteran","1.1","1.07","1.07","30","33","收妖稀有度為少見，護駕戰力為熟練；本卡召喚成本 30 SP，並套用 HP/ATK/DEF 小幅強化。"
"135","135","N","0","美杜莎","8","24","100","80","57","","","uncommon","少見","veteran","1.1","1.07","1.07","30","33","收妖稀有度為少見，護駕戰力為熟練；本卡召喚成本 30 SP，並套用 HP/ATK/DEF 小幅強化。"
"136","136","N","0","格萊艾","9","24","150","80","38","","","uncommon","少見","veteran","1.1","1.07","1.07","30","33","收妖稀有度為少見，護駕戰力為熟練；本卡召喚成本 30 SP，並套用 HP/ATK/DEF 小幅強化。"
"137","137","N","0","凱貝羅斯","5","28","130","90","46","","","uncommon","少見","veteran","1.1","1.07","1.07","30","33","收妖稀有度為少見，護駕戰力為熟練；本卡召喚成本 30 SP，並套用 HP/ATK/DEF 小幅強化。"
"138","138","N","0","寒蛙","5","24","140","111","65","","","uncommon","少見","veteran","1.1","1.07","1.07","30","33","收妖稀有度為少見，護駕戰力為熟練；本卡召喚成本 30 SP，並套用 HP/ATK/DEF 小幅強化。"
"139","139","N","0","瓶女","9","28","180","102","55","","","uncommon","少見","veteran","1.1","1.07","1.07","30","33","收妖稀有度為少見，護駕戰力為熟練；本卡召喚成本 30 SP，並套用 HP/ATK/DEF 小幅強化。"
"140","140","N","0","妖貓","3","23","90","93","42","","","uncommon","少見","veteran","1.1","1.07","1.07","30","33","收妖稀有度為少見，護駕戰力為熟練；本卡召喚成本 30 SP，並套用 HP/ATK/DEF 小幅強化。"
"141","141","N","0","牛頭魚","5","27","160","113","58","","","uncommon","少見","veteran","1.1","1.07","1.07","30","33","收妖稀有度為少見，護駕戰力為熟練；本卡召喚成本 30 SP，並套用 HP/ATK/DEF 小幅強化。"
"142","142","N","0","雪球怪","9","22","100","116","89","","","uncommon","少見","veteran","1.1","1.07","1.07","30","33","收妖稀有度為少見，護駕戰力為熟練；本卡召喚成本 30 SP，並套用 HP/ATK/DEF 小幅強化。"
"143","143","N","0","溫蒂妮","6","27","155","110","60","","","uncommon","少見","veteran","1.1","1.07","1.07","30","33","收妖稀有度為少見，護駕戰力為熟練；本卡召喚成本 30 SP，並套用 HP/ATK/DEF 小幅強化。"
"144","144","N","0","竹妖","8","40","420","320","103","","","rare","稀有","elite","1.12","1.09","1.09","90","168","收妖稀有度為稀有，護駕戰力為菁英；本卡召喚成本 90 SP，並套用 HP/ATK/DEF 小幅強化。"
"145","145","N","0","魍魎","8","44","450","360","120","","","rare","稀有","elite","1.12","1.09","1.09","90","168","收妖稀有度為稀有，護駕戰力為菁英；本卡召喚成本 90 SP，並套用 HP/ATK/DEF 小幅強化。"
"146","146","N","0","妖陀螺鬼","9","42","500","400","130","","","rare","稀有","elite","1.12","1.09","1.09","90","168","收妖稀有度為稀有，護駕戰力為菁英；本卡召喚成本 90 SP，並套用 HP/ATK/DEF 小幅強化。"
"147","147","N","0","水仙","6","39","330","310","90","","","rare","稀有","elite","1.12","1.09","1.09","90","168","收妖稀有度為稀有，護駕戰力為菁英；本卡召喚成本 90 SP，並套用 HP/ATK/DEF 小幅強化。"
"148","148","N","0","七仙女","2","47","1600","490","100","","","rare","稀有","elite","1.12","1.09","1.09","90","168","收妖稀有度為稀有，護駕戰力為菁英；本卡召喚成本 90 SP，並套用 HP/ATK/DEF 小幅強化。"
"149","149","N","0","九天玄女","0","58","2200","500","96","","","elite","菁英","boss","1.15","1.12","1.12","160","290","收妖稀有度為菁英，護駕戰力為首領；本卡召喚成本 160 SP，並套用 HP/ATK/DEF 小幅強化。"
"150","150","N","0","嫦娥","2","49","1500","510","155","","","rare","稀有","elite","1.12","1.09","1.09","90","168","收妖稀有度為稀有，護駕戰力為菁英；本卡召喚成本 90 SP，並套用 HP/ATK/DEF 小幅強化。"
"151","151","N","0","瓊霜","6","36","500","245","100","","","rare","稀有","veteran","1.12","1.09","1.09","30","168","收妖稀有度為稀有，護駕戰力為熟練；本卡召喚成本 30 SP，並套用 HP/ATK/DEF 小幅強化。"
"152","152","N","0","瑪特女神","0","45","680","400","150","","","rare","稀有","elite","1.12","1.09","1.09","90","168","收妖稀有度為稀有，護駕戰力為菁英；本卡召喚成本 90 SP，並套用 HP/ATK/DEF 小幅強化。"
"153","153","N","0","瓦雀","0","31","200","137","90","","","uncommon","少見","veteran","1.1","1.07","1.07","30","33","收妖稀有度為少見，護駕戰力為熟練；本卡召喚成本 30 SP，並套用 HP/ATK/DEF 小幅強化。"
"154","154","N","0","上元夫人","0","42","600","360","110","","","rare","稀有","elite","1.12","1.09","1.09","90","168","收妖稀有度為稀有，護駕戰力為菁英；本卡召喚成本 90 SP，並套用 HP/ATK/DEF 小幅強化。"
"155","155","N","0","蠶女","6","41","800","475","156","","","rare","稀有","elite","1.12","1.09","1.09","90","168","收妖稀有度為稀有，護駕戰力為菁英；本卡召喚成本 90 SP，並套用 HP/ATK/DEF 小幅強化。"
"156","156","N","0","女夷","6","43","1430","460","98","","","rare","稀有","elite","1.12","1.09","1.09","90","168","收妖稀有度為稀有，護駕戰力為菁英；本卡召喚成本 90 SP，並套用 HP/ATK/DEF 小幅強化。"
"157","157","N","0","女夷22","10","43","1430","460","98","","","rare","稀有","elite","1.12","1.09","1.09","90","168","收妖稀有度為稀有，護駕戰力為菁英；本卡召喚成本 90 SP，並套用 HP/ATK/DEF 小幅強化。"
"158","158","N","0","娥皇","0","50","1700","503","108","","","elite","菁英","boss","1.15","1.12","1.12","160","290","收妖稀有度為菁英，護駕戰力為首領；本卡召喚成本 160 SP，並套用 HP/ATK/DEF 小幅強化。"
"159","159","N","0","女英","0","46","1650","495","115","","","rare","稀有","elite","1.12","1.09","1.09","90","168","收妖稀有度為稀有，護駕戰力為菁英；本卡召喚成本 90 SP，並套用 HP/ATK/DEF 小幅強化。"
"160","160","N","0","席娜","1","34","350","200","75","","","uncommon","少見","veteran","1.1","1.07","1.07","30","33","收妖稀有度為少見，護駕戰力為熟練；本卡召喚成本 30 SP，並套用 HP/ATK/DEF 小幅強化。"
"161","161","N","0","亞坦","1","34","220","150","93","","","uncommon","少見","veteran","1.1","1.07","1.07","30","33","收妖稀有度為少見，護駕戰力為熟練；本卡召喚成本 30 SP，並套用 HP/ATK/DEF 小幅強化。"
"162","162","N","0","蝠妖","8","28","160","140","70","","","uncommon","少見","veteran","1.1","1.07","1.07","30","33","收妖稀有度為少見，護駕戰力為熟練；本卡召喚成本 30 SP，並套用 HP/ATK/DEF 小幅強化。"
"163","163","N","0","朱蛤獸","5","33","180","157","79","","","uncommon","少見","veteran","1.1","1.07","1.07","30","33","收妖稀有度為少見，護駕戰力為熟練；本卡召喚成本 30 SP，並套用 HP/ATK/DEF 小幅強化。"
"164","164","N","0","神燈巨人","9","30","300","170","88","","","uncommon","少見","veteran","1.1","1.07","1.07","30","33","收妖稀有度為少見，護駕戰力為熟練；本卡召喚成本 30 SP，並套用 HP/ATK/DEF 小幅強化。"
"165","165","N","0","色烈芬","2","52","2000","580","122","","","elite","菁英","boss","1.15","1.12","1.12","160","290","收妖稀有度為菁英，護駕戰力為首領；本卡召喚成本 160 SP，並套用 HP/ATK/DEF 小幅強化。"
"166","166","N","0","藍人","9","26","120","110","72","","","uncommon","少見","veteran","1.1","1.07","1.07","30","33","收妖稀有度為少見，護駕戰力為熟練；本卡召喚成本 30 SP，並套用 HP/ATK/DEF 小幅強化。"
"167","167","N","0","戰死屍鬼","3","43","1300","420","134","","","rare","稀有","elite","1.12","1.09","1.09","90","168","收妖稀有度為稀有，護駕戰力為菁英；本卡召喚成本 90 SP，並套用 HP/ATK/DEF 小幅強化。"
"168","10063","Y","63","鱷魚","14","38","350","235","110","","","rare","稀有","veteran","1.12","1.09","1.09","30","168","收妖稀有度為稀有，護駕戰力為熟練；本卡召喚成本 30 SP，並套用 HP/ATK/DEF 小幅強化。"
"169","10064","Y","64","大鬣蜥","14","42","350","385","150","","","rare","稀有","elite","1.12","1.09","1.09","90","168","收妖稀有度為稀有，護駕戰力為菁英；本卡召喚成本 90 SP，並套用 HP/ATK/DEF 小幅強化。"
"170","170","N","0","殭屍","3","14","16","24","18","","","common","常見","common","1.08","1.05","1.05","10","11","收妖稀有度為常見，護駕戰力為初階；本卡召喚成本 10 SP，並套用 HP/ATK/DEF 小幅強化。"
"171","171","N","0","幽靈","7","13","18","30","12","","","common","常見","common","1.08","1.05","1.05","10","11","收妖稀有度為常見，護駕戰力為初階；本卡召喚成本 10 SP，並套用 HP/ATK/DEF 小幅強化。"
"172","172","N","0","阿普洛迪","0","52","2000","570","166","","","elite","菁英","boss","1.15","1.12","1.12","160","290","收妖稀有度為菁英，護駕戰力為首領；本卡召喚成本 160 SP，並套用 HP/ATK/DEF 小幅強化。"
"173","173","N","0","阿拔東","1","42","480","300","88","","","rare","稀有","elite","1.12","1.09","1.09","90","168","收妖稀有度為稀有，護駕戰力為菁英；本卡召喚成本 90 SP，並套用 HP/ATK/DEF 小幅強化。"
"174","174","N","0","阿高司","4","32","350","150","73","","","uncommon","少見","veteran","1.1","1.07","1.07","30","33","收妖稀有度為少見，護駕戰力為熟練；本卡召喚成本 30 SP，並套用 HP/ATK/DEF 小幅強化。"
"175","175","N","0","炎顱","5","36","180","133","65","","","rare","稀有","veteran","1.12","1.09","1.09","30","168","收妖稀有度為稀有，護駕戰力為熟練；本卡召喚成本 30 SP，並套用 HP/ATK/DEF 小幅強化。"
"176","10065","Y","65","黑豹","14","24","150","122","86","","","uncommon","少見","veteran","1.1","1.07","1.07","30","33","收妖稀有度為少見，護駕戰力為熟練；本卡召喚成本 30 SP，並套用 HP/ATK/DEF 小幅強化。"
"177","177","N","0","火蠑螈","5","27","170","140","74","","","uncommon","少見","veteran","1.1","1.07","1.07","30","33","收妖稀有度為少見，護駕戰力為熟練；本卡召喚成本 30 SP，並套用 HP/ATK/DEF 小幅強化。"
"178","178","N","0","神龍","4","56","3800","580","140","","","elite","菁英","boss","1.15","1.12","1.12","160","290","收妖稀有度為菁英，護駕戰力為首領；本卡召喚成本 160 SP，並套用 HP/ATK/DEF 小幅強化。"
"179","179","N","0","鳳凰","4","58","3500","600","160","","","elite","菁英","boss","1.15","1.12","1.12","160","290","收妖稀有度為菁英，護駕戰力為首領；本卡召喚成本 160 SP，並套用 HP/ATK/DEF 小幅強化。"
"180","10066","Y","66","格特輪","1","40","2300","280","100","Y","","contract","契約","elite","1.18","1.15","1.15","90","135","收妖稀有度為契約，護駕戰力為菁英；本卡召喚成本 90 SP，並套用 HP/ATK/DEF 小幅強化。"
"181","181","N","0","庫塔","9","36","380","215","95","","","rare","稀有","veteran","1.12","1.09","1.09","30","168","收妖稀有度為稀有，護駕戰力為熟練；本卡召喚成本 30 SP，並套用 HP/ATK/DEF 小幅強化。"
"184","184","N","0","食屍鬼","8","39","500","344","103","","","rare","稀有","elite","1.12","1.09","1.09","90","168","收妖稀有度為稀有，護駕戰力為菁英；本卡召喚成本 90 SP，並套用 HP/ATK/DEF 小幅強化。"
"185","185","N","0","山鬼","7","35","250","280","120","","","rare","稀有","elite","1.12","1.09","1.09","90","168","收妖稀有度為稀有，護駕戰力為菁英；本卡召喚成本 90 SP，並套用 HP/ATK/DEF 小幅強化。"
"186","186","N","0","黑無常","1","49","2700","500","130","","","rare","稀有","elite","1.12","1.09","1.09","90","168","收妖稀有度為稀有，護駕戰力為菁英；本卡召喚成本 90 SP，並套用 HP/ATK/DEF 小幅強化。"
"189","189","N","0","食人花","8","28","140","125","88","","","uncommon","少見","veteran","1.1","1.07","1.07","30","33","收妖稀有度為少見，護駕戰力為熟練；本卡召喚成本 30 SP，並套用 HP/ATK/DEF 小幅強化。"
"191","191","N","0","樂仙女","2","45","1160","430","112","","","rare","稀有","elite","1.12","1.09","1.09","90","168","收妖稀有度為稀有，護駕戰力為菁英；本卡召喚成本 90 SP，並套用 HP/ATK/DEF 小幅強化。"
"194","194","N","0","白無常","1","53","2300","530","136","","","elite","菁英","boss","1.15","1.12","1.12","160","290","收妖稀有度為菁英，護駕戰力為首領；本卡召喚成本 160 SP，並套用 HP/ATK/DEF 小幅強化。"
"197","197","N","0","耆戈","0","38","320","205","100","","","rare","稀有","veteran","1.12","1.09","1.09","30","168","收妖稀有度為稀有，護駕戰力為熟練；本卡召喚成本 30 SP，並套用 HP/ATK/DEF 小幅強化。"
"198","198","N","0","太白金星","0","54","2500","560","145","","","elite","菁英","boss","1.15","1.12","1.12","160","290","收妖稀有度為菁英，護駕戰力為首領；本卡召喚成本 160 SP，並套用 HP/ATK/DEF 小幅強化。"
"199","199","N","0","天將","2","51","2800","570","135","","","elite","菁英","boss","1.15","1.12","1.12","160","290","收妖稀有度為菁英，護駕戰力為首領；本卡召喚成本 160 SP，並套用 HP/ATK/DEF 小幅強化。"
"206","206","N","0","惡靈","7","21","40","56","30","","","uncommon","少見","veteran","1.1","1.07","1.07","30","33","收妖稀有度為少見，護駕戰力為熟練；本卡召喚成本 30 SP，並套用 HP/ATK/DEF 小幅強化。"
"208","208","N","0","水鬼","7","17","53","53","34","","","common","常見","common","1.08","1.05","1.05","10","11","收妖稀有度為常見，護駕戰力為初階；本卡召喚成本 10 SP，並套用 HP/ATK/DEF 小幅強化。"
"213","213","N","0","龍王","4","54","3200","580","160","","","elite","菁英","boss","1.15","1.12","1.12","160","290","收妖稀有度為菁英，護駕戰力為首領；本卡召喚成本 160 SP，並套用 HP/ATK/DEF 小幅強化。"
"214","214","N","0","黑龍","4","52","2800","550","150","","","elite","菁英","boss","1.15","1.12","1.12","160","290","收妖稀有度為菁英，護駕戰力為首領；本卡召喚成本 160 SP，並套用 HP/ATK/DEF 小幅強化。"
"221","221","N","0","枯屍鬼","3","27","300","127","50","","","uncommon","少見","veteran","1.1","1.07","1.07","30","33","收妖稀有度為少見，護駕戰力為熟練；本卡召喚成本 30 SP，並套用 HP/ATK/DEF 小幅強化。"
"222","222","N","0","枯屍鬼王","3","31","400","136","55","","","uncommon","少見","veteran","1.1","1.07","1.07","30","33","收妖稀有度為少見，護駕戰力為熟練；本卡召喚成本 30 SP，並套用 HP/ATK/DEF 小幅強化。"
"223","223","N","0","石獅精","9","48","1800","530","160","","","rare","稀有","elite","1.12","1.09","1.09","90","168","收妖稀有度為稀有，護駕戰力為菁英；本卡召喚成本 90 SP，並套用 HP/ATK/DEF 小幅強化。"
"226","226","N","0","獨角獸","4","44","1000","500","100","","","rare","稀有","elite","1.12","1.09","1.09","90","168","收妖稀有度為稀有，護駕戰力為菁英；本卡召喚成本 90 SP，並套用 HP/ATK/DEF 小幅強化。"
"238","238","N","0","尼梅亞獅","5","44","1500","530","166","","","rare","稀有","elite","1.12","1.09","1.09","90","168","收妖稀有度為稀有，護駕戰力為菁英；本卡召喚成本 90 SP，並套用 HP/ATK/DEF 小幅強化。"
"253","253","N","0","雪芙","6","39","1000","500","125","","","rare","稀有","elite","1.12","1.09","1.09","90","168","收妖稀有度為稀有，護駕戰力為菁英；本卡召喚成本 90 SP，並套用 HP/ATK/DEF 小幅強化。"
"254","254","N","0","肯塔羅斯","4","38","1200","480","122","","","rare","稀有","elite","1.12","1.09","1.09","90","168","收妖稀有度為稀有，護駕戰力為菁英；本卡召喚成本 90 SP，並套用 HP/ATK/DEF 小幅強化。"
"255","255","N","0","尼凱","0","59","2600","600","180","","","elite","菁英","boss","1.15","1.12","1.12","160","290","收妖稀有度為菁英，護駕戰力為首領；本卡召喚成本 160 SP，並套用 HP/ATK/DEF 小幅強化。"
"267","267","N","0","冥府獄卒","7","45","700","390","106","","","rare","稀有","elite","1.12","1.09","1.09","90","168","收妖稀有度為稀有，護駕戰力為菁英；本卡召喚成本 90 SP，並套用 HP/ATK/DEF 小幅強化。"
"269","269","N","0","冤魂","7","39","460","340","95","","","rare","稀有","elite","1.12","1.09","1.09","90","168","收妖稀有度為稀有，護駕戰力為菁英；本卡召喚成本 90 SP，並套用 HP/ATK/DEF 小幅強化。"
"271","271","N","0","吊死鬼","7","41","580","355","100","","","rare","稀有","elite","1.12","1.09","1.09","90","168","收妖稀有度為稀有，護駕戰力為菁英；本卡召喚成本 90 SP，並套用 HP/ATK/DEF 小幅強化。"
"272","272","N","0","餓死鬼","7","37","400","330","88","","","rare","稀有","elite","1.12","1.09","1.09","90","168","收妖稀有度為稀有，護駕戰力為菁英；本卡召喚成本 90 SP，並套用 HP/ATK/DEF 小幅強化。"
"273","273","N","0","瘟鬼","7","43","620","378","96","","","rare","稀有","elite","1.12","1.09","1.09","90","168","收妖稀有度為稀有，護駕戰力為菁英；本卡召喚成本 90 SP，並套用 HP/ATK/DEF 小幅強化。"
"274","274","N","0","夜叉","8","42","400","350","93","","","rare","稀有","elite","1.12","1.09","1.09","90","168","收妖稀有度為稀有，護駕戰力為菁英；本卡召喚成本 90 SP，並套用 HP/ATK/DEF 小幅強化。"
"277","277","N","0","雪女","6","45","1500","446","105","","","rare","稀有","elite","1.12","1.09","1.09","90","168","收妖稀有度為稀有，護駕戰力為菁英；本卡召喚成本 90 SP，並套用 HP/ATK/DEF 小幅強化。"
"281","281","N","0","天宮仙女","2","43","1350","458","120","","","rare","稀有","elite","1.12","1.09","1.09","90","168","收妖稀有度為稀有，護駕戰力為菁英；本卡召喚成本 90 SP，並套用 HP/ATK/DEF 小幅強化。"
"316","316","N","0","妖燈鬼","8","46","1080","460","96","","","rare","稀有","elite","1.12","1.09","1.09","90","168","收妖稀有度為稀有，護駕戰力為菁英；本卡召喚成本 90 SP，並套用 HP/ATK/DEF 小幅強化。"
"317","317","N","0","迷魂霧妖","9","45","80","460","10","","","rare","稀有","elite","1.12","1.09","1.09","90","168","收妖稀有度為稀有，護駕戰力為菁英；本卡召喚成本 90 SP，並套用 HP/ATK/DEF 小幅強化。"
"368","368","N","0","鬥戰聖佛","1","65","3000","630","160","","","elite","菁英","boss","1.15","1.12","1.12","160","290","收妖稀有度為菁英，護駕戰力為首領；本卡召喚成本 160 SP，並套用 HP/ATK/DEF 小幅強化。"
"377","377","N","0","死靈騎士","1","50","3000","530","160","","","elite","菁英","boss","1.15","1.12","1.12","160","290","收妖稀有度為菁英，護駕戰力為首領；本卡召喚成本 160 SP，並套用 HP/ATK/DEF 小幅強化。"
"378","10067","Y","67","鬥戰聖佛","1","57","20000","630","160","Y","","contract","契約","sovereign","1.18","1.15","1.15","280","135","收妖稀有度為契約，護駕戰力為傳說首領；本卡召喚成本 280 SP，並套用 HP/ATK/DEF 小幅強化。"
"379","10068","Y","68","鬥戰聖佛分身","1","50","8000","580","140","","Y","contract","契約","boss","1.18","1.15","1.15","160","135","收妖稀有度為契約，護駕戰力為首領；本卡召喚成本 160 SP，並套用 HP/ATK/DEF 小幅強化。"
"380","10069","Y","69","教眾長老","23","48","1200","380","148","","","rare","稀有","elite","1.12","1.09","1.09","90","168","收妖稀有度為稀有，護駕戰力為菁英；本卡召喚成本 90 SP，並套用 HP/ATK/DEF 小幅強化。"
"381","10070","Y","70","黃八","23","45","5800","360","158","Y","Y","contract","契約","elite","1.18","1.15","1.15","90","135","收妖稀有度為契約，護駕戰力為菁英；本卡召喚成本 90 SP，並套用 HP/ATK/DEF 小幅強化。"
"382","10071","Y","71","人屍","3","50","3000","522","158","Y","","contract","契約","boss","1.18","1.15","1.15","160","135","收妖稀有度為契約，護駕戰力為首領；本卡召喚成本 160 SP，並套用 HP/ATK/DEF 小幅強化。"
"383","10072","Y","72","蜃樓石頭妖","8","45","3500","350","150","Y","Y","contract","契約","elite","1.18","1.15","1.15","90","135","收妖稀有度為契約，護駕戰力為菁英；本卡召喚成本 90 SP，並套用 HP/ATK/DEF 小幅強化。"
"384","10073","Y","73","蜃樓財寶怪","8","40","2500","280","100","Y","Y","contract","契約","elite","1.18","1.15","1.15","90","135","收妖稀有度為契約，護駕戰力為菁英；本卡召喚成本 90 SP，並套用 HP/ATK/DEF 小幅強化。"
"385","10074","Y","74","響尾蛇","14","23","135","115","64","","Y","contract","契約","veteran","1.18","1.15","1.15","30","135","收妖稀有度為契約，護駕戰力為熟練；本卡召喚成本 30 SP，並套用 HP/ATK/DEF 小幅強化。"
"386","10075","Y","75","大棕熊","14","26","165","126","92","","","uncommon","少見","veteran","1.1","1.07","1.07","30","33","收妖稀有度為少見，護駕戰力為熟練；本卡召喚成本 30 SP，並套用 HP/ATK/DEF 小幅強化。"
"387","10076","Y","76","銀背金剛","14","23","140","126","80","","","uncommon","少見","veteran","1.1","1.07","1.07","30","33","收妖稀有度為少見，護駕戰力為熟練；本卡召喚成本 30 SP，並套用 HP/ATK/DEF 小幅強化。"
"388","10077","Y","77","紅鬃猿","14","22","105","112","80","","","uncommon","少見","veteran","1.1","1.07","1.07","30","33","收妖稀有度為少見，護駕戰力為熟練；本卡召喚成本 30 SP，並套用 HP/ATK/DEF 小幅強化。"
"389","10078","Y","78","奧斯曼","23","30","400","160","85","Y","","contract","契約","veteran","1.18","1.15","1.15","30","135","收妖稀有度為契約，護駕戰力為熟練；本卡召喚成本 30 SP，並套用 HP/ATK/DEF 小幅強化。"
"390","390","N","0","鬼爵","3","34","220","160","79","","","uncommon","少見","veteran","1.1","1.07","1.07","30","33","收妖稀有度為少見，護駕戰力為熟練；本卡召喚成本 30 SP，並套用 HP/ATK/DEF 小幅強化。"
"391","391","N","0","魚身人面妖","8","30","180","150","89","","","uncommon","少見","veteran","1.1","1.07","1.07","30","33","收妖稀有度為少見，護駕戰力為熟練；本卡召喚成本 30 SP，並套用 HP/ATK/DEF 小幅強化。"
"392","392","N","0","閻惡靈","7","29","160","164","60","","","uncommon","少見","veteran","1.1","1.07","1.07","30","33","收妖稀有度為少見，護駕戰力為熟練；本卡召喚成本 30 SP，並套用 HP/ATK/DEF 小幅強化。"
"393","10079","Y","79","沙漠綠蠍","14","25","200","120","68","","","uncommon","少見","veteran","1.1","1.07","1.07","30","33","收妖稀有度為少見，護駕戰力為熟練；本卡召喚成本 30 SP，並套用 HP/ATK/DEF 小幅強化。"
"394","10080","Y","80","地獄妖貓","3","35","150","138","90","Y","","contract","契約","veteran","1.18","1.15","1.15","30","135","收妖稀有度為契約，護駕戰力為熟練；本卡召喚成本 30 SP，並套用 HP/ATK/DEF 小幅強化。"
"395","10081","Y","81","高地骷髏妖","3","31","700","127","85","Y","","contract","契約","veteran","1.18","1.15","1.15","30","135","收妖稀有度為契約，護駕戰力為熟練；本卡召喚成本 30 SP，並套用 HP/ATK/DEF 小幅強化。"
"396","10082","Y","82","弒肉妖","8","25","480","75","62","Y","","contract","契約","veteran","1.18","1.15","1.15","30","135","收妖稀有度為契約，護駕戰力為熟練；本卡召喚成本 30 SP，並套用 HP/ATK/DEF 小幅強化。"
"397","10083","Y","83","赤尾蠍子","14","17","40","50","43","","","common","常見","common","1.08","1.05","1.05","10","11","收妖稀有度為常見，護駕戰力為初階；本卡召喚成本 10 SP，並套用 HP/ATK/DEF 小幅強化。"
"398","10084","Y","84","加賽因","9","23","100","48","25","Y","","contract","契約","veteran","1.18","1.15","1.15","30","135","收妖稀有度為契約，護駕戰力為熟練；本卡召喚成本 30 SP，並套用 HP/ATK/DEF 小幅強化。"
"399","10085","Y","85","修道院院長","23","20","135","53","48","Y","","contract","契約","veteran","1.18","1.15","1.15","30","135","收妖稀有度為契約，護駕戰力為熟練；本卡召喚成本 30 SP，並套用 HP/ATK/DEF 小幅強化。"
"400","10086","Y","86","梅羅文加軍人","23","3","15","15","12","","","common","常見","common","1.08","1.05","1.05","10","11","收妖稀有度為常見，護駕戰力為初階；本卡召喚成本 10 SP，並套用 HP/ATK/DEF 小幅強化。"
"403","10087","Y","87","死靈騎士","1","56","3000","530","160","Y","","contract","契約","boss","1.18","1.15","1.15","160","135","收妖稀有度為契約，護駕戰力為首領；本卡召喚成本 160 SP，並套用 HP/ATK/DEF 小幅強化。"
"407","10088","Y","88","教士","23","6","24","30","20","","","common","常見","common","1.08","1.05","1.05","10","11","收妖稀有度為常見，護駕戰力為初階；本卡召喚成本 10 SP，並套用 HP/ATK/DEF 小幅強化。"
"408","10089","Y","89","武僧","23","8","38","35","23","","","common","常見","common","1.08","1.05","1.05","10","11","收妖稀有度為常見，護駕戰力為初階；本卡召喚成本 10 SP，並套用 HP/ATK/DEF 小幅強化。"
"409","10090","Y","90","梅羅文加軍人","23","7","28","34","23","","","common","常見","common","1.08","1.05","1.05","10","11","收妖稀有度為常見，護駕戰力為初階；本卡召喚成本 10 SP，並套用 HP/ATK/DEF 小幅強化。"
"410","10091","Y","91","威尼斯水軍","23","15","80","70","58","","","common","常見","common","1.08","1.05","1.05","10","11","收妖稀有度為常見，護駕戰力為初階；本卡召喚成本 10 SP，並套用 HP/ATK/DEF 小幅強化。"
"411","10092","Y","92","黑衣大食兵","23","35","220","220","65","","","rare","稀有","veteran","1.12","1.09","1.09","30","168","收妖稀有度為稀有，護駕戰力為熟練；本卡召喚成本 30 SP，並套用 HP/ATK/DEF 小幅強化。"
"412","10093","Y","93","白衣大食兵","23","32","220","200","60","","","uncommon","少見","veteran","1.1","1.07","1.07","30","33","收妖稀有度為少見，護駕戰力為熟練；本卡召喚成本 30 SP，並套用 HP/ATK/DEF 小幅強化。"
"416","10094","Y","94","唐軍步卒","10","33","250","204","64","","","uncommon","少見","veteran","1.1","1.07","1.07","30","33","收妖稀有度為少見，護駕戰力為熟練；本卡召喚成本 30 SP，並套用 HP/ATK/DEF 小幅強化。"
"433","10095","Y","95","道士","23","45","680","360","158","","Y","contract","契約","elite","1.18","1.15","1.15","90","135","收妖稀有度為契約，護駕戰力為菁英；本卡召喚成本 90 SP，並套用 HP/ATK/DEF 小幅強化。"
"438","10096","Y","96","蔡魔王","1","99","10000","100","100","","Y","contract","契約","boss","1.18","1.15","1.15","160","135","收妖稀有度為契約，護駕戰力為首領；本卡召喚成本 160 SP，並套用 HP/ATK/DEF 小幅強化。"
"2201","2201","N","0","土匪","23","50","3000","530","160","","Y","contract","契約","boss","1.18","1.15","1.15","160","135","收妖稀有度為契約，護駕戰力為首領；本卡召喚成本 160 SP，並套用 HP/ATK/DEF 小幅強化。"
"2202","10097","Y","97","NAME1032","23","50","10000","550","66","Y","Y","contract","契約","boss","1.18","1.15","1.15","160","135","收妖稀有度為契約，護駕戰力為首領；本卡召喚成本 160 SP，並套用 HP/ATK/DEF 小幅強化。"
"2203","2203","N","0","山鬼","7","35","9999","1","999","","Y","contract","契約","boss","1.18","1.15","1.15","160","135","收妖稀有度為契約，護駕戰力為首領；本卡召喚成本 160 SP，並套用 HP/ATK/DEF 小幅強化。"
