"card_id","card_name","source_enemy_id","source_name","rarity_tier","rarity_label","guardian_power_tier","guardian_power_label","race_id","level","guardian_sp_cost","not_in_book","source_hp","source_atk","source_def","source_spd","source_wis","card_battle_hp","card_battle_atk","card_battle_def","add_hp","add_mp","add_sp","add_str","add_stamina","add_wis","add_spd","add_atk","add_def","guardian_theme","guardian_archetype","guardian_signature","guardian_signature_note","specialization_mode","separation_adjustment_hp","source_focus","design_note"
"10001","妮可・契靈","2","妮可","contract","契約","common","初階","10","3","10","Y","50","57","38","30","45","59","66","44","20","34","25","1","1","19","4","1","25","晨星遊行","旅伴靈契","晨星步印","以迅捷體力維持隊伍節奏。","manual","0","靈巧遊擊","初階護駕／晨星遊行：以迅捷體力維持隊伍節奏。 個性・晨星步印：以迅捷體力維持隊伍節奏。 靈巧遊擊與原始面板折算已反映在九維加成。"
"10002","薇達・契靈","3","薇達","contract","契約","elite","菁英","23","32","90","Y","800","250","92","46","100","944","288","106","96","69","35","7","4","25","3","9","30","冰紋斷刃","寒霜戰契","冰紋刃印","以靈力與攻擊兼顧冰系壓制。","manual","0","術武破陣","菁英護駕／冰紋斷刃：以靈力與攻擊兼顧冰系壓制。 個性・冰紋刃印：以靈力與攻擊兼顧冰系壓制。 術武破陣與原始面板折算已反映在九維加成。"
"10003","麥爾斯・契靈","4","麥爾斯","contract","契約","common","初階","23","12","10","Y","160","42","25","32","35","189","48","29","32","22","25","1","1","19","4","1","25","荒野斥候","流浪戰契","荒野跡印","以體力與敏捷維持長途作戰。","manual","0","機動續戰","初階護駕／荒野斥候：以體力與敏捷維持長途作戰。 個性・荒野跡印：以體力與敏捷維持長途作戰。 機動續戰與原始面板折算已反映在九維加成。"
"10004","姆斯比爾・契靈","6","姆斯比爾","contract","契約","elite","菁英","1","40","90","Y","1800","115","65","45","90","2124","132","75","108","44","70","4","4","22","8","6","30","炎潮偵巡","熾焰靈契","炎潮翼印","以速度與體力掌握先機。","manual","0","疾風探敵","菁英護駕／炎潮偵巡：以速度與體力掌握先機。 個性・炎潮翼印：以速度與體力掌握先機。 疾風探敵與原始面板折算已反映在九維加成。"
"10005","康那里士・契靈","7","康那里士","contract","契約","veteran","熟練","23","35","30","Y","1200","94","54","48","100","1416","108","62","69","28","45","2","2","21","6","3","27","沙城遊俠","邊境戰契","沙城行印","以敏捷與體力維持游擊。","manual","0","輕裝周旋","熟練護駕／沙城遊俠：以敏捷與體力維持游擊。 個性・沙城行印：以敏捷與體力維持游擊。 輕裝周旋與原始面板折算已反映在九維加成。"
"10006","慧彥・契靈","10","慧彥","contract","契約","veteran","熟練","23","38","30","Y","500","230","130","51","180","590","265","150","45","52","26","6","2","21","2","8","21","禪武破關","修行武契","禪武拳印","以力量與攻擊落實武修路線。","manual","0","剛勁修行","熟練護駕／禪武破關：以力量與攻擊落實武修路線。 個性・禪武拳印：以力量與攻擊落實武修路線。 剛勁修行與原始面板折算已反映在九維加成。"
"10007","恐懼之王・契靈","12","恐懼之王","contract","契約","elite","菁英","1","50","90","Y","5000","163","73","54","120","5900","187","84","96","69","41","7","4","25","3","9","24","畏怖咒主","冥怖靈契","畏怖紋印","以靈力與智慧放大咒法。","manual","0","暗咒續航","菁英護駕／畏怖咒主：以靈力與智慧放大咒法。 個性・畏怖紋印：以靈力與智慧放大咒法。 暗咒續航與原始面板折算已反映在九維加成。"
"10008","藍魔神・契靈","13","藍魔神","contract","契約","elite","菁英","1","32","90","Y","2000","120","60","46","120","2360","138","69","102","58","76","4","4","23","8","6","24","藍焰疾靈","藍魔靈契","藍焰躍印","以敏捷與體力維持魔焰節奏。","manual","0","魔焰遊擊","菁英護駕／藍焰疾靈：以敏捷與體力維持魔焰節奏。 個性・藍焰躍印：以敏捷與體力維持魔焰節奏。 魔焰遊擊與原始面板折算已反映在九維加成。"
"10009","蜃樓王・契靈","16","蜃樓王","contract","契約","elite","菁英","8","50","90","Y","5000","300","68","56","130","5900","345","78","108","52","41","10","4","23","3","14","24","蜃樓幻君","蜃景靈契","蜃王惑印","以靈力與攻擊形成幻術壓制。","manual","0","幻術破陣","菁英護駕／蜃樓幻君：以靈力與攻擊形成幻術壓制。 個性・蜃王惑印：以靈力與攻擊形成幻術壓制。 幻術破陣與原始面板折算已反映在九維加成。"
"10010","鬼猴・契靈","18","鬼猴","contract","契約","elite","菁英","8","35","90","Y","3500","154","64","50","120","4130","177","74","133","46","41","13","7","23","3","17","24","巨力鎮守・鬼猴","巨力鎮守","破軍印","把加護集中於力量與正面攻勢。","generated","0","攻勢本能","菁英護駕／巨力鎮守・鬼猴：巨力原型，以力量、耐力與正面壓制見長。 個性・破軍印：把加護集中於力量與正面攻勢。 攻勢本能與原始面板折算已反映在九維加成。"
"10011","撒旦・契靈","28","撒旦","contract","契約","sovereign","傳說首領","1","73","280","Y","30000","600","166","140","200","35400","690","191","296","158","117","26","16","32","9","37","34","魔王霸權・撒旦（28）","魔王霸權","銳鋒印","以力量、敏捷與攻擊提升破陣能力。","generated","0","攻勢本能","傳說首領護駕／魔王霸權・撒旦（28）：魔王霸權，將極端攻防凝為壓制性的契靈加護。 個性・銳鋒印：以力量、敏捷與攻擊提升破陣能力。 攻勢本能與原始面板折算已反映在九維加成。"
"10012","雨丹子・契靈","32","雨丹子","contract","契約","boss","首領","23","60","160","Y","15000","580","116","64","180","17700","667","133","181","91","75","14","7","25","5","21","23","邪符統御","秘術首領","邪符軍印","以力量與攻擊支撐首領符術。","manual","0","符法強攻","首領護駕／邪符統御：以力量與攻擊支撐首領符術。 個性・邪符軍印：以力量與攻擊支撐首領符術。 符法強攻與原始面板折算已反映在九維加成。"
"10013","張客・契靈","33","張客","contract","契約","boss","首領","23","56","160","Y","10000","550","130","60","200","11800","633","150","193","93","75","12","8","26","5","18","24","萬咒鎮場","秘術首領","萬咒陣印","以生命與耐力維持咒陣。","manual","0","陣法壓制","首領護駕／萬咒鎮場：以生命與耐力維持咒陣。 個性・萬咒陣印：以生命與耐力維持咒陣。 陣法壓制與原始面板折算已反映在九維加成。"
"10014","鎮邪・契靈","38","鎮邪","contract","契約","boss","首領","14","58","160","Y","10000","600","100","80","180","11800","690","115","193","79","75","15","7","25","5","23","23","鎮煞裁決","伏邪首領","鎮煞鋒印","以力量與攻擊作為鎮煞核心。","manual","0","鎮邪猛攻","首領護駕／鎮煞裁決：以力量與攻擊作為鎮煞核心。 個性・鎮煞鋒印：以力量與攻擊作為鎮煞核心。 鎮邪猛攻與原始面板折算已反映在九維加成。"
"10015","王思月・契靈","39","王思月","contract","契約","boss","首領","23","57","160","Y","8000","560","122","62","130","9440","644","140","192","73","75","12","8","25","5","18","26","月影咒陣","月影首領","月影陣印","以生命與防禦穩住月影術式。","manual","0","月咒守持","首領護駕／月影咒陣：以生命與防禦穩住月影術式。 個性・月影陣印：以生命與防禦穩住月影術式。 月咒守持與原始面板折算已反映在九維加成。"
"10016","悟緣・契靈","40","悟緣","contract","契約","elite","菁英","23","45","90","Y","500","350","250","58","33","590","402","288","93","62","53","8","7","22","3","11","17","金剛護拳","修行武契","金剛拳印","以耐力與防禦承受近戰壓力。","manual","0","拳勢防守","菁英護駕／金剛護拳：以耐力與防禦承受近戰壓力。 個性・金剛拳印：以耐力與防禦承受近戰壓力。 拳勢防守與原始面板折算已反映在九維加成。"
"10017","蚩尤・契靈","46","蚩尤","contract","契約","sovereign","傳說首領","1","80","280","Y","30000","850","200","90","180","35400","977","230","302","130","115","26","15","28","8","38","26","兵主戰神・蚩尤","兵主戰神","銳鋒印","以力量、敏捷與攻擊提升破陣能力。","generated","0","攻勢本能","傳說首領護駕／兵主戰神・蚩尤：兵主戰意，兼顧猛攻與軍陣韌性。 個性・銳鋒印：以力量、敏捷與攻擊提升破陣能力。 攻勢本能與原始面板折算已反映在九維加成。"
"10018","機關三魔獸・契靈","48","機關三魔獸","contract","契約","elite","菁英","13","38","90","Y","6000","240","90","48","10","7080","276","103","105","50","53","7","6","22","3","9","15","三獸重甲","機關重契","三獸甲印","以生命耐力與防禦支撐機關外殼。","manual","0","重甲鎮守","菁英護駕／三獸重甲：以生命耐力與防禦支撐機關外殼。 個性・三獸甲印：以生命耐力與防禦支撐機關外殼。 重甲鎮守與原始面板折算已反映在九維加成。"
"10019","影忍妖機・契靈","50","影忍妖機","contract","契約","veteran","熟練","26","35","30","Y","1000","50","40","30","22","1180","57","46","73","26","66","4","5","20","7","6","13","機巧鋼骨・影忍妖機（50）","機巧鋼骨","獵心印","將速度轉為力量與攻擊節奏。","generated","0","迅捷本能","熟練護駕／機巧鋼骨・影忍妖機（50）：機關構造，側重耐力、防禦與穩定。 個性・獵心印：將速度轉為力量與攻擊節奏。 迅捷本能與原始面板折算已反映在九維加成。"
"10020","羯羊妖機・契靈","51","羯羊妖機","contract","契約","boss","首領","13","52","160","Y","15000","500","148","65","50","17700","575","170","199","65","81","14","7","24","5","21","17","羯羊攻城","機關首領","羯羊槌印","以力量與攻擊代表攻城衝擊。","manual","0","破城強攻","首領護駕／羯羊攻城：以力量與攻擊代表攻城衝擊。 個性・羯羊槌印：以力量與攻擊代表攻城衝擊。 破城強攻與原始面板折算已反映在九維加成。"
"10021","夜叉悟緣・契靈","52","夜叉悟緣","contract","契約","boss","首領","8","50","160","Y","8000","480","103","62","120","9440","552","118","165","97","92","12","6","25","7","18","11","夜叉冥獵","夜叉首領","夜叉獵印","以敏捷與體力延續夜叉追擊。","manual","0","冥界突襲","首領護駕／夜叉冥獵：以敏捷與體力延續夜叉追擊。 個性・夜叉獵印：以敏捷與體力延續夜叉追擊。 冥界突襲與原始面板折算已反映在九維加成。"
"10022","雨丹子五鬼・契靈","53","雨丹子五鬼","contract","契約","boss","首領","7","55","160","Y","12000","510","148","60","200","14160","587","170","181","104","87","12","7","28","5","18","11","五鬼咒潮","幽冥首領","五鬼咒印","以靈力與智慧強化鬼咒循環。","manual","0","群咒蓄勢","首領護駕／五鬼咒潮：以靈力與智慧強化鬼咒循環。 個性・五鬼咒印：以靈力與智慧強化鬼咒循環。 群咒蓄勢與原始面板折算已反映在九維加成。"
"10023","機關和尚・契靈","57","機關和尚","rare","稀有","elite","菁英","13","44","90","Y","620","310","155","54","80","694","338","169","116","50","59","11","7","22","4","16","10","機巧鋼骨・機關和尚","機巧鋼骨","破軍印","把加護集中於力量與正面攻勢。","generated","0","攻勢本能","菁英護駕／機巧鋼骨・機關和尚：機關構造，側重耐力、防禦與穩定。 個性・破軍印：把加護集中於力量與正面攻勢。 攻勢本能與原始面板折算已反映在九維加成。"
"10024","牛魔王・契靈","59","牛魔王","contract","契約","sovereign","傳說首領","1","80","280","Y","30000","800","444","180","300","35400","920","511","320","134","137","27","18","30","10","37","21","平天巨力・牛魔王","平天巨力","銳鋒印","以力量、敏捷與攻擊提升破陣能力。","generated","0","攻勢本能","傳說首領護駕／平天巨力・牛魔王：平天巨力，將高生命與正面壓制化作力量與耐力。 個性・銳鋒印：以力量、敏捷與攻擊提升破陣能力。 攻勢本能與原始面板折算已反映在九維加成。"
"10025","冰魔薇達・契靈","60","冰魔薇達","contract","契約","veteran","熟練","1","34","30","Y","1200","130","70","45","78","1416","150","81","69","30","72","4","2","23","6","6","6","霜魄凝守・冰魔薇達","霜魄凝守","獵心印","將速度轉為力量與攻擊節奏。","generated","0","迅捷本能","熟練護駕／霜魄凝守・冰魔薇達：冰霜原型，以智慧與防禦維持節奏。 個性・獵心印：將速度轉為力量與攻擊節奏。 迅捷本能與原始面板折算已反映在九維加成。"
"10026","機關三魔獸・契靈","61","機關三魔獸","contract","契約","elite","菁英","13","40","90","Y","3000","290","60","58","10","3540","334","69","90","62","35","15","4","16","3","12","30","三獸突擊","機關突契","三獸突印","以力量與攻擊轉化機關衝鋒。","manual","0","機械破陣","菁英護駕／三獸突擊：以力量與攻擊轉化機關衝鋒。 個性・三獸突印：以力量與攻擊轉化機關衝鋒。 機械破陣與原始面板折算已反映在九維加成。"
"10027","藍魔神本體・契靈","62","藍魔神本體","contract","契約","elite","菁英","1","37","90","Y","3500","130","62","48","120","4130","150","71","96","64","70","10","4","17","8","6","30","藍魔核心","藍魔本契","核心躍印","以敏捷與體力保留本體機動。","manual","0","核心游擊","菁英護駕／藍魔核心：以敏捷與體力保留本體機動。 個性・核心躍印：以敏捷與體力保留本體機動。 核心游擊與原始面板折算已反映在九維加成。"
"10028","姆斯比爾・契靈","63","姆斯比爾","contract","契約","elite","菁英","12","50","90","Y","500","160","65","45","90","590","184","75","102","50","35","15","4","16","3","12","30","炎潮戰巡","熾焰戰契","炎潮鋒印","以力量與攻擊維持戰線。","manual","0","火線強攻","菁英護駕／炎潮戰巡：以力量與攻擊維持戰線。 個性・炎潮鋒印：以力量與攻擊維持戰線。 火線強攻與原始面板折算已反映在九維加成。"
"10029","藍魔神・契靈","64","藍魔神","contract","契約","elite","菁英","12","49","90","Y","600","130","62","43","120","708","150","71","111","52","35","15","4","17","3","12","30","藍魔戰相","藍魔戰契","戰相刃印","以力量與攻擊塑造戰相壓制。","manual","3","魔焰破陣","菁英護駕／藍魔戰相：以力量與攻擊塑造戰相壓制。 個性・戰相刃印：以力量與攻擊塑造戰相壓制。 魔焰破陣與原始面板折算已反映在九維加成。"
"10030","影忍妖機・契靈","65","影忍妖機","rare","稀有","veteran","熟練","13","35","30","Y","300","216","100","50","22","336","235","109","69","20","20","12","2","14","2","8","27","影忍機襲","忍機靈契","影忍刃印","以力量與攻擊表現忍機刺擊。","manual","0","暗械突擊","熟練護駕／影忍機襲：以力量與攻擊表現忍機刺擊。 個性・影忍刃印：以力量與攻擊表現忍機刺擊。 暗械突擊與原始面板折算已反映在九維加成。"
"10031","康那里士・契靈","67","康那里士","contract","契約","elite","菁英","23","42","90","Y","2500","320","80","48","100","2950","368","92","96","70","41","14","5","17","3","11","25","沙城守將","邊境戰契","沙城陣印","以生命與耐力維持前線。","manual","0","守陣壓制","菁英護駕／沙城守將：以生命與耐力維持前線。 個性・沙城陣印：以生命與耐力維持前線。 守陣壓制與原始面板折算已反映在九維加成。"
"10032","撒旦麥爾斯・契靈","68","撒旦麥爾斯","contract","契約","elite","菁英","23","50","90","Y","4600","380","113","48","200","5428","437","130","108","72","41","16","4","18","3","14","24","魔軍先鋒","魔軍戰契","先鋒鋒印","以力量與攻擊打開戰局。","manual","12","先鋒強攻","菁英護駕／魔軍先鋒：以力量與攻擊打開戰局。 個性・先鋒鋒印：以力量與攻擊打開戰局。 先鋒強攻與原始面板折算已反映在九維加成。"
"10033","撒旦麥爾斯・契靈","69","撒旦麥爾斯","contract","契約","elite","菁英","23","50","90","Y","3600","380","113","45","200","4248","437","130","102","71","41","14","4","20","3","11","24","魔軍策士","魔軍術契","策士紋印","以靈力與智慧維持戰術。","manual","0","戰術續航","菁英護駕／魔軍策士：以靈力與智慧維持戰術。 個性・策士紋印：以靈力與智慧維持戰術。 戰術續航與原始面板折算已反映在九維加成。"
"10034","蜃樓王・契靈","70","蜃樓王","contract","契約","elite","菁英","12","50","90","Y","4000","300","68","43","130","4720","345","78","108","52","41","16","4","17","3","14","24","蜃樓幻影","蜃景靈契","幻影刃印","以力量與攻擊形成幻景殺著。","manual","0","幻術突擊","菁英護駕／蜃樓幻影：以力量與攻擊形成幻景殺著。 個性・幻影刃印：以力量與攻擊形成幻景殺著。 幻術突擊與原始面板折算已反映在九維加成。"
"10035","木鐵人・契靈","71","木鐵人","contract","契約","elite","菁英","13","50","90","Y","3500","360","133","58","0","4130","414","153","117","38","41","14","6","16","3","11","27","鐵木壁壘","機關重契","鐵木壁印","以耐力與防禦形成壁壘。","manual","0","鋼骨固守","菁英護駕／鐵木壁壘：以耐力與防禦形成壁壘。 個性・鐵木壁印：以耐力與防禦形成壁壘。 鋼骨固守與原始面板折算已反映在九維加成。"
"10036","康那里士・契靈","72","康那里士","contract","契約","boss","首領","23","54","160","Y","12500","540","80","62","150","14750","621","92","175","97","75","20","7","19","5","21","23","沙城主將","邊境首領","主將軍印","以力量與攻擊代表高階指揮。","manual","0","主將破陣","首領護駕／沙城主將：以力量與攻擊代表高階指揮。 個性・主將軍印：以力量與攻擊代表高階指揮。 主將破陣與原始面板折算已反映在九維加成。"
"10037","撒旦麥爾斯・契靈","73","撒旦麥爾斯","contract","契約","boss","首領","23","55","160","Y","8600","500","113","58","200","10148","575","130","177","99","67","18","7","20","4","18","24","魔軍統帥","魔軍首領","統帥陣印","以生命與耐力維持統帥戰線。","manual","0","統帥續戰","首領護駕／魔軍統帥：以生命與耐力維持統帥戰線。 個性・統帥陣印：以生命與耐力維持統帥戰線。 統帥續戰與原始面板折算已反映在九維加成。"
"10038","撒旦・契靈","74","撒旦","contract","契約","sovereign","傳說首領","1","70","280","Y","30000","999","999","70","200","35400","1149","1149","312","142","105","32","19","26","7","40","40","魔王霸權・撒旦（74）","魔王霸權","破軍印","把加護集中於力量與正面攻勢。","generated","0","攻勢本能","傳說首領護駕／魔王霸權・撒旦（74）：魔王霸權，將極端攻防凝為壓制性的契靈加護。 個性・破軍印：把加護集中於力量與正面攻勢。 攻勢本能與原始面板折算已反映在九維加成。"
"10039","撒旦賽特・契靈","75","撒旦賽特","contract","契約","sovereign","傳說首領","23","60","280","Y","30000","750","166","92","200","35400","862","191","318","144","105","26","16","29","7","30","33","冥王咒鎧・撒旦賽特","冥王咒鎧","壓陣印","以生命與力量維持穩定壓制。","generated","0","攻勢本能","傳說首領護駕／冥王咒鎧・撒旦賽特：冥王咒鎧，以暗系術法與防線兼顧長戰。 個性・壓陣印：以生命與力量維持穩定壓制。 攻勢本能與原始面板折算已反映在九維加成。"
"10040","羯忍幻機・契靈","76","羯忍幻機","elite","菁英","boss","首領","13","52","160","Y","1800","500","162","58","100","2070","560","181","189","73","67","20","6","19","4","21","23","幻機刺客","幻機首領","幻機刺印","以力量與攻擊表現高壓刺擊。","manual","0","幻殺破陣","首領護駕／幻機刺客：以力量與攻擊表現高壓刺擊。 個性・幻機刺印：以力量與攻擊表現高壓刺擊。 幻殺破陣與原始面板折算已反映在九維加成。"
"10041","慧彥・契靈","93","慧彥","contract","契約","veteran","熟練","23","38","30","Y","500","230","130","51","180","590","265","150","55","66","38","12","5","19","2","7","12","修行護持・慧彥（93）","修行護持","壓陣印","以生命與力量維持穩定壓制。","generated","0","攻勢本能","熟練護駕／修行護持・慧彥（93）：修行者的定力，著重智慧、靈力與守勢。 個性・壓陣印：以生命與力量維持穩定壓制。 攻勢本能與原始面板折算已反映在九維加成。"
"10042","蛇・契靈","102","蛇","common","常見","common","初階","14","13","10","Y","20","25","20","20","20","22","26","21","26","28","43","7","1","13","4","1","7","蛇影游獵","蛇靈毒契","蛇影游印","以體力與敏捷保留蛇行節奏。","manual","0","蛇行迅擊","初階護駕／蛇影游獵：以體力與敏捷保留蛇行節奏。 個性・蛇影游印：以體力與敏捷保留蛇行節奏。 蛇行迅擊與原始面板折算已反映在九維加成。"
"10043","獅・契靈","103","獅","uncommon","少見","veteran","熟練","14","25","30","Y","160","123","90","45","50","176","132","96","57","32","63","8","2","14","6","3","9","獅鬃追獵","獅王獸契","獅鬃風印","以體力與敏捷強化追獵。","manual","0","獅撲先機","熟練護駕／獅鬃追獵：以體力與敏捷強化追獵。 個性・獅鬃風印：以體力與敏捷強化追獵。 獅撲先機與原始面板折算已反映在九維加成。"
"10044","虎・契靈","104","虎","uncommon","少見","veteran","熟練","14","25","30","Y","180","128","93","42","60","198","137","100","73","26","38","15","2","14","4","13","9","獵獸本能・虎","獵獸本能","破軍印","把加護集中於力量與正面攻勢。","generated","0","攻勢本能","熟練護駕／獵獸本能・虎：掠食原型，以力量、敏捷與攻擊作為核心。 個性・破軍印：把加護集中於力量與正面攻勢。 攻勢本能與原始面板折算已反映在九維加成。"
"10045","度度鳥・契靈","105","度度鳥","common","常見","common","初階","14","14","10","Y","15","20","13","21","12","16","21","14","44","10","43","7","1","13","4","1","7","度度翔巡","飛羽靈契","度度風印","以體力與敏捷維持飛行。","manual","0","翔空巡弋","初階護駕／度度翔巡：以體力與敏捷維持飛行。 個性・度度風印：以體力與敏捷維持飛行。 翔空巡弋與原始面板折算已反映在九維加成。"
"10046","野猴・契靈","106","野猴","common","常見","common","初階","14","12","10","Y","20","21","15","22","10","22","22","16","20","34","49","7","1","13","4","1","1","野猴攀襲","猿靈戰契","攀襲躍印","以體力與敏捷提升攀襲。","manual","0","攀躍游擊","初階護駕／野猴攀襲：以體力與敏捷提升攀襲。 個性・攀襲躍印：以體力與敏捷提升攀襲。 攀躍游擊與原始面板折算已反映在九維加成。"
"10047","黑金剛・契靈","107","黑金剛","common","常見","common","初階","14","16","10","Y","30","33","16","18","20","32","35","17","45","32","54","10","4","13","7","4","1","巨力鎮守・黑金剛","巨力鎮守","追風印","以速度、體力與靈力掌握先機。","generated","0","迅捷本能","初階護駕／巨力鎮守・黑金剛：巨力原型，以力量、耐力與正面壓制見長。 個性・追風印：以速度、體力與靈力掌握先機。 迅捷本能與原始面板折算已反映在九維加成。"
"10048","熊・契靈","108","熊","common","常見","common","初階","14","17","10","Y","35","35","18","20","13","38","37","19","32","22","49","7","1","13","4","1","1","熊掌奔襲","熊靈戰契","熊掌躍印","以體力與敏捷維持追擊。","manual","0","重步追擊","初階護駕／熊掌奔襲：以體力與敏捷維持追擊。 個性・熊掌躍印：以體力與敏捷維持追擊。 重步追擊與原始面板折算已反映在九維加成。"
"10049","吸血蝙蝠・契靈","109","吸血蝙蝠","common","常見","common","初階","14","8","10","Y","10","20","15","20","10","11","21","16","38","16","49","7","1","13","4","1","1","血翼夜巡","血翼靈契","血翼風印","以體力與敏捷維持夜巡。","manual","0","夜空巡獵","初階護駕／血翼夜巡：以體力與敏捷維持夜巡。 個性・血翼風印：以體力與敏捷維持夜巡。 夜空巡獵與原始面板折算已反映在九維加成。"
"10050","毒蠍子・契靈","110","毒蠍子","common","常見","common","初階","14","10","10","Y","15","21","13","20","14","16","22","14","44","10","49","7","1","13","4","1","1","蠍尾瞬刺","蠍靈毒契","蠍尾躍印","以體力與敏捷強化瞬刺。","manual","0","毒針迅擊","初階護駕／蠍尾瞬刺：以體力與敏捷強化瞬刺。 個性・蠍尾躍印：以體力與敏捷強化瞬刺。 毒針迅擊與原始面板折算已反映在九維加成。"
"10051","毒蜘蛛・契靈","111","毒蜘蛛","common","常見","common","初階","14","6","10","Y","15","22","17","21","10","16","23","18","20","34","25","13","1","7","4","1","25","蛛網伏獵","蛛靈毒契","蛛網風印","以體力與敏捷維持伏獵。","manual","0","蛛網游擊","初階護駕／蛛網伏獵：以體力與敏捷維持伏獵。 個性・蛛網風印：以體力與敏捷維持伏獵。 蛛網游擊與原始面板折算已反映在九維加成。"
"10052","隱翅蟲・契靈","112","隱翅蟲","common","常見","common","初階","14","9","10","Y","12","19","10","22","10","13","20","11","26","28","25","13","1","7","4","1","25","蟲翅掠行","蟲靈游契","蟲翅躍印","以體力與敏捷形成掠行。","manual","0","翅振游擊","初階護駕／蟲翅掠行：以體力與敏捷形成掠行。 個性・蟲翅躍印：以體力與敏捷形成掠行。 翅振游擊與原始面板折算已反映在九維加成。"
"10053","巨蛾・契靈","113","巨蛾","common","常見","common","初階","14","8","10","Y","15","23","13","23","10","16","24","14","32","22","25","13","1","7","4","1","25","蛾粉幻翼","蛾靈飛契","蛾粉風印","以體力與敏捷維持翼行。","manual","0","粉翼巡弋","初階護駕／蛾粉幻翼：以體力與敏捷維持翼行。 個性・蛾粉風印：以體力與敏捷維持翼行。 粉翼巡弋與原始面板折算已反映在九維加成。"
"10054","毒蟾蜍・契靈","114","毒蟾蜍","common","常見","common","初階","14","10","10","Y","15","19","13","16","15","16","20","14","38","16","25","13","1","7","4","1","25","蟾毒彈跳","蟾靈毒契","蟾毒躍印","以體力與敏捷加強跳襲。","manual","0","毒躍襲擾","初階護駕／蟾毒彈跳：以體力與敏捷加強跳襲。 個性・蟾毒躍印：以體力與敏捷加強跳襲。 毒躍襲擾與原始面板折算已反映在九維加成。"
"10055","巨蛙・契靈","115","巨蛙","common","常見","common","初階","14","5","10","Y","12","19","14","24","10","13","20","15","44","10","25","13","1","7","4","1","25","巨蛙躍泉","蛙靈水契","躍泉風印","以體力與敏捷保留彈跳。","manual","0","泉躍游擊","初階護駕／巨蛙躍泉：以體力與敏捷保留彈跳。 個性・躍泉風印：以體力與敏捷保留彈跳。 泉躍游擊與原始面板折算已反映在九維加成。"
"10056","水蛇・契靈","116","水蛇","common","常見","common","初階","14","9","10","Y","20","23","12","22","10","22","24","13","20","34","31","13","1","7","4","1","19","水蛇回游","水蛇靈契","回游躍印","以體力與敏捷形成水行。","manual","0","水行迅擊","初階護駕／水蛇回游：以體力與敏捷形成水行。 個性・回游躍印：以體力與敏捷形成水行。 水行迅擊與原始面板折算已反映在九維加成。"
"10057","狼・契靈","117","狼","uncommon","少見","veteran","熟練","14","23","30","Y","125","118","82","41","20","138","126","88","51","38","51","14","2","8","6","3","21","狼群追蹤","狼靈獸契","狼群風印","以體力與敏捷維持追蹤。","manual","0","群獵先機","熟練護駕／狼群追蹤：以體力與敏捷維持追蹤。 個性・狼群風印：以體力與敏捷維持追蹤。 群獵先機與原始面板折算已反映在九維加成。"
"10058","鷹・契靈","119","鷹","uncommon","少見","veteran","熟練","14","25","30","Y","170","140","73","42","48","187","150","78","57","40","34","18","2","10","8","9","21","翔空獵影・鷹","翔空獵影","獵心印","將速度轉為力量與攻擊節奏。","generated","0","攻勢本能","熟練護駕／翔空獵影・鷹：飛行原型，突出敏捷、智慧與靈力。 個性・獵心印：將速度轉為力量與攻擊節奏。 攻勢本能與原始面板折算已反映在九維加成。"
"10059","蜈蚣・契靈","120","蜈蚣","common","常見","common","初階","14","13","10","Y","35","42","28","30","15","38","44","29","38","16","31","13","1","7","4","1","19","蜈足掠地","蜈靈毒契","蜈足行印","以體力與敏捷維持地行。","manual","0","百足游擊","初階護駕／蜈足掠地：以體力與敏捷維持地行。 個性・蜈足行印：以體力與敏捷維持地行。 百足游擊與原始面板折算已反映在九維加成。"
"10060","黑蜈蚣・契靈","121","黑蜈蚣","common","常見","common","初階","14","16","10","Y","40","52","43","36","15","43","55","45","44","10","46","16","1","7","7","6","19","伏毒奇襲・黑蜈蚣","伏毒奇襲","獵心印","將速度轉為力量與攻擊節奏。","generated","0","迅捷本能","初階護駕／伏毒奇襲・黑蜈蚣：伏擊型原型，將加護轉為迅捷與體力。 個性・獵心印：將速度轉為力量與攻擊節奏。 迅捷本能與原始面板折算已反映在九維加成。"
"10061","紅耳蝙蝠・契靈","122","紅耳蝙蝠","common","常見","common","初階","14","15","10","Y","45","57","48","43","40","49","60","50","20","42","44","14","2","9","9","4","13","翔空獵影・紅耳蝙蝠","翔空獵影","掠行印","以敏捷與攻擊維持遊擊節奏。","generated","0","迅捷本能","初階護駕／翔空獵影・紅耳蝙蝠：飛行原型，突出敏捷、智慧與靈力。 個性・掠行印：以敏捷與攻擊維持遊擊節奏。 迅捷本能與原始面板折算已反映在九維加成。"
"10062","北歐狼・契靈","123","北歐狼","common","常見","common","初階","14","18","10","Y","60","77","45","38","35","65","81","47","26","28","37","13","1","7","4","1","13","北狼霜獵","霜狼獸契","霜狼躍印","以敏捷與體力強化突襲。","manual","0","霜原突襲","初階護駕／北狼霜獵：以敏捷與體力強化突襲。 個性・霜狼躍印：以敏捷與體力強化突襲。 霜原突襲與原始面板折算已反映在九維加成。"
"10063","鱷魚・契靈","168","鱷魚","rare","稀有","veteran","熟練","14","38","30","Y","350","235","110","38","70","392","256","120","63","36","36","22","2","8","5","12","15","獵獸本能・鱷魚","獵獸本能","銳鋒印","以力量、敏捷與攻擊提升破陣能力。","generated","0","攻勢本能","熟練護駕／獵獸本能・鱷魚：掠食原型，以力量、敏捷與攻擊作為核心。 個性・銳鋒印：以力量、敏捷與攻擊提升破陣能力。 攻勢本能與原始面板折算已反映在九維加成。"
"10064","大鬣蜥・契靈","169","大鬣蜥","rare","稀有","elite","菁英","14","42","90","Y","350","385","150","43","10","392","420","164","114","44","55","24","4","10","7","17","18","獵獸本能・大鬣蜥","獵獸本能","獵心印","將速度轉為力量與攻擊節奏。","generated","0","攻勢本能","菁英護駕／獵獸本能・大鬣蜥：掠食原型，以力量、敏捷與攻擊作為核心。 個性・獵心印：將速度轉為力量與攻擊節奏。 攻勢本能與原始面板折算已反映在九維加成。"
"10065","黑豹・契靈","176","黑豹","uncommon","少見","veteran","熟練","14","24","30","Y","150","122","86","47","60","165","131","92","69","20","57","14","2","8","6","3","15","黑豹夜獵","豹靈獸契","豹影躍印","以敏捷與體力維持夜獵。","manual","0","夜獵突進","熟練護駕／黑豹夜獵：以敏捷與體力維持夜獵。 個性・豹影躍印：以敏捷與體力維持夜獵。 夜獵突進與原始面板折算已反映在九維加成。"
"10066","格特輪・契靈","180","格特輪","contract","契約","elite","菁英","1","40","90","Y","2300","280","100","48","100","2714","322","115","90","70","53","21","4","11","3","12","12","格特輪戰鑄","機械戰契","格特輪槌印","以力量與攻擊表現機械打擊。","manual","0","鑄鐵強攻","菁英護駕／格特輪戰鑄：以力量與攻擊表現機械打擊。 個性・格特輪槌印：以力量與攻擊表現機械打擊。 鑄鐵強攻與原始面板折算已反映在九維加成。"
"10067","鬥戰聖佛・契靈","378","鬥戰聖佛","contract","契約","sovereign","傳說首領","1","57","280","Y","20000","630","160","66","170","23600","725","184","276","126","131","36","11","16","14","37","23","鬥戰神通・鬥戰聖佛","鬥戰神通","獵心印","將速度轉為力量與攻擊節奏。","generated","0","攻勢本能","傳說首領護駕／鬥戰神通・鬥戰聖佛：神通百變，強調出手速度與攻勢。 個性・獵心印：將速度轉為力量與攻擊節奏。 攻勢本能與原始面板折算已反映在九維加成。"
"10068","鬥戰聖佛分身・契靈","379","鬥戰聖佛分身","contract","契約","boss","首領","1","50","160","Y","8000","580","140","60","160","9440","667","161","177","89","97","32","6","13","11","28","17","鬥戰神通・鬥戰聖佛分身","鬥戰神通","銳鋒印","以力量、敏捷與攻擊提升破陣能力。","generated","0","攻勢本能","首領護駕／鬥戰神通・鬥戰聖佛分身：神通百變，強調出手速度與攻勢。 個性・銳鋒印：以力量、敏捷與攻擊提升破陣能力。 攻勢本能與原始面板折算已反映在九維加成。"
"10069","教眾長老・契靈","380","教眾長老","rare","稀有","elite","菁英","23","48","90","Y","1200","380","148","58","180","1344","414","161","108","52","53","22","4","11","3","14","12","教眾軍師","教團戰契","軍師刃印","以力量與攻擊轉化軍師壓制。","manual","0","軍陣破局","菁英護駕／教眾軍師：以力量與攻擊轉化軍師壓制。 個性・軍師刃印：以力量與攻擊轉化軍師壓制。 軍陣破局與原始面板折算已反映在九維加成。"
"10070","黃八・契靈","381","黃八","contract","契約","elite","菁英","23","45","90","Y","5800","360","158","55","180","6844","414","182","114","46","53","22","4","11","3","14","12","黃八奇襲","奇兵戰契","黃八鋒印","以力量與攻擊強化奇襲。","manual","0","奇兵破陣","菁英護駕／黃八奇襲：以力量與攻擊強化奇襲。 個性・黃八鋒印：以力量與攻擊強化奇襲。 奇兵破陣與原始面板折算已反映在九維加成。"
"10071","人屍・契靈","382","人屍","contract","契約","boss","首領","3","50","160","Y","3000","522","158","60","180","3540","600","182","165","97","87","26","6","13","5","21","11","屍潮衝鋒","屍靈首領","屍潮刃印","以力量與攻擊帶動屍潮。","manual","0","屍軍突進","首領護駕／屍潮衝鋒：以力量與攻擊帶動屍潮。 個性・屍潮刃印：以力量與攻擊帶動屍潮。 屍軍突進與原始面板折算已反映在九維加成。"
"10072","蜃樓石頭妖・契靈","383","蜃樓石頭妖","contract","契約","elite","菁英","8","45","90","Y","3500","350","150","40","40","4130","402","173","96","72","69","24","4","13","6","15","6","蜃景幻術・蜃樓石頭妖","蜃景幻術","銳鋒印","以力量、敏捷與攻擊提升破陣能力。","generated","0","攻勢本能","菁英護駕／蜃景幻術・蜃樓石頭妖：幻景惑敵，偏向靈力、智慧與迅捷。 個性・銳鋒印：以力量、敏捷與攻擊提升破陣能力。 攻勢本能與原始面板折算已反映在九維加成。"
"10073","蜃樓財寶怪・契靈","384","蜃樓財寶怪","contract","契約","elite","菁英","8","40","90","Y","2500","280","100","44","40","2950","322","115","102","55","59","19","4","12","3","9","6","財寶幻匣","寶靈幻契","寶匣靈印","以靈力與智慧支撐幻匣。","manual","0","寶匣術式","菁英護駕／財寶幻匣：以靈力與智慧支撐幻匣。 個性・寶匣靈印：以靈力與智慧支撐幻匣。 寶匣術式與原始面板折算已反映在九維加成。"
"10074","響尾蛇・契靈","385","響尾蛇","contract","契約","veteran","熟練","14","23","30","Y","135","115","64","48","20","159","132","74","63","26","69","14","2","8","6","3","3","響尾震襲","響尾毒契","響尾行印","以體力與敏捷形成震襲。","manual","0","震尾游擊","熟練護駕／響尾震襲：以體力與敏捷形成震襲。 個性・響尾行印：以體力與敏捷形成震襲。 震尾游擊與原始面板折算已反映在九維加成。"
"10075","大棕熊・契靈","386","大棕熊","uncommon","少見","veteran","熟練","14","26","30","Y","165","126","92","43","13","182","135","98","69","20","69","14","2","8","6","3","3","棕熊厚掌","熊靈獸契","厚掌獵印","以敏捷與體力維持熊掌壓迫。","manual","0","厚掌追獵","熟練護駕／棕熊厚掌：以敏捷與體力維持熊掌壓迫。 個性・厚掌獵印：以敏捷與體力維持熊掌壓迫。 厚掌追獵與原始面板折算已反映在九維加成。"
"10076","銀背金剛・契靈","387","銀背金剛","uncommon","少見","veteran","熟練","14","23","30","Y","140","126","80","40","20","154","135","86","60","48","24","29","5","2","3","12","27","巨力鎮守・銀背金剛","巨力鎮守","銳鋒印","以力量、敏捷與攻擊提升破陣能力。","generated","0","攻勢本能","熟練護駕／巨力鎮守・銀背金剛：巨力原型，以力量、耐力與正面壓制見長。 個性・銳鋒印：以力量、敏捷與攻擊提升破陣能力。 攻勢本能與原始面板折算已反映在九維加成。"
"10077","紅鬃猿・契靈","388","紅鬃猿","uncommon","少見","veteran","熟練","14","22","30","Y","105","112","80","45","10","116","120","86","51","38","45","20","2","2","6","3","27","紅猿躍擊","猿靈獸契","紅猿風印","以敏捷與體力維持躍擊。","manual","0","躍擊游獵","熟練護駕／紅猿躍擊：以敏捷與體力維持躍擊。 個性・紅猿風印：以敏捷與體力維持躍擊。 躍擊游獵與原始面板折算已反映在九維加成。"
"10078","奧斯曼・契靈","389","奧斯曼","contract","契約","veteran","熟練","23","30","30","Y","400","160","85","47","100","472","184","98","57","40","20","24","2","3","2","8","27","奧斯曼劍術","沙漠戰契","奧斯曼鋒印","以力量與攻擊表現劍術。","manual","0","劍術破陣","熟練護駕／奧斯曼劍術：以力量與攻擊表現劍術。 個性・奧斯曼鋒印：以力量與攻擊表現劍術。 劍術破陣與原始面板折算已反映在九維加成。"
"10079","沙漠綠蠍・契靈","393","沙漠綠蠍","uncommon","少見","veteran","熟練","14","25","30","Y","200","120","68","38","40","220","128","73","67","26","32","26","2","2","5","12","27","伏毒奇襲・沙漠綠蠍","伏毒奇襲","破軍印","把加護集中於力量與正面攻勢。","generated","0","攻勢本能","熟練護駕／伏毒奇襲・沙漠綠蠍：伏擊型原型，將加護轉為迅捷與體力。 個性・破軍印：把加護集中於力量與正面攻勢。 攻勢本能與原始面板折算已反映在九維加成。"
"10080","地獄妖貓・契靈","394","地獄妖貓","contract","契約","veteran","熟練","3","35","30","Y","150","138","90","53","90","177","159","103","73","39","55","20","2","6","9","3","28","幽冥魔能・地獄妖貓","幽冥魔能","追風印","以速度、體力與靈力掌握先機。","generated","0","迅捷本能","熟練護駕／幽冥魔能・地獄妖貓：幽冥原型，將加護傾向靈力與智慧。 個性・追風印：以速度、體力與靈力掌握先機。 迅捷本能與原始面板折算已反映在九維加成。"
"10081","高地骷髏妖・契靈","395","高地骷髏妖","contract","契約","veteran","熟練","3","31","30","Y","700","127","85","60","70","826","146","98","45","59","73","20","2","6","9","4","22","幽冥魔能・高地骷髏妖","幽冥魔能","疾影印","以體力與敏捷搶先行動。","generated","0","迅捷本能","熟練護駕／幽冥魔能・高地骷髏妖：幽冥原型，將加護傾向靈力與智慧。 個性・疾影印：以體力與敏捷搶先行動。 迅捷本能與原始面板折算已反映在九維加成。"
"10082","弒肉妖・契靈","396","弒肉妖","contract","契約","veteran","熟練","8","25","30","Y","480","75","62","42","50","566","86","71","51","38","51","20","2","2","6","3","21","噬肉疾獵","噬肉靈契","噬肉風印","以體力與敏捷維持疾獵。","manual","0","疾獵游擊","熟練護駕／噬肉疾獵：以體力與敏捷維持疾獵。 個性・噬肉風印：以體力與敏捷維持疾獵。 疾獵游擊與原始面板折算已反映在九維加成。"
"10083","赤尾蠍子・契靈","397","赤尾蠍子","common","常見","common","初階","14","17","10","Y","40","50","43","28","14","43","53","45","32","22","31","19","1","1","4","1","19","赤尾毒鞭","蠍靈毒契","赤尾躍印","以體力與敏捷表現毒鞭。","manual","0","毒鞭迅擊","初階護駕／赤尾毒鞭：以體力與敏捷表現毒鞭。 個性・赤尾躍印：以體力與敏捷表現毒鞭。 毒鞭迅擊與原始面板折算已反映在九維加成。"
"10084","加賽因・契靈","398","加賽因","contract","契約","veteran","熟練","9","23","30","Y","100","48","25","28","43","118","55","29","63","26","51","20","2","2","6","3","21","加賽因疾行","遊俠靈契","加賽行印","以體力與敏捷維持疾行。","manual","0","遊俠游擊","熟練護駕／加賽因疾行：以體力與敏捷維持疾行。 個性・加賽行印：以體力與敏捷維持疾行。 遊俠游擊與原始面板折算已反映在九維加成。"
"10085","修道院院長・契靈","399","修道院院長","contract","契約","veteran","熟練","23","20","30","Y","135","53","48","30","50","159","61","55","69","34","60","20","3","6","8","4","24","修行護持・修道院院長","修行護持","疾影印","以體力與敏捷搶先行動。","generated","0","迅捷本能","熟練護駕／修行護持・修道院院長：修行者的定力，著重智慧、靈力與守勢。 個性・疾影印：以體力與敏捷搶先行動。 迅捷本能與原始面板折算已反映在九維加成。"
"10086","梅羅文加軍人・契靈","400","梅羅文加軍人","common","常見","common","初階","23","3","10","Y","15","15","12","17","10","16","16","13","32","38","42","19","4","1","7","2","17","軍陣守勢・梅羅文加軍人（400）","軍陣守勢","追風印","以速度、體力與靈力掌握先機。","generated","0","迅捷本能","初階護駕／軍陣守勢・梅羅文加軍人（400）：軍陣原型，將加護投入耐力與防禦。 個性・追風印：以速度、體力與靈力掌握先機。 迅捷本能與原始面板折算已反映在九維加成。"
"10087","死靈騎士・契靈","403","死靈騎士","contract","契約","boss","首領","1","56","160","Y","3000","530","160","62","120","3540","610","184","181","106","80","32","8","11","5","20","24","幽冥魔能・死靈騎士","幽冥魔能","壓陣印","以生命與力量維持穩定壓制。","generated","0","攻勢本能","首領護駕／幽冥魔能・死靈騎士：幽冥原型，將加護傾向靈力與智慧。 個性・壓陣印：以生命與力量維持穩定壓制。 攻勢本能與原始面板折算已反映在九維加成。"
"10088","教士・契靈","407","教士","common","常見","common","初階","23","6","10","Y","24","30","20","29","30","26","32","21","32","36","44","20","3","5","5","3","16","修行護持・教士","修行護持","掠行印","以敏捷與攻擊維持遊擊節奏。","generated","0","迅捷本能","初階護駕／修行護持・教士：修行者的定力，著重智慧、靈力與守勢。 個性・掠行印：以敏捷與攻擊維持遊擊節奏。 迅捷本能與原始面板折算已反映在九維加成。"
"10089","武僧・契靈","408","武僧","common","常見","common","初階","23","8","10","Y","38","35","23","25","20","41","37","24","38","30","40","21","2","5","4","4","16","修行護持・武僧","修行護持","獵心印","將速度轉為力量與攻擊節奏。","generated","0","迅捷本能","初階護駕／修行護持・武僧：修行者的定力，著重智慧、靈力與守勢。 個性・獵心印：將速度轉為力量與攻擊節奏。 迅捷本能與原始面板折算已反映在九維加成。"
"10090","梅羅文加軍人・契靈","409","梅羅文加軍人","common","常見","common","初階","23","7","10","Y","28","34","23","32","20","30","36","24","52","10","44","20","5","1","5","4","17","軍陣守勢・梅羅文加軍人（409）","軍陣守勢","掠行印","以敏捷與攻擊維持遊擊節奏。","generated","0","迅捷本能","初階護駕／軍陣守勢・梅羅文加軍人（409）：軍陣原型，將加護投入耐力與防禦。 個性・掠行印：以敏捷與攻擊維持遊擊節奏。 迅捷本能與原始面板折算已反映在九維加成。"
"10091","威尼斯水軍・契靈","410","威尼斯水軍","common","常見","common","初階","23","15","10","Y","80","70","58","48","35","86","74","61","28","34","46","21","4","1","4","5","11","軍陣守勢・威尼斯水軍","軍陣守勢","獵心印","將速度轉為力量與攻擊節奏。","generated","0","迅捷本能","初階護駕／軍陣守勢・威尼斯水軍：軍陣原型，將加護投入耐力與防禦。 個性・獵心印：將速度轉為力量與攻擊節奏。 迅捷本能與原始面板折算已反映在九維加成。"
"10092","黑衣大食兵・契靈","411","黑衣大食兵","rare","稀有","veteran","熟練","23","35","30","Y","220","220","65","43","95","246","240","71","59","42","42","26","5","2","3","10","13","軍陣守勢・黑衣大食兵","軍陣守勢","銳鋒印","以力量、敏捷與攻擊提升破陣能力。","generated","0","攻勢本能","熟練護駕／軍陣守勢・黑衣大食兵：軍陣原型，將加護投入耐力與防禦。 個性・銳鋒印：以力量、敏捷與攻擊提升破陣能力。 攻勢本能與原始面板折算已反映在九維加成。"
"10093","白衣大食兵・契靈","412","白衣大食兵","uncommon","少見","veteran","熟練","23","32","30","Y","220","200","60","45","95","242","214","64","65","32","46","24","5","2","4","9","13","軍陣守勢・白衣大食兵","軍陣守勢","獵心印","將速度轉為力量與攻擊節奏。","generated","0","攻勢本能","熟練護駕／軍陣守勢・白衣大食兵：軍陣原型，將加護投入耐力與防禦。 個性・獵心印：將速度轉為力量與攻擊節奏。 攻勢本能與原始面板折算已反映在九維加成。"
"10094","唐軍步卒・契靈","416","唐軍步卒","uncommon","少見","veteran","熟練","10","33","30","Y","250","204","64","45","100","275","218","68","81","34","38","24","7","3","2","8","13","軍陣守勢・唐軍步卒","軍陣守勢","壓陣印","以生命與力量維持穩定壓制。","generated","0","攻勢本能","熟練護駕／軍陣守勢・唐軍步卒：軍陣原型，將加護投入耐力與防禦。 個性・壓陣印：以生命與力量維持穩定壓制。 攻勢本能與原始面板折算已反映在九維加成。"
"10095","道士・契靈","433","道士","contract","契約","elite","菁英","23","45","90","Y","680","360","158","55","180","802","414","182","114","46","53","28","4","5","3","14","12","道門劍訣","道門武契","劍訣鋒印","以力量與攻擊展現劍訣。","manual","0","劍訣強攻","菁英護駕／道門劍訣：以力量與攻擊展現劍訣。 個性・劍訣鋒印：以力量與攻擊展現劍訣。 劍訣強攻與原始面板折算已反映在九維加成。"
"10096","蔡魔王・契靈","438","蔡魔王","contract","契約","boss","首領","1","99","160","Y","10000","100","100","40","0","11800","115","115","203","111","151","24","11","10","14","11","14","魔王蓄勢・蔡魔王","魔王蓄勢","追風印","以速度、體力與靈力掌握先機。","generated","0","迅捷本能","首領護駕／魔王蓄勢・蔡魔王：魔王蓄勢，以龐大生命轉化為續戰與術法儲備。 個性・追風印：以速度、體力與靈力掌握先機。 迅捷本能與原始面板折算已反映在九維加成。"
"10097","NAME1032・契靈","2202","NAME1032","contract","契約","boss","首領","23","50","160","Y","10000","550","66","72","80","11800","633","76","181","83","87","32","7","6","5","21","11","異域戰將","異域首領","異域鋒印","以力量與攻擊代表戰將壓制。","manual","0","異域破陣","首領護駕／異域戰將：以力量與攻擊代表戰將壓制。 個性・異域鋒印：以力量與攻擊代表戰將壓制。 異域破陣與原始面板折算已反映在九維加成。"
