"item_id","name","level","area","types","roles","consumption","consumes_mp","consumes_sp","consumes_throwable","consumes_item","use_place","is_unique","discard","add_hp","add_mp","add_sp","add_atk","add_def","add_spd","add_dodge","add_str","add_stamina","add_wis","add_friend","attack_effect_id","attack_point","attribute_id","wide_range","continuous_turns","affixation_effect","relieve_effect","add_buff","resist_attribute","snatch_hp","snatch_mp","snatch_sp","escape","summon_id","summon_count","info_text","help_text"
"27","軒轅劍仙","0","2","IT_05|IT_08","1|2|3|4","400","","Y","","","1","","","0","0","0","0","0","0","0","0","0","0","0","","0","0","","0","0","0","0","0","","","","","0","0","","是中國傳說時代時，諸天善神幫助軒轅皇帝所鍛造出來的神劍，其使命是維持中國道統與智慧，有深不可測之力。到了唐朝，吸收的天地精華，足夠讓他化身成仙。"
"35","軒轅劍僮","0","2","IT_05|IT_06|IT_08","1|2|3|4","600","","Y","","","1","","","0","0","0","0","0","0","0","0","0","0","0","395","8000","6","","0","0","0","0","0","","","","","0","0","可召喚軒轅劍童幫助我方，但需消耗體力600點","由軒轅劍鞘幻化而成的仙童，好奇心很重，完全是個小孩子的心，跟軒轅劍仙成一老一少的對比。"
"47","蟹精魔機","50","2","IT_12","1|2|3|4","350","","Y","","","1","","","0","0","0","15","10","-6","0","0","0","0","0","433","0","8","","0","0","0","0","0","","","","","0","0","消費：350點體力","蒐集殘缺的機關設計圖後，請古玩店製作出的強力機關。"
"49","羯忍幻機","45","2","IT_12","1|2|3|4","300","","Y","","","1","","","0","0","0","10","5","3","0","0","0","0","0","122","0","9","","0","0","0","0","0","","","","","0","0","消費：300點體力","蒐集殘缺的機關設計圖後，請古玩店製作出的強力機關。"
"59","牛魔王","80","2","IT_06","1|2|3|4","500","","Y","","","1","","","0","0","0","20","20","10","0","0","0","0","0","141","0","1","","0","0","0","0","0","","","","","0","0","","出自西遊記，具有強大力量的魔王，友情客串演出。"
"63","姆斯比爾","50","1","IT_05|IT_06|IT_08","1|2|3|4","100","","Y","","","1","","","0","0","0","0","0","0","0","0","0","0","0","245","300","1","Y","0","0","0","0","0","","","","","0","0","產生 火系 全體攻擊性魔法 消費：100點體力","傳說在北歐一種住在火焰之地的巨人，周身包圍著火焰，非常暴躁，也從不跟人類說話，想燒盡一切眼前的事物。"
"64","藍魔神","49","1","IT_05|IT_06|IT_08","1|2|3|4","120","","Y","","","1","","","0","0","0","0","0","0","0","0","0","0","0","246","100","2","Y","0","0","0","0","0","","","","","0","0","產生 水系 全體攻擊性魔法 消費：120點體力","藍人的領導者，是一女性外觀的藍人，是所有藍人﹝男性外觀﹞的首領，她住在海中冰山，受撒旦指使去移動島尋找主角。"
"70","蜃樓王","50","2","IT_05|IT_06|IT_08","1|2|3|4","150","","Y","","","1","","","0","0","0","0","0","0","0","0","0","0","0","276","500","8","","0","0","0","0","0","","","","","0","0","產生 雷電系 單人攻擊性魔法 消費：150點體力","在沙漠出現的幻象之王，外形變化多端。會把一般的旅人拉入魔天（幻象的世界）。"
"101","黏怪","12","1","IT_12","1|2|3|4","8","","Y","","","1","","","5","0","0","0","0","0","0","1","0","0","0","1","0","9","","0","0","0","0","0","","","","","0","0","消費：8點體力","由動物靈所控制的單細胞生命體，會攻擊其他生物，用分泌出來的強酸來吞食。"
"118","吸血殭屍","18","1","IT_12","1|2|3|4","16","","Y","","","1","","","0","0","0","0","0","0","0","0","2","-3","0","4","0","9","","0","0","0","0","0","","","","","0","0","消費：16點體力","被吸血鬼吸血致死的人。如果沒被黑暗之主選上的話，只能作一沒有意識的害人軀殼。"
"124","炎靈子","44","1","IT_12","1|2|3|4","180","","Y","","","1","","","30","0","0","5","3","0","0","0","0","0","0","350","0","1","","0","0","0","0","0","","","","","0","0","消費：180點體力","一般是被召喚出現的，可以自由的控制火燄；炎靈子出現時所有的火燄便如有生命般的任意飛舞。"
"125","吸血鬼王","26","1","IT_12","1|2|3|4","27","","Y","","","1","","","0","0","0","0","0","-2","0","3","1","0","0","27","0","9","","0","0","0","0","0","","","","","0","0","消費：27點體力","眾多吸血鬼中，能力較高者。"
"126","邪靈","25","1","IT_12","1|2|3|4","20","","Y","","","1","","","-5","10","0","0","0","0","0","0","0","0","0","134","0","9","","0","0","0","0","0","","","","","0","0","消費：20點體力","常與惡靈在一起，但因怨念與邪心較重，所以也較惡靈可怕。"
"127","石骨魚","16","1","IT_12","1|2|3|4","15","","Y","","","1","","","0","0","0","0","0","1","0","0","2","0","0","1","0","9","","0","0","0","0","0","","","","","0","0","消費：15點體力","鱗片如石般堅硬，眼大如牛、鰭如火燄；專吃木頭的怪獸。"
"128","石骨飛魚","20","1","IT_12","1|2|3|4","18","","Y","","","1","","","0","0","0","0","0","2","0","0","3","0","0","134","0","9","","0","0","0","0","0","","","","","0","0","消費：18點體力","某些石骨魚妖力較高的會生出一對翅膀，所有的能力也較高。"
"129","阿加希歐","27","2","IT_12","1|2|3|4","25","","Y","","","1","","","0","20","0","0","0","0","0","0","0","3","0","5","0","9","","0","0","0","0","0","","","","","0","0","消費：25點體力","是一種與巫師定下契約的妖精，通常被封於瓶子或戒指之內，在需要時再將其呼喚出，其能力相當廣泛，從做家事到殺人皆沒問題。達成任務後便又被封回去了。"
"130","獢","24","1","IT_12","1|2|3|4","13","","Y","","","1","","","0","0","0","0","0","1","0","1","2","0","0","69","0","9","","0","0","0","0","0","","","","","0","0","消費：13點體力","梟頭、狼身、蛇尾，傳言會以恐怖怪異的叫聲震懾敵人，只能被召喚出現；傳說是地獄的魔獸。"
"131","吸血鬼","22","1","IT_12","1|2|3","14","","Y","","","1","","","0","0","0","0","0","0","0","1","2","1","0","27","0","9","","0","0","0","0","0","","","","","0","0","消費：14點體力","當人死前與撒旦定下契約，死後身體不會腐敗但須定時的吸食人血補充精力。"
"132","侏儒","15","1","IT_12","1|2|3|4","11","","Y","","","1","","","3","5","2","0","0","0","0","2","0","0","0","34","0","9","","0","0","0","0","0","","","","","0","0","消費：11點體力","長年在地底下的小人，非常喜好黃金的類人獸。會說人類的語言；很喜歡唱歌力量也很大，一種奇特的種族。"
"133","亞格瑞斯","26","1","IT_12","1|2|3|4","28","","Y","","","1","","","0","0","0","0","0","-3","0","5","2","0","0","41","0","9","","0","0","0","0","0","","","","","0","0","消費：28點體力","原本是神界的力天使，但是受到惡魔的蠱惑製造了大地震，傷害了許多無辜人民因而被逐至陰間。"
"134","半人馬","26","1","IT_12","1|2|3|4","30","","Y","","","1","","","5","10","5","0","0","0","0","0","0","3","0","40","0","9","","0","0","0","0","0","","","","","0","0","消費：30點體力","原本是天界的神，醫術、藝術、音樂等都非常的卓越；某山的守護神，後因被親近的人陷害下毒，在僥倖存活下來後就變成了半人半馬的聖獸了。"
"135","美杜莎","24","1","IT_12","1|2|3","28","","Y","","","1","","","3","10","-5","0","0","3","0","0","0","0","0","135","0","9","","0","0","0","0","0","","","","","0","0","消費：28點體力","高哥三女妖的其中一位，半人半蛇的女妖眼泛青光，被她看見的生物馬上會變成石頭。"
"136","格萊艾","24","1","IT_12","1|2|3|4","26","","Y","","","1","","","-10","20","0","0","0","0","0","0","0","3","0","137","0","9","","0","0","0","0","0","","","","","0","0","消費：26點體力","居住在長年不見天日的山洞中；三人一體的女妖共用一隻眼和一張嘴，卻是能知過去未來的女妖。"
"137","凱貝羅斯","28","1","IT_12","1|2|3|4","30","","Y","","","1","","","0","0","0","0","0","3","0","0","1","1","0","4","0","9","","0","0","0","0","0","","","","","0","0","消費：30點體力","生有三個狗頭一條蛇尾，身上又長著昂首的蛇；是陰府看守犯人的地獄犬。"
"138","寒蛙","24","2","IT_12","1|2|3|4","30","","Y","","","1","","","0","0","0","0","0","2","0","1","2","-5","0","133","0","9","","0","0","0","0","0","","","","","0","0","消費：30點體力","在海中生長但是卻吃陸地的生物，尤其是貓、狗、鼠類的動物；能飛行獵食，當他遇上危險時，能發出使人致命的叫聲。"
"139","瓶女","28","1","IT_12","1|2|3|4","35","","Y","","","1","","","20","3","-15","0","0","0","0","0","0","0","0","98","0","9","","0","0","0","0","0","","","","","0","0","消費：35點體力","化身成貌美的女人在村鎮誘惑男人；在與男人交歡時將其精氣全數吸盡。其實她是暴風神的妻子，喜歡吸收精氣增加自己的法力。"
"140","妖貓","23","2","IT_12","1|2|3","33","","Y","","","1","","","0","5","0","0","-5","3","0","0","0","0","0","90","0","9","","0","0","0","0","0","","","","","0","0","消費：33點體力","當一些惡靈附身在其它死去的軀殼上時，就會產生一些變化；被長期的附身後全身成綠色且站立行走模樣甚是可怕。"
"141","牛頭魚","27","2","IT_12","1|2|3|4","40","","Y","","","1","","","0","0","0","0","0","-2","0","5","3","0","0","131","0","9","","0","0","0","0","0","","","","","0","0","消費：40點體力","傳說在古代亞歷山大東征時，在印度遇到的牛頭怪魚，頭有三隻角嘴能隨意變換大小，軍隊目睹此怪吞食大象，還被吃去26人。也有人在歐洲發現過這種怪物。"
"142","雪球怪","22","1","IT_12","1|2|3|4","32","","Y","","","1","","","-5","0","0","0","0","2","0","2","-2","2","0","107","0","9","","0","0","0","0","0","","","","","0","0","消費：32點體力","外型圓巧可愛，生長在雪地的小精靈。不知為了什麼，牠會把一切看的到的生物都凍結起來，大概是為了增加夥伴吧？"
"143","溫蒂妮","27","1","IT_12","1|2|3|4","45","","Y","","","1","","","0","0","0","0","0","0","0","3","-2","5","3","100","0","2","","0","0","0","0","0","","","","","0","0","消費：45點體力","棲息在河川泉水的精靈，會以人類女性的姿態出現﹔傳說她也會與凡人相戀、結婚生子，但若她再回到原來棲息的河川，就會還原成水。"
"144","竹妖","40","2","IT_12","1|2|3|4","120","","Y","","","1","","","0","0","0","0","5","3","0","0","0","20","0","287","0","9","","0","0","0","0","0","","","","","0","0","消費：120點體力","一般民間對於竹子林的神秘感都有著許多傳說；常年的陰森詭異便流傳著一種附身在竹子上面攻擊生物的妖怪。"
"145","魍魎","44","2","IT_12","1|2|3|4","145","","Y","","","1","","","0","0","0","5","1","-2","0","0","0","0","0","3","0","9","","0","0","0","0","0","","","","","0","0","消費：145點體力","瑞項有三子死後皆為疫鬼，其一為魍魎鬼，棲息於山川水木，好食死人肝臟，時常散佈疾病。"
"146","妖陀螺鬼","42","2","IT_12","1|2|3|4","160","","Y","","","1","","","100","50","0","3","0","0","0","0","0","0","0","291","0","9","","0","0","0","0","0","","","","","0","0","消費：160點體力","原本是天神們的法寶，後來逃下凡間興風作浪。"
"147","水仙","39","2","IT_12","1|2|3|4","90","","Y","","","1","","","50","30","40","0","0","0","0","0","0","0","0","253","0","9","","0","0","0","0","0","","","","","0","0","消費：90點體力","身懷正氣之人被迫投江水後，有些能夠化身成仙，在凡間保佑善良的人。"
"148","七仙女","47","2","IT_12","1|2|3|4","220","","Y","","","1","","","0","0","0","-5","12","2","0","0","0","0","0","349","0","6","","0","0","0","0","0","","","","","0","0","消費：220點體力","玉帝有七位女兒，其中最小的曾私自下凡與凡間的男子董永結為夫婦，後被天將神兵抓回天庭。"
"149","九天玄女","58","2","IT_12","1|2|3|4","280","","Y","","","1","","","0","0","0","10","10","3","0","0","0","5","0","399","0","9","","0","0","0","0","0","","","","","0","0","消費：280點體力","玄女乃是道家眾弟子為其封的尊稱；傳說原為天庭的玄鳥，被天帝派下凡間生下商朝的始祖─契，之後被後人供奉為神，道家更尊稱為“九天玄女娘娘”。"
"150","嫦娥","49","2","IT_12","1|2|3|4","260","","Y","","","1","","","50","50","50","2","2","4","0","0","0","0","0","358","0","2","","0","0","0","0","0","","","","","0","0","消費：260點體力","后羿之妻，后羿因射日、除妖有功得西王母賜予不死藥兩粒，後因后羿得國土變得暴虐無道，嫦娥怕后羿得長生則百姓生活堪憂故竊食之；但食一則長生、食二則成仙，故奔月成仙。"
"151","瓊霜","36","1","IT_12","1|2|3|4","100","","Y","","","1","","","0","0","0","0","0","0","0","5","10","3","0","194","0","2","","0","0","0","0","0","","","","","0","0","消費：100點體力","敘利亞附近的古城，相傳有一石玉在霜降之時會不斷的湧出冰水，隨即出現一位長髮女孩；如果能在女孩消失之前得到她的一根頭髮，便能一生都幸福。"
"152","瑪特女神","45","1","IT_12","1|2|3|4","185","","Y","","","1","","","0","0","0","0","5","4","0","0","0","10","0","","0","0","","0","0","0","0","0","","","","","0","0","消費：185點體力","掌管真理、正義和裁判之神；張開翅膀、頭頂圓盤雙手拿著羽毛參加亡靈的審判。"
"153","瓦雀","31","1","IT_12","1|2|3|4","50","","Y","","","1","","","0","10","0","0","0","0","0","0","0","5","0","120","0","6","","0","0","0","0","0","","","","","0","0","消費：50點體力","下埃及蜂之國法老們的守護女神。"
"154","上元夫人","42","2","IT_12","1|2|3|4","90","","Y","","","1","","","0","0","0","0","0","0","0","-5","10","12","0","260","0","9","","0","0","0","0","0","","","","","0","0","消費：90點體力","貌約二十，身穿青霜之袍，細長的頭髮纏繞全身，是統領十方玉女的天神。"
"155","蠶女","41","2","IT_12","1|2|3|4","175","","Y","","","1","","","0","45","0","0","5","0","0","0","0","4","0","307","0","9","","0","0","0","0","0","","","","","0","0","消費：175點體力","在古蜀國境內成都城城郊的嘔絲之野，有一隻身披馬皮、馬頭形狀的蠶，能憑空變出蠶絲織衣，因為又是嘔絲之野的第一隻蠶所以也稱為蠶神。"
"156","女夷","43","2","IT_12","1|2|3|4","180","","Y","","","1","","","0","70","25","0","2","0","0","0","0","0","0","386","0","3","","0","0","0","0","0","","","","","0","0","消費：180點體力","當她擊鼓唱歌時，百谷禽鳥草木皆長，主春夏萬物生長之神也稱花神。"
"157","女夷22","43","2","IT_12","1|2|3|4","180","","Y","","","1","","","0","70","25","0","2","0","0","0","0","0","0","386","0","3","","0","0","0","0","0","","","","","0","0","","當她擊鼓唱歌時，百谷禽鳥草木皆長，主春夏萬物生長之神也稱花神。"
"158","娥皇","50","2","IT_12","1|2|3|4","240","","Y","","","1","","","0","0","0","8","-3","2","0","0","0","0","0","153","0","9","","0","0","0","0","0","","","","","0","0","消費：240點體力","堯帝的兩位女兒之一，堯為了考驗舜，將兩位女兒嫁予舜。後來舜駕崩於鄉湘江附近的九疑山。娥皇、女英聞之便至湘江哭祭，遂投江自盡。後人憐之便建廟祭祀；遂有湘君、湘夫人之稱。"
"159","女英","46","2","IT_12","1|2|3|4","190","","Y","","","1","","","0","0","0","-3","8","1","0","0","0","0","0","387","0","2","","0","0","0","0","0","","","","","0","0","消費：190點體力","堯帝的兩位女兒之一，堯為了考驗舜，將兩位女兒嫁予舜。後來舜駕崩於鄉湘江附近的九疑山。娥皇、女英聞之便至湘江哭祭，遂投江自盡。後人憐之便建廟祭祀；遂有湘君、湘夫人之稱。"
"160","席娜","34","1","IT_12","1|2|3|4","70","","Y","","","1","","","20","0","40","0","0","0","0","0","0","3","0","120","0","6","","0","0","0","0","0","","","","","0","0","消費：70點體力","傳說是瓦雀的妹妹，但卻一值沒有被承認大概是因入了魔道的原因吧。"
"161","亞坦","34","2","IT_12","1|2|3|4","52","","Y","","","1","","","-10","0","0","0","0","0","0","4","0","10","0","122","0","9","","0","0","0","0","0","","","","","0","0","消費：52點體力","拜火教的火之精靈，是在拜火教中所有的天使和精靈中能力最強的，但是地位卻不是最高的；除了能自由操控火燄外，也可以不用降雨就能召喚雷電攻擊敵人。"
"162","蝠妖","28","2","IT_12","1|2|3|4","38","","Y","","","1","","","0","-10","0","0","0","0","0","0","4","0","5","138","0","9","","0","0","0","0","0","","","","","0","0","消費：38點體力","棲息在大樹上，樣子很醜陋會依照別人對待牠的態度不同，而有所不同的回應，不過通常牠回應的都是惡作劇。"
"163","朱蛤獸","33","2","IT_12","1|2|3|4","45","","Y","","","1","","","0","0","15","0","0","0","0","-3","6","0","0","132","0","9","","0","0","0","0","0","","","","","0","0","消費：45點體力","在巴格達北方一深不見底的黑暗深淵中爬出來的蛤蟆；蛙身、蛇尾全身怪異的火紅色。"
"164","神燈巨人","30","2","IT_12","1|2|3|4","60","","Y","","","1","","","-15","-15","-15","0","0","-3","0","3","3","3","3","119","0","9","","0","0","0","0","0","","","","","0","0","消費：60點體力","藏匿於一古油燈內，經由有緣人摩擦燈腹後就會現身完成各種精靈能力範圍內的願望。"
"165","色烈芬","52","1","IT_12","1|2|3|4","215","","Y","","","1","","","60","60","60","1","1","1","0","0","0","0","0","","0","0","","0","0","0","0","0","","","","","0","0","消費：215點體力","有六對翅膀，兩對蓋住臉、兩對蓋住腳、兩對用來飛翔；在翅膀下的真實面貌據說是天真無邪的兒童面孔。"
"166","藍人","26","1","IT_12","1|2|3|4","35","","Y","","","1","","","0","0","0","0","0","0","0","0","2","15","3","97","10","2","","0","0","0","0","0","","","","","0","0","消費：35點體力","希臘傳說的海中怪物，看見人類船隻時會化整為零，包圍船隻，然後開始用歌聲唱出謎語，人們要是猜輸了，就會被擊沈。還會控制沉船，藉以驚嚇過往的船隻，是墮天使的一種。"
"167","戰死屍鬼","43","2","IT_12","1|2|3|4","188","","Y","","","1","","","0","0","0","8","3","-2","0","0","0","0","0","122","0","9","","0","0","0","0","0","","","","","0","0","消費：188點體力","對於戰勝的意念太過於執著，導致死後也到處尋找敵人。"
"170","殭屍","14","1","IT_12","1|2|3|4","10","","Y","","","1","","","2","0","3","0","0","-2","0","0","0","0","0","1","0","9","","0","0","0","0","0","","","","","0","0","消費：10點體力","由黑魔法請惡魔操控的人屍，目的是為了讓敵人產生恐懼心，但實力並不強。"
"171","幽靈","13","1","IT_12","1|2|3|4","11","","Y","","","1","","","0","10","0","0","0","2","0","0","0","0","0","133","0","9","","0","0","0","0","0","","","","","0","0","消費：11點體力","人死後會化成靈體或至天堂或至地獄。而留戀人間不肯離去者；就成了幽靈。"
"172","阿普洛迪","52","1","IT_12","1|2|3|4","260","","Y","","","1","","","0","80","0","0","0","3","0","0","0","10","0","111","0","9","","0","0","0","0","0","","","","","0","0","消費：260點體力","即維納斯女神，傳說是加亞給克羅諾斯一把大鐮刀把父親的陽具給切了下來後，掉落在海裡所孕化而出的神。"
"173","阿拔東","42","1","IT_12","1|2|3|4","105","","Y","","","1","","","0","0","45","0","6","0","0","0","0","15","0","254","10","7","","0","0","0","0","0","","","","","0","0","消費：105點體力","全身覆蓋著鱗片、蠍尾、蝠翼，是負責管理地獄深淵的墮天使；傳言在末世的時後會帶領著戴金色皇冠的煌蟲，使世界受苦五個月。"
"174","阿高司","32","1","IT_12","1|2|3|4","75","","Y","","","1","","","20","0","15","0","0","0","0","10","0","0","0","4","0","9","","0","0","0","0","0","","","","","0","0","消費：75點體力","宙斯妻子希拉的隨身護獸，俱有百隻眼睛的神獸；幫希拉監視人間一切事物，後來被哈姆斯所殺；希拉就把百隻眼移植到她的愛鳥---孔雀的尾巴上。"
"175","炎顱","36","2","IT_12","1|2|3|4","45","","Y","","","1","","","0","0","0","0","0","0","0","3","5","-5","0","4","0","9","","0","0","0","0","0","","","","","0","0","消費：45點體力","居住在山中每次一睡就是半年，每半年醒一日但那一日內卻無人能敵；因醒來極度飢餓所以吃了一百頭家畜五百人後就又消失於山中了。"
"177","火蠑螈","27","2","IT_12","1|2|3|4","32","","Y","","","1","","","15","-5","5","0","0","0","0","0","0","0","0","136","0","9","","0","0","0","0","0","","","","","0","0","消費：32點體力","皮膚鮮明奇特如著火一般使其他的生物不敢靠近；在遭受襲擊時又會分秘毒液使敵人麻痺。"
"178","神龍","56","2","IT_12","1|2|3|4","320","","Y","","","1","","","0","0","0","8","8","6","0","0","0","0","0","406","0","6","","0","0","0","0","0","","","","","0","0","消費：320點體力","神龍是民間的傳說的神獸，是中國血統的來源，被當成中國人的祖先。"
"179","鳳凰","58","2","IT_12","1|2|3|4","350","","Y","","","1","","","300","100","0","8","0","0","0","0","0","0","0","400","0","1","","0","0","0","0","0","","","","","0","0","消費：350點體力","丹穴山上有一奇鳥形似雞五色斑爛，名叫鳳凰。全身印有德、順、義、仁四字，是代表天下太平的聖獸。"
"181","庫塔","36","2","IT_12","1|2|3|4","75","","Y","","","1","","","0","0","0","0","0","-5","0","5","5","5","0","119","0","9","","0","0","0","0","0","","","","","0","0","消費：75點體力","有著虛幻的形體，與強大的法力，喜愛看見人間處處有戰火；每當他出現時就表示又要有戰事了。"
"184","食屍鬼","39","2","IT_12","1|2|3|4","120","","Y","","","1","","","-50","0","0","4","0","3","0","0","0","0","0","313","0","7","","0","0","0","0","0","","","","","0","0","消費：120點體力","極少數的鬼魂會出現在剛去世之人的家中，吸取人體殘存的精氣。"
"185","山鬼","35","2","IT_12","1|2|3|4","70","","Y","","","1","","","0","0","0","6","2","-3","0","0","0","0","0","3","0","9","","0","0","0","0","0","","","","","0","0","消費：70點體力","一些旅行各地的人常因某些原因而葬身山中，在沒人發現的情況下就成了孤魂野鬼出不了此山。"
"186","黑無常","49","2","IT_12","1|2|3|4","240","","Y","","","1","","","-60","0","0","7","6","2","0","0","0","0","0","410","0","7","","0","0","0","0","0","","","","","0","0","消費：240點體力","無常，是民間迷信所謂人死時，閻王派去勾攝生魂的「勾魂鬼」，有黑無常、白無常兩位勾魂使者。"
"189","食人花","28","1","IT_12","1|2|3|4","28","","Y","","","1","","","0","0","0","1","5","-3","0","0","0","0","0","117","0","5","","1","1","0","0","0","","","","","0","0","消費：28點體力","開著美麗的花朵引誘生物靠近，在將其吞食能吐出特殊黏液將敵人痲痺。"
"191","樂仙女","45","2","IT_12","1|2|3|4","200","","Y","","","1","","","300","100","-80","0","0","0","0","0","0","0","0","349","0","6","","0","0","0","0","0","","","","","0","0","消費：200點體力","傳播美妙的音樂到天上人間每個地方；人們始終相信音樂能夠平息一切紛爭。"
"194","白無常","53","2","IT_12","1|2|3|4","250","","Y","","","1","","","-20","80","0","0","2","3","0","0","0","0","0","322","0","9","","0","0","0","0","0","","","","","0","0","消費：250點體力","無常，是民間迷信所謂人死時，閻王派去勾攝生魂的「勾魂鬼」，有黑無常、白無常兩位勾魂使者。"
"197","耆戈","38","1","IT_12","1|2|3|4","88","","Y","","","1","","","60","30","50","0","0","0","0","0","0","0","0","122","0","9","","0","0","0","0","0","","","","","0","0","消費：88點體力","原為天界之神，專司人間善惡懲戒的司法神；當人類犯錯事時它會降下雷電懲罰人類，但因一次的過失則遭降至人間體驗人世。"
"198","太白金星","54","2","IT_12","1|2|3|4","300","","Y","","","1","","","0","0","0","15","-6","1","0","0","0","20","0","402","0","8","","0","0","0","0","0","","","","","0","0","消費：300點體力","老態龍鐘、仁厚善良，身背一角天書是玉皇大帝的欽派特使。"
"199","天將","51","2","IT_12","1|2|3|4","270","","Y","","","1","","","0","-50","0","8","3","0","0","0","0","0","0","404","0","9","","0","0","0","0","0","","","","","0","0","消費：270點體力","天庭中的區管長，維持秩序的神。"
"206","惡靈","21","1","IT_12","1|2|3|4","15","","Y","","","1","","","0","-5","3","0","0","0","0","0","2","0","0","1","0","9","","0","0","0","0","0","","","","","0","0","消費：15點體力","被人陷害而死的鬼魂，有極大的怨念所以產生了一般鬼魂所沒有的念力。"
"208","水鬼","17","1","IT_12","1|2|3|4","14","","Y","","","1","","","0","0","10","0","0","1","0","1","0","0","2","1","0","9","","0","0","0","0","0","","","","","0","0","消費：14點體力","軀殼被困在水底下只好每天找人幫助以讓身軀能入土為安。"
"213","龍王","54","2","IT_12","1|2|3|4","310","","Y","","","1","","","10","-2","2","0","0","0","0","0","0","0","0","406","0","6","","0","0","0","0","0","","","","","0","0","消費：310點體力","眾神獸的首領，全身金色光芒包覆著有著不可思議的治療能力。"
"214","黑龍","52","2","IT_12","1|2|3|4","290","","Y","","","1","","","0","0","0","7","7","5","1","0","0","0","0","406","0","6","","0","0","0","0","0","","","","","0","0","消費：290點體力","天庭內有呼喚風雨能力的聖龍，曾被海龍王要求幫助擊殺挪吒。"
"221","枯屍鬼","27","2","IT_12","1|2|3|4","40","","Y","","","1","","","0","0","0","0","0","0","0","0","5","-3","0","4","0","9","","0","0","0","0","0","","","","","0","0","消費：40點體力","古埃及中將人的軀殼保存的密法，在施行之後人體的水份將完全被抽乾；進而守衛墓地。"
"222","枯屍鬼王","31","2","IT_12","1|2|3|4","48","","Y","","","1","","","10","0","5","0","0","-2","0","0","0","0","0","135","0","9","","0","0","0","0","0","","","","","0","0","消費：48點體力","古埃及中將人的軀殼保存的密法，在施行之後人體的水份將完全被抽乾；進而守衛墓地，其中有些較強的護衛都會成為眾枯屍的首領。"
"223","石獅精","48","2","IT_12","1|2|3|4","260","","Y","","","1","","","0","0","0","6","6","4","0","0","0","-10","0","133","0","9","","0","0","0","0","0","","","","","0","0","消費：260點體力","原為廟寺前的守護靈獸像，但某些石像因受到仙靈的薰陶與日月的精華；遂能幻化為精。"
"226","獨角獸","44","1","IT_12","1|2|3|4","175","","Y","","","1","","","3","0","0","0","5","3","0","0","0","0","0","1","0","9","","0","0","0","0","0","","","","","0","0","消費：175點體力","擁有神奇的治癒能力，非常喜愛音樂只要有音樂的地方就會看見獨角獸；不少人千方百計的要捕捉牠把神奇的角取下。"
"238","尼梅亞獅","44","1","IT_12","1|2|3|4","160","","Y","","","1","","","0","0","0","10","4","-5","0","0","0","0","0","322","0","9","","0","0","0","0","0","","","","","0","0","消費：160點體力","尼梅亞森林內的大怪獸，外形像獅子但是比一般的獅子大兩倍；會吐火焰經常吃食人類，後被海克力斯所殺。"
"253","雪芙","39","1","IT_12","1|2|3|4","180","","Y","","","1","","","35","0","50","3","0","0","0","0","0","0","0","345","0","9","","0","0","0","0","0","","","","","0","0","消費：180點體力","一種棲息在冰中的仙靈，以人類女性的姿態出現，能自由自在的乘風飛翔。"
"254","肯塔羅斯","38","1","IT_12","1|2|3|4","140","","Y","","","1","","","0","0","0","12","-6","0","0","0","0","8","0","40","0","9","","0","0","0","0","0","","","","","0","0","消費：140點體力","希臘傳說的怪物，上身為人下身為馬的半人獸；個性粗暴好色。"
"255","尼凱","59","1","IT_12","1|2|3|4","360","","Y","","","1","","","0","0","0","12","8","6","0","0","0","0","0","40","0","9","","0","0","0","0","0","","","","","0","0","消費：360點體力","即是勝利女神，在天界時被宙斯或雅典那撐在手上；隨時的姿態都是展翅欲飛的樣子，在出征前如果看到她此戰就穩操勝算的。"
"267","冥府獄卒","45","2","IT_12","1|2|3|4","150","","Y","","","1","","","0","0","0","8","3","-3","0","0","0","0","0","3","0","9","","0","0","0","0","0","","","","","0","0","消費：150點體力","專門巡視躲藏各地尚未至冥府報到的鬼魂，所有遊離鬼魂的剋星。"
"269","冤魂","39","2","IT_12","1|2|3|4","130","","Y","","","1","","","0","0","0","-4","6","3","0","0","0","0","0","314","0","7","","0","0","0","0","0","","","","","0","0","消費：130點體力","世界各地都有許多因冤獄而死的人，如果沒有得到妥善的超渡就會成了厲鬼到處害人。"
"271","吊死鬼","41","2","IT_12","1|2|3|4","138","","Y","","","1","","","50","0","0","2","2","-3","0","0","0","0","0","313","0","7","","0","0","0","0","0","","","","","0","0","消費：138點體力","常在子時出現，全身雪白的衣服披頭散髮；舌頭吐的極長模樣怪嚇人的。"
"272","餓死鬼","37","2","IT_12","1|2|3|4","130","","Y","","","1","","","-50","20","0","0","0","2","0","0","0","0","0","295","0","7","","0","0","0","0","0","","","","","0","0","消費：130點體力","在國家動蕩不安天災人禍頻繁之時，就會有一群的民眾士兵餓死；出現時最好給它食物否則難保它會作出什麼事。"
"273","瘟鬼","43","2","IT_12","1|2|3|4","168","","Y","","","1","","","0","0","0","6","3","1","0","0","0","0","0","314","0","7","","0","0","0","0","0","","","","","0","0","消費：168點體力","因瘟疫而死的人，不滿自己的死法所以變成瘟鬼散播病毒。"
"274","夜叉","42","2","IT_12","1|2|3|4","100","","Y","","","1","","","0","0","0","0","0","-3","0","10","-2","0","0","258","0","9","","0","0","0","0","0","","","","","0","0","消費：100點體力","面貌奇醜無比有，專門吃食鬼魂叫聲犀利悽慘讓人聽之喪膽。"
"277","雪女","45","2","IT_12","1|2|3|4","188","","Y","","","1","","","-30","0","0","5","3","1","0","0","0","0","0","122","0","9","","0","0","0","0","0","","","","","0","0","消費：188點體力","受山神管轄只在一些雪地出現，不過卻經常趁山神不注意時跑出去各鄉村城鎮，與人類玩在一起。"
"281","天宮仙女","43","2","IT_12","1|2|3|4","190","","Y","","","1","","","0","0","0","5","4","-4","0","0","0","0","0","358","0","2","","0","0","0","0","0","","","","","0","0","消費：190點體力","天庭中地位較高的神都會有一宮庭，而就如人間宮庭內的婢女一樣的。"
"316","妖燈鬼","46","2","IT_12","1|2|3|4","190","","Y","","","1","","","0","0","0","-4","4","4","0","0","0","0","0","350","0","1","","0","0","0","0","0","","","","","0","0","消費：190點體力","是一種藏於民家的魔怪，身形似燈所以人們較不易發覺；妖燈在趁機襲擊。"
"317","迷魂霧妖","45","2","IT_12","1|2|3|4","193","","Y","","","1","","","0","-40","0","0","2","4","0","0","0","0","0","41","0","9","","0","0","0","0","0","","","","","0","0","消費：193點體力","原是仙人的丹爐的法器，經五百年後有了自身的意識，不過卻不幸偏離了正道而遭打落凡間。"
"368","鬥戰聖佛","65","2","IT_12","1|2|3|4","380","","Y","","","1","","","0","0","0","5","20","2","0","0","0","-20","0","122","0","9","","0","0","0","0","0","","","","","0","0","消費：380點體力","孫悟空護送唐三藏到西天取經回來後，回歸天庭，封為鬥戰聖佛。"
"377","死靈騎士","50","1","IT_12","1|2|3|4","205","","Y","","","1","","","0","0","0","10","-5","3","0","0","0","0","0","","0","0","","0","0","0","0","0","","","","","0","0","消費：205點體力","遽聞是在某皇家內的一般的騎士團團長，身穿一身黑色的鎧甲擁有高超的騎術與鎗術。"
"378","鬥戰聖佛","57","2","IT_06","","0","","","","","1","","","0","0","0","0","0","0","0","0","0","0","0","122","0","9","","0","0","0","0","0","","","","","0","0","","孫悟空護送唐三藏到西天取經回來後，回歸天庭，封為鬥戰聖佛。"
"379","鬥戰聖佛分身","50","2","","","0","","","","","1","","","0","0","0","0","0","0","0","0","0","0","0","122","0","9","","0","0","0","0","0","","","","","0","0","","孫悟空護送唐三藏到西天取經回來後，回歸天庭，封為鬥戰聖佛。"
"390","鬼爵","34","1","IT_12","1|2|3|4","64","","Y","","","1","","","25","0","0","5","0","-3","0","0","0","0","0","153","0","9","","0","0","0","0","0","","","","","0","0","消費：64點體力","來自地獄邪惡的使者，外型與吸血鬼類似，但是在魔界中的地位與力量卻遠遠超過吸血鬼。"
"391","魚身人面妖","30","1","IT_12","1|2|3|4","53","","Y","","","1","","","0","0","0","2","2","2","0","0","0","0","0","137","0","9","","0","0","0","0","0","","","","","0","0","消費：53點體力","傳說中一種奇特的生物，能於路地上行動也能悠遊於水中；喜愛集體行動。"
"392","閻惡靈","29","1","IT_12","1|2|3|4","58","","Y","","","1","","","-15","-10","-5","1","6","2","0","0","0","0","0","133","0","9","","0","0","0","0","0","","","","","0","0","消費：58點體力","由數個怨靈組成的強大怨念體，這也造成此念體的強大力量；除非是得道高僧否則很難渡化這些怨念的。"
"564","飛斧","15","1","IT_05","1|2|3|4","0","","","","","1","","","0","0","0","0","0","0","0","0","0","0","0","82","25","9","","0","0","0","0","0","","","","","0","0","用於戰鬥中投射敵人，造成傷害。","古羅馬帝國中一部族所用的投射兵器；飛翔速度極快，攻擊距離約15公尺左右不過準度卻不怎麼好控制。"
"565","飛去來器","26","1","IT_05","1|2|3|4","0","","","","","1","","","0","0","0","0","0","0","0","0","0","0","0","83","50","9","","0","0","0","0","0","","","","","0","0","用於戰鬥中投射敵人，造成傷害。","古時人民作為狩獵用，類似東方的回力標，只有在特殊狀況下人們才會當戰鬥用；熟練的人使用可以說是一種用不完的飛鏢。"
"566","流雲針","35","1","IT_05","1|2|3|4","0","","","","","1","","","0","0","0","0","0","0","0","0","0","0","0","84","100","9","","0","0","0","0","0","","","","","0","0","用於戰鬥中投射敵人，造成傷害。","外型細小的雪白的小針，由於顏色的關係所以白天命中的機率會比夜晚來的高。"
"567","輪刃","40","2","IT_05","1|2|3|4","0","","","","","1","","","0","0","0","0","0","0","0","0","0","0","0","191","180","9","","0","0","0","0","0","","","","","0","0","用於戰鬥中投射敵人，造成傷害。","像輪子內成一米字外圍有利刃的小型暗器；這種暗器對於目標小的點可以準確的命中。"
"568","翔羽葉","45","2","IT_05","1|2|3|4","0","","","","","1","","","0","0","0","0","0","0","0","0","0","0","0","248","250","9","","0","0","0","0","0","","","","","0","0","用於戰鬥中投射敵人，造成傷害。","取一奇樹的葉子加以修飾，並作為可方便收藏的暗器。"
"569","旋流刺","50","2","IT_05","1|2|3|4","0","","","","","1","","","0","0","0","0","0","0","0","0","0","0","0","249","350","9","","0","0","0","0","0","","","","","0","0","用於戰鬥中投射敵人，造成傷害。","如一旋渦般的形狀，在其周圍附上利刃；再運用使用者強大的力量，功力高的人可以穿透三吋的鐵板。"
"570","飛蝗石","52","2","IT_05","1|2|3|4","0","","","","","1","","","0","0","0","0","0","0","0","0","0","0","0","298","450","9","","0","0","0","0","0","","","","","0","0","用於戰鬥中投射敵人，造成傷害。","精選過的小石子，再經過加工後便成為頗有殺傷力的暗器了。"
"571","日月乾坤圈","60","2","IT_05","1|2|3|4","0","","","","","1","","","0","0","0","0","0","0","0","0","0","0","0","353","850","9","","0","0","0","0","0","","","","","0","0","用於戰鬥中投射敵人，造成傷害。","一直徑約30公分的鋼圈，並在外圍作一似槍的尖銳利器；有大小鋼圈同時在一起可增加使用時的便利性。"
"572","飛爪","55","2","IT_05","1|2|3|4","0","","","","","1","","","0","0","0","0","0","0","0","0","0","0","0","309","700","9","","0","0","0","0","0","","","","","0","0","用於戰鬥中投射敵人，造成傷害。","依動物爪子的形體所製造的，而且還加上繩子增加攻擊距離與準確度。"
"574","柳葉飛刀","53","2","IT_05","1|2|3|4","0","","","","","1","","","0","0","0","0","0","0","0","0","0","0","0","308","550","9","","0","0","0","0","0","","","","","0","0","用於戰鬥中投射敵人，造成傷害。","顧名思義就像是柳葉一般的小刀，是最普通但攻擊力也最直接的暗器。"
"576","五雷神機","70","2","IT_05","1|2|3|4","0","","","","","1","","","0","0","0","0","0","0","0","0","0","0","0","396","1000","9","","0","0","0","0","0","","","","","0","0","用於戰鬥中射擊敵人，造成傷害。","一種相當奇妙的武器，發明者以不可考了；而且整個大唐可能就這麼一隻了。"
"621","藥草","14","0","IT_13","1|2|3|4","0","","","","Y","4","","","50","0","0","0","0","0","0","0","0","0","0","15","0","0","","0","0","0","0","0","","","","","0","0","回復單人 生命 50點","一般雜貨商店均有售的療傷藥。"
"622","結纍葡萄","16","0","IT_13","1|2|3|4","0","","","","","4","","","100","0","0","0","0","0","0","0","0","0","0","15","0","0","","0","0","0","0","0","","","","","0","0","回復單人 生命 100點","極少數的葡萄會在結果後完全密集在一起，而且很小顆可以一口就吃下去。"
"623","聖石榴","37","1","IT_13","1|2|3|4","0","","","","","4","","","30","0","0","0","0","0","0","0","0","0","0","15","0","0","","0","0","0","0","0","","","","","0","0","回復單人 生命 30％","受過神父祈福洗禮的石榴。"
"624","無酵餅","15","1","IT_13","1|2|3|4","0","","","","","4","","","0","0","60","0","0","0","0","0","0","0","0","15","0","0","","0","0","0","0","0","","","","","0","0","回復單人 體力 60點","耶穌與他的門生在最後晚餐的食物。"
"625","回復劑","17","1","IT_13","1|2|3|4","0","","","","","4","","","200","0","0","0","0","0","0","0","0","0","0","15","0","0","","0","0","0","0","0","","","","","0","0","回復單人 生命 200點","一般平民能買到最好的恢復劑。"
"626","十果粉","23","1","IT_13","1|2|3|4","0","","","","","4","","","0","0","120","0","0","0","0","0","0","0","0","15","0","0","","0","0","0","0","0","","","","","0","0","回復單人 體力 120點","經由十種精良的糧果所製成。"
"627","魔貝粉","24","1","IT_13","1|2|3|4","0","","","","","4","","","300","0","0","0","0","0","0","0","0","0","0","15","0","0","","0","0","0","0","0","","","","","0","0","回復單人 生命 300點","採自深海的特殊貝殼研磨成粉，再加上數種藥草製成的高級療傷藥。"
"628","金創藥","44","2","IT_13","1|2|3|4","0","","","","","4","","","1000","0","0","0","0","0","0","0","0","0","0","15","0","0","","0","0","0","0","0","","","","","0","0","回復單人 生命 1000點","常被一些江湖人士隨身攜帶的療傷藥，有非常好的止血與療傷的效果。"
"629","精華藥水","38","1","IT_13","1|2|3|4","0","","","","","4","","","100","0","50","0","0","0","0","0","0","0","0","15","0","0","","0","0","0","0","0","","","","","0","0","回復單人 生命 100點和 體力 50點","高級藥草的粹煉液。"
"630","嘉果","45","2","IT_13","1|2|3|4","0","","","","","4","","","50","0","50","0","0","0","0","0","0","0","0","15","0","0","","0","0","0","0","0","","","","","0","0","回復單人 生命和體力 50％","火紅色的野果，有神奇的療效；不易取得。"
"631","鹿茸膏","48","2","IT_13","1|2|3|4","0","","","","","4","","","3000","0","0","0","0","0","0","0","0","0","0","15","0","0","","0","0","0","0","0","","","","","0","0","回復單人 生命 3000點","中藥材的極品，採集百年壽鹿的鹿角再加上數種補身的藥材配制而成。"
"632","蟠桃","34","2","IT_13","1|2|3|4","0","","","","","4","","","100","0","0","0","0","0","0","0","0","0","0","21","0","0","Y","0","0","0","0","0","","","","","0","0","回復全體 生命 100％","天上聖母娘娘的庭園所種植的桃果，當有盛大宴會時會將其摘下以宴客。"
"633","千年何首烏","28","2","IT_13","1|2|3|4","0","","","","","4","","","50","0","0","0","0","0","0","0","0","0","0","21","0","0","Y","0","0","0","0","0","","","","","0","0","回復全體 生命 50％","與人蔘並列兩大補品，只有多年採藥經驗的人才能找的到。"
"634","千年蔘心丹","29","2","IT_13","1|2|3|4","0","","","","","4","","","100","0","0","0","0","0","0","0","0","0","0","15","0","0","","0","0","0","0","0","","","","","0","0","回復單人 生命 100％","將上等的千年蔘王取其精華煉製成極貴的藥品。"
"635","麒麟竭","33","2","IT_13","1|2|3|4","0","","","","","4","","","0","0","100","0","0","0","0","0","0","0","0","15","0","0","","0","0","0","0","0","","","","","0","0","回復單人 體力 100％","麒麟在精氣完結之時所留的血竭丹。"
"636","魔法葉","18","1","IT_13","1|2|3|4","0","","","","","4","","","0","50","0","0","0","0","0","0","0","0","0","15","0","0","","0","0","0","0","0","","","","","0","0","回復單人 靈力 50點","妖精居住之樹的葉子，。"
"637","魔晶粉","25","1","IT_13","1|2|3|4","0","","","","","4","","","0","60","0","0","0","0","0","0","0","0","0","21","0","0","Y","0","0","0","0","0","","","","","0","0","回復全體 靈力 60點","將吸收天地靈氣的晶石研磨成粉。"
"638","魔力水","39","1","IT_13","1|2|3|4","0","","","","","4","","","0","150","0","0","0","0","0","0","0","0","0","15","0","0","","0","0","0","0","0","","","","","0","0","回復單人 靈力 150點","搜集各種魔草煉製數月而製成的藥水。"
"639","還靈丹","46","2","IT_13","1|2|3|4","0","","","","","4","","","0","350","0","0","0","0","0","0","0","0","0","15","0","0","","0","0","0","0","0","","","","","0","0","回復單人 靈力 350點","提煉數種提神醒腦的藥材而作成的藥丹。"
"640","靈神天藥","25","2","IT_13","1|2|3|4","0","","","","","4","","","0","600","0","0","0","0","0","0","0","0","0","15","0","0","","0","0","0","0","0","","","","","0","0","回復單人 靈力 600點","道行高深的陰陽師將煉製的仙丹靈藥注入奇特法力而成的奇藥。"
"641","仙爐灰","30","2","IT_13","1|2|3|4","0","","","","","4","","","0","50","0","0","0","0","0","0","0","0","0","21","0","0","Y","0","0","0","0","0","","","","","0","0","回復全體 靈力 50％","太白金星的煉丹爐所留下的爐灰。"
"642","仙魄香","32","2","IT_13","1|2|3|4","0","","","","","4","","","0","100","0","0","0","0","0","0","0","0","0","21","0","0","Y","0","0","0","0","0","","","","","0","0","回復全體 靈力 100％","天庭用來凝神定心的神香。"
"643","天山雪蓮","31","2","IT_13","1|2|3|4","0","","","","","4","","","0","100","0","0","0","0","0","0","0","0","0","15","0","0","","0","0","0","0","0","","","","","0","0","回復單人 靈力 100％","天山上的奇花，百年才生一株。"
"644","還魄丹","15","0","IT_01|IT_13","1|2|3|4","0","","","","","4","","","200","0","0","0","0","0","0","0","0","0","0","20","0","0","","0","0","32768","0","0","","","","","0","0","解除瀕死狀態，並回復生命 200點","特製的神奇靈藥，用了數十種奇特的草藥練製成藥丹；將死之人吃了它也會生龍活虎。"
"645","輪迴盤","28","2","IT_01|IT_13","1|2|3|4","0","","","","","4","","","60","0","0","0","0","0","0","0","0","0","0","20","0","0","","0","0","32768","0","0","","","","","0","0","解除瀕死狀態，並回復生命 60％","佛教的聖器，據說有讓人超脫生死的能力。"
"646","仙蓮子","48","2","IT_01|IT_13","1|2|3|4","0","","","","","4","","","100","100","100","0","0","0","0","0","0","0","0","20","0","0","","0","0","32768","0","0","","","","","0","0","解除瀕死狀態，並回復生命、體力、靈力100％","道家的神丹，煉化需耗時七七四十九個月方成此仙丹。"
"647","解毒草","19","0","IT_01","1|2|3|4","0","","","","","1","","","0","0","0","0","0","0","0","0","0","0","0","16","0","10","","0","0","4096","0","0","","","","","0","0","解除單人 中毒 狀態","出外旅行必備的草藥。"
"648","解病萬靈丹","26","2","IT_01","1|2|3|4","0","","","","","1","","","0","0","0","0","0","0","0","0","0","0","0","299","0","11","","0","0","4233","0","0","","","","","0","0","解除單人 中毒、麻痺、昏睡 等狀態","中國名醫淳于意的配藥，用來解除一些疑難雜症相當的好用。"
"649","解僵針","20","0","IT_01","1|2|3|4","0","","","","","1","","","0","0","0","0","0","0","0","0","0","0","0","104","0","11","","0","0","3","0","0","","","","","0","0","解除單人 痲痺、定身 狀態","在神奇的小針上沾著一種特殊的藥材，刺入生物身上時能活躍此生物的身體機能。"
"650","柴胡乾葛草","47","2","IT_13","1|2|3|4","0","","","","","4","","","0","0","300","0","0","0","0","0","0","0","0","15","0","0","","0","0","0","0","0","","","","","0","0","回復單人 體力 300點","華陀精心研製的活筋藥草。"
"651","溶石藥劑","27","1","IT_01","1|2|3|4","0","","","","","1","","","0","0","0","0","0","0","0","0","0","0","0","47","0","11","","0","0","4","0","0","","","","","0","0","解除單人 石化 狀態","人民用來開山挖地的神奇藥水。"
"652","五色石南葉","18","2","IT_01","1|2|3|4","0","","","","","4","","","0","0","800","0","0","0","0","0","0","0","0","15","0","0","","0","0","0","0","0","","","","","0","0","回復單人 體力 800點","世上罕見的珍貴藥材，不需煉製即可食用。"
"653","還神果","21","0","IT_01","1|2|3|4","0","","","","","1","","","0","0","0","0","0","0","0","0","0","0","0","48","0","11","","0","0","8","0","0","","","","","0","0","解除單人 昏睡 狀態","提神醒腦的果實。"
"654","茴香水","28","2","IT_01","1|2|3|4","0","","","","","1","","","0","0","0","0","0","0","0","0","0","0","0","293","0","11","Y","0","0","8","0","0","","","","","0","0","解除全體 昏睡 狀態","會散發出清心的異香味。"
"655","定心丸","22","0","IT_01","1|2|3|4","0","","","","","1","","","0","0","0","0","0","0","0","0","0","0","0","66","0","11","","0","0","64","0","0","","","","","0","0","解除單人 瘋狂、驚嚇 狀態","息心寧神的藥丸。"
"656","安神定志丸","17","2","IT_01","1|2|3|4","0","","","","","1","","","0","0","0","0","0","0","0","0","0","0","0","327","0","11","Y","0","0","64","0","0","","","","","0","0","解除全體 瘋狂、驚嚇 狀態","用多種安神的中藥製成。"
"657","聖言石","26","1","IT_01","1|2|3|4","0","","","","","1","","","0","0","0","0","0","0","0","0","0","0","0","247","0","11","","0","0","16","0","0","","","","","0","0","解除單人 封魔 狀態","基督教中受過洗禮與祝福的小石子。"
"658","破元仙露","21","2","IT_01","1|2|3|4","0","","","","","1","","","0","0","0","0","0","0","0","0","0","0","0","328","0","11","Y","0","0","16","0","0","","","","","0","0","解除全體 封魔 狀態","天池神木的晨露，當每日清晨時所採集的第一滴露水才能有奇特的功效。"
"659","明目水","29","0","IT_01","1|2|3|4","0","","","","","1","","","0","0","0","0","0","0","0","0","0","0","0","67","0","11","","0","0","128","0","0","","","","","0","0","解除單人 盲目 狀態","平民用來治眼疾的藥水，能醒目亮睛。"
"660","決明子散","16","2","IT_01","1|2|3|4","0","","","","","1","","","0","0","0","0","0","0","0","0","0","0","0","329","0","11","Y","0","0","128","0","0","","","","","0","0","解除全體 盲目 狀態","用石決明加數十種醒目藥材製成。"
"661","七葉蓮","19","2","IT_01","1|2|3|4","0","","","","","4","","","0","0","0","0","0","0","0","0","0","0","0","310","0","11","","0","0","256","0","0","","","","","0","0","解除單人 寄生 狀態","一種七片葉子圍繞著一朵紅色的奇花，它會散發出奇特的香味使邪氣無法侵入。"
"662","河車丸","20","2","IT_01","1|2|3|4","0","","","","","1","","","0","0","0","0","0","0","0","0","0","0","0","311","0","11","","0","0","512","0","0","","","","","0","0","解除單人 退化 狀態","用紫河車為主藥再加上四大補藥製成。"
"663","地脈血泉","26","2","IT_01","1|2|3|4","0","","","","","1","","","0","0","0","0","0","0","0","0","0","0","0","22","0","11","","0","0","5119","0","0","","","","","0","0","解除單人所有狀態","是從火山地區取出的百年結晶，經過提煉則會變成一紅色藥丸。"
"700","真實之鏡","0","0","IT_04","1|2|3|4","0","","","","","1","","","0","0","0","0","0","0","0","0","0","0","0","","0","0","","0","0","0","0","0","","","","","0","0","顯示3回合的敵人屬性資料","在這仙鏡的照耀之下沒有任何妖魔能躲藏的。"
"701","天仙酒","22","2","IT_03","1|2|3|4","0","","","","","1","","","0","0","0","0","0","0","0","0","0","0","0","70","0","1","","5","0","0","2147483648.0","0","","","","","0","0","增加5回合 30％ 的攻擊力","天庭在設宴時，會特別拿出的仙酒；據說有增進道行的奇效。"
"702","金元五體丹","23","2","IT_03","1|2|3|4","0","","","","","1","","","0","0","0","0","0","0","0","0","0","0","0","330","0","10","","5","0","0","536870912","0","","","","","0","0","增加5回合 30％ 的防禦力","能暫時讓筋、脈、肌、皮、骨五體強韌化的靈藥。"
"703","靈樞玉液","24","2","IT_03","1|2|3|4","0","","","","","1","","","0","0","0","0","0","0","0","0","0","0","0","331","0","10","","10","0","0","536870912","0","","","","","0","0","增加10回合 30％ 的防禦力","能瞬時將魂、神、意、魄、志提昇的妙藥。"
"704","風神符","30","2","IT_03","1|2|3|4","0","","","","","1","","","0","0","0","0","0","0","0","0","0","0","0","143","0","3","","5","0","0","1073741824","0","","","","","0","0","增加5回合 30％ 的敏捷力","此符能暫時請風神施法助人禦風而行。"
"707","遁影浮沙","32","2","IT_03","1|2|3|4","0","","","","","1","","","0","0","0","0","0","0","0","0","0","0","0","280","0","6","Y","0","0","0","0","0","","","","Y","0","0","迅速脫離戰場","會讓人瞬間變成一無事處的沙，如影遁逃而去。"
"708","羅漢袈裟","34","2","IT_03","1|2|3|4","0","","","","","1","","","0","0","0","0","0","0","0","0","0","0","0","266","0","10","","5","0","0","0","9","","","","","0","0","降低一半 敵方 物理性攻擊 5回合","降龍尊者的護駕寶衣。"
"709","紫玉冰晶","36","2","IT_03","1|2|3|4","0","","","","","1","","","0","0","0","0","0","0","0","0","0","0","0","267","0","10","","5","0","0","0","1","","","","","0","0","降低一半 敵方 火系攻擊力 5回合","天山雪神的法寶之一。"
"710","炎陽靈珠","38","2","IT_03","1|2|3|4","0","","","","","1","","","0","0","0","0","0","0","0","0","0","0","0","268","0","10","","5","0","0","0","2","","","","","0","0","降低一半 敵方 水系攻擊力 5回合","火神祝融製作的神珠。"
"711","白皙葫蘆","40","2","IT_03","1|2|3|4","0","","","","","1","","","0","0","0","0","0","0","0","0","0","0","0","269","0","10","","5","0","0","0","5","","","","","0","0","降低一半 敵方 毒系攻擊力 5回合","仙人的法寶會將毒氣吸入葫內。"
"712","羅剎食日鈸","42","2","IT_03","1|2|3|4","0","","","","","1","","","0","0","0","0","0","0","0","0","0","0","0","270","0","10","","5","0","0","0","6","","","","","0","0","降低一半 敵方 光系攻擊力 5回合","邪惡的樂器，每敲擊一次天地的光芒就消失一點。"
"713","三教霞光鏡","44","2","IT_03","1|2|3|4","0","","","","","1","","","0","0","0","0","0","0","0","0","0","0","0","271","0","10","","5","0","0","0","7","","","","","0","0","降低一半 敵方 暗系攻擊力 5回合","搜集儒、道、釋三教的法力製成的法鏡。"
"714","九龍神火罩","46","2","IT_03","1|2|3|4","0","","","","","1","","","0","0","0","0","0","0","0","0","0","0","0","272","0","10","","5","0","0","16777216","0","","","","","0","0","增加5回合 30％ 火系的攻擊力","太乙真人收服石磯娘娘的法寶。"
"715","雲生碧燄巾","48","2","IT_03","1|2|3|4","0","","","","","1","","","0","0","0","0","0","0","0","0","0","0","0","273","0","10","","5","0","0","8388608","0","","","","","0","0","增加5回合 30％ 水系的攻擊力","仙女的彩巾，全巾透出奇異的寒氣。"
"716","天雷聚陽鼎","50","2","IT_03","1|2|3|4","0","","","","","1","","","0","0","0","0","0","0","0","0","0","0","0","274","0","10","","5","0","0","4194304","0","","","","","0","0","增加5回合 30％ 光系的攻擊力","南天門外的仙鼎，充滿著浩天正氣。"
"717","暗黑修羅砧","50","2","IT_03","1|2|3|4","0","","","","","1","","","0","0","0","0","0","0","0","0","0","0","0","275","0","10","","5","0","0","2097152","0","","","","","0","0","增加5回合 30％ 暗系的攻擊力","閻修羅的砧板，可幫助邪魔的修練速度。"
"718","龍舌蘭","30","0","IT_05","1|2|3|4","0","","","","","1","","","0","0","0","0","0","0","0","0","0","0","0","10","7","5","","3","4096","0","0","0","","","","","0","0","產生中毒的效用","野生植物的粹取物。"
"719","博落迴之根","31","0","IT_05","1|2|3|4","0","","","","","1","","","0","0","0","0","0","0","0","0","0","0","0","49","0","7","","3","1","0","0","0","","","","","0","0","產生痲痺的效用","野生植物的粹取物。"
"720","囚燕草","32","0","IT_05","1|2|3|4","0","","","","","1","","","0","0","0","0","0","0","0","0","0","0","0","50","0","7","","3","2","0","0","0","","","","","0","0","產生定身的效用","野生植物的粹取物。"
"721","海檬果","40","0","IT_05","1|2|3|4","0","","","","","1","","","0","0","0","0","0","0","0","0","0","0","0","51","0","7","","1000","4","0","0","0","","","","","0","0","產生石化的效用","野生植物的粹取物。"
"722","山蛇莓","33","0","IT_05","1|2|3|4","0","","","","","1","","","0","0","0","0","0","0","0","0","0","0","0","52","0","7","","3","8","0","0","0","","","","","0","0","產生昏睡的效用","野生植物的粹取物。"
"723","龍骨木","41","0","IT_05","1|2|3|4","0","","","","","1","","","0","0","0","0","0","0","0","0","0","0","0","53","0","7","","3","16","0","0","0","","","","","0","0","產生封魔的效用","野生植物的粹取物。"
"724","相思芽苞","42","0","IT_05","1|2|3|4","0","","","","","1","","","0","0","0","0","0","0","0","0","0","0","0","54","0","7","","3","32","0","0","0","","","","","0","0","產生瘋狂的效用","野生植物的粹取物。"
"725","紫藤葉","34","0","IT_05","1|2|3|4","0","","","","","1","","","0","0","0","0","0","0","0","0","0","0","0","55","0","7","","3","64","0","0","0","","","","","0","0","產生驚嚇的效用","野生植物的粹取物。"
"726","延胡索之花","35","0","IT_05","1|2|3|4","0","","","","","1","","","0","0","0","0","0","0","0","0","0","0","0","56","0","7","","3","128","0","0","0","","","","","0","0","產生盲目的效用","野生植物的粹取物。"
"727","大葉合歡散","36","0","IT_05","1|2|3|4","0","","","","","1","","","0","0","0","0","0","0","0","0","0","0","0","57","0","7","","3","512","0","0","0","","","","","0","0","產生退化的效用","野生植物的粹取物。"
"728","菟絲魔子","43","0","IT_05","1|2|3|4","0","","","","","1","","","0","0","0","0","0","0","0","0","0","0","0","58","0","7","","3","256","0","0","0","","","","","0","0","產生寄生的效用","野生植物的粹取物。"
"755","貓腦醬","0","0","","1|2|3|4","0","","","","","1","","","0","0","0","0","0","0","0","0","0","0","0","","0","0","","0","0","0","0","0","","","","","0","0","","不明物質發酵製成的液體，倒出來會變成黏怪。"
"756","紅花蘿蔔","0","0","IT_01|IT_13","","0","","","","","4","","","0","0","0","0","0","0","0","0","0","0","0","","0","0","","0","0","0","0","0","","","","","0","0","","紅花木劍所生，食用後可回復生命力，還有解毒的效果。"
"757","神光終端機","0","0","","","0","","","","","1","","","0","0","0","0","0","0","0","0","0","0","0","","0","0","","0","0","0","0","0","","","","","0","0","","呼叫人造衛星使用雷射武器攻擊。"
"758","大補帖","0","0","","1|2|3|4","0","","","","","1","","","0","0","0","0","0","0","0","0","0","0","0","","0","0","","0","0","0","0","0","","","","","0","0","","唯一可以殺死某些人物的物品，地攤賣一片十元。"
"759","阿貓阿狗","0","0","","","0","","","","","1","","","0","0","0","0","0","0","0","0","0","0","0","","0","0","","0","0","0","0","0","","","","","0","0","","戰鬥中使用可以召換樂樂與真夢出場。"
"760","軒轅劍貳","0","0","","","0","","","","","1","","","0","0","0","0","0","0","0","0","0","0","0","","0","0","","0","0","0","0","0","","","","","0","0","","戰鬥中使用可以召換何然與江如紅。"
"761","軒轅劍外傳","0","0","","","0","","","","","1","","","0","0","0","0","0","0","0","0","0","0","0","","0","0","","0","0","0","0","0","","","","","0","0","","戰鬥中使用可以召換輔子轍與紋錦。"
"762","大米娃娃","0","0","IT_05|IT_06|IT_08","1|2|3|4","150","","Y","","","1","","","0","0","0","0","0","0","0","0","0","0","0","458","3000","5","","0","0","0","0","0","","","","","0","0","產生 毒系 單人攻擊性魔法 消費：150點體力","阿貓阿狗內的人物之一，可以依角色的能力不同幫助我方。"
"768","空白符紙","0","0","IT_28","","0","","","","","1","","","0","0","0","0","0","0","0","0","0","0","0","","0","0","","0","0","0","0","0","","","","","0","0","練符法寶專用的符紙，能將敵人的奇術收入符內。","從東方傳出的神奇紙張，據說只要在上面寫上特定的字，就能藉由符紙發出法術。"
"794","紅酒","10","2","IT_03","1|2|3|4","15","","Y","","","1","","","0","0","0","5","0","-2","0","0","0","0","0","15","0","0","","0","0","0","0","0","","","","","0","0","能引發出潛在力量，但同時也失去敏銳的警覺。","大馬士革特有的紅酒，喝了之後有增加蠻力的效果，不過對別人的攻擊確很難躲過。"
"801","樂樂娃娃","0","0","IT_05|IT_06|IT_08","1|2|3|4","200","","Y","","","1","","","0","0","0","0","0","0","0","0","0","0","0","459","5000","9","","0","0","0","0","0","","","","","0","0","產生 物系 單人攻擊   消費：200點體力","阿貓阿狗內的人物之一，可以依角色的能力不同幫助我方。"
"802","貓王娃娃","0","0","IT_05|IT_06|IT_08","1|2|3|4","150","","Y","","","1","","","0","0","0","0","0","0","0","0","0","0","0","460","4000","9","","0","0","0","0","0","","","","","0","0","產生 物系 單人攻擊   消費：150點體力","阿貓阿狗內的人物之一，可以依角色的能力不同幫助我方。"
"804","真夢娃娃","0","0","IT_06|IT_08|IT_13","1|2|3|4","300","","Y","","","1","","","4000","0","0","0","0","0","0","0","0","0","0","461","0","6","Y","5","0","0","536870912","0","","","","","0","0","產生 光系 全體生命回復 消費：300點體力","阿貓阿狗內的人物之一，可以依角色的能力不同幫助我方。"
"805","紅珊瑚娃娃","0","0","IT_05|IT_06|IT_08","1|2|3|4","150","","Y","","","1","","","0","0","0","0","0","0","0","0","0","0","0","462","2500","3","Y","0","0","0","0","0","","","","","0","0","產生 風系 全體攻擊性魔法 消費：150點體力","阿貓阿狗內的人物之一，可以依角色的能力不同幫助我方。"
"834","軒轅劍","0","2","IT_05|IT_06|IT_08","1","400","","Y","","","1","","","0","0","0","0","0","0","0","0","0","0","0","394","3000","6","Y","0","0","0","0","0","","","","","0","0","可召喚軒轅劍仙幫助我方，但需消耗體力400點","千年的古劍，傳說是黃帝擊敗蚩尤所用的劍；內蘊藏著用不完的力量，經過日月的交替已經幻化成斬妖除魔的神劍。"
"835","DOMO神打功","0","0","IT_05|IT_06|IT_08","1|2|3|4","1","Y","","","","1","","","0","0","0","0","0","0","0","0","0","0","0","469","9999","10","","0","0","0","0","0","","","","","0","0","可召喚DOMO小組攻擊敵方，但需消耗靈力1點","神秘的武器，一經使用則地動天驚；無所不摧的強力神器。"
"928","神醫銀針","0","2","IT_07|IT_08|IT_10","","0","","","","","4","","Y","0","0","0","0","0","0","0","0","0","0","0","","0","0","","0","0","0","0","0","","","","","0","0","","天界仙人將歷代以來神醫的醫術全灌輸進一銀針內，待有緣人得此神針以濟世。"
"929","地炎玉","32","1","IT_07|IT_08|IT_10","1|2|3|4","0","","","","","1","","","0","0","0","0","0","0","0","0","0","0","0","","0","0","","0","0","0","0","0","","","","","0","0","抵抗火系法術 60％","來自遠古地底的火龍身上，一個外型獨特的怪玉，平時觸摸它時和一般的玉沒有兩樣；但是如果在火海時它確能夠將烈火隔離三尺之外。"
"930","靈虛扇","40","2","IT_07|IT_08|IT_10","1|2|3|4","50","","Y","","","1","","","0","0","0","0","0","0","0","0","0","0","0","","0","0","","0","0","0","0","0","","","","","0","0","淨化所有傷害狀態但除了瀕死無法解除","傳說為漢鐘離的寶物之一，它一搧病、二搧災、再搧驅邪魔；有了此法寶只要人還有一口氣在就能藉此法寶讓人回復正常狀態。"
"931","薩登荊環","41","2","IT_07|IT_08|IT_10","1|2|3|4","0","","","","","1","","","0","0","0","0","0","0","0","0","0","0","0","","0","0","","0","0","0","0","0","","","","","0","0","修練完成可將原攻擊力提高五成","希臘神話中的巨人，有著無與論比的強大力量；他的荊環也承襲了神奇的力量。"
"932","武聖手鐲","42","2","IT_07|IT_08|IT_10","1|2|3|4","10","","Y","","","1","","","0","0","0","0","0","0","0","0","0","0","0","","0","0","","0","0","0","0","0","","","","","0","0","戰鬥中可使用連擊指令，並耗損10點體力","歐洲一位傳奇性的人物，據說當他穿上盔甲衝向敵陣，其勢可擋百人；而遺留下的手鐲有著神秘的能源。"
"933","硃砂神筆","28","2","IT_07|IT_08|IT_10","1|2|3|4","20","","Y","","","1","","","0","0","0","0","0","0","0","0","0","0","0","","0","0","","0","0","0","0","0","","","","","0","0","戰鬥中可把敵人技能抄寫到空白符紙","傳說是張天師用來畫符用的奇筆，經過長久的歲月，它不只可以用來畫符；據說只要是用它畫出的東西都會變成真的。"
"934","吸血鬼指環","43","2","IT_07|IT_08|IT_10","1|2|3|4","0","","","","","1","","","0","0","0","0","0","0","0","0","0","0","0","","0","0","","0","0","0","0","0","","","","","0","0","攻擊敵人時可連帶吸取敵方的生命，納為己用","原本戴在一位千年吸血公爵身上，具有移轉生命力的神秘力量，後來據說被恐懼之王所奪去；但詳細的下落就沒人知道。"
"935","朱雀火羽","36","0","IT_07|IT_08|IT_10","1|2|3|4","0","","","","","1","","","0","0","0","0","0","0","0","0","0","0","0","","0","0","","0","0","0","0","0","","","","","0","0","抵抗火系法術 100％","天界聖獸─朱雀身上的毛羽，它能隔離三界之火使持有者不受其害，仙人將其製為隨身法寶；由於羽毛本身就遺留著聖獸的法力所以幾乎不用消耗掉仙人的道行。"
"936","水靈珠","31","0","IT_07|IT_08|IT_10","1|2|3|4","0","","","","","1","","","0","0","0","0","0","0","0","0","0","0","0","","0","0","","0","0","0","0","0","","","","","0","0","抵抗水系法術 60％","一顆小小的水藍珠子，其周圍不斷散發出怪異陰冷的寒氣；不過當你將它戴在身上時卻感覺不到寒冷，而且還會幫你抵檔不少外來的寒氣。"
"937","神偷面具","29","0","IT_07|IT_08|IT_10","1|2|3|4","15","","Y","","","1","","","0","0","0","0","0","0","0","0","0","0","0","","0","0","","0","0","0","0","0","","","","","0","0","戰鬥中可使用偷竊指令，並耗損15點體力","在中東地區傳說有一神偷名叫約克，他總是戴著一個怪異的面具到處偷竊；而且從沒有人能抓住他，不過據聞自從他進入一古墓後就沒在出現過了。"
"938","鼠槌","58","0","IT_07|IT_08|IT_10","1|2|3|4","50","","Y","","","1","","","0","0","0","0","0","0","0","0","0","0","0","","0","0","","0","0","0","0","0","","","","","0","0","戰鬥中可使用鼠槌指令，並耗損50點體力","莫名其妙的東西，使用之後會很神奇的再敵人上方出現一隻槌子；並開始槌打(敲擊空白鍵、Enter鍵或滑鼠右鍵)敵人而且不管敵人多強都能使其受傷。"
"939","星君眼","52","0","IT_07|IT_10","1|2|3|4","0","","","","","1","","","0","0","0","0","0","0","0","0","0","0","0","","0","0","","0","0","0","0","0","","","","","0","0","修練完成可將原攻擊力提高五成","因平亂許多妖魔而有所功績，被道教封為北斗星君；後又因收伏了龜、蛇二妖遂被加封為玄武大帝，其“星君眼”則是其法器之一。"
"940","姜公膽","53","0","IT_07|IT_10","1|2|3|4","20","","Y","","","1","","","0","0","0","0","0","0","0","0","0","0","0","","0","0","","0","0","0","0","0","","","","","0","0","戰鬥中可使用連擊指令，並耗損20點體力","傳說是用三國時期名將姜維的膽，製作而成的奇特寶物；能將凡人的速度與反應提高一倍。"
"941","夜叉肩帶","44","0","IT_07|IT_08|IT_10","1|2|3|4","0","","","","","1","","","0","0","0","0","0","0","0","0","0","0","0","","0","0","","0","0","0","0","0","","","","","0","0","戰鬥中使用冥想指令，以回復 靈力","原為夜叉神的寶帶，當凝神時此寶帶能將佩帶者的精力慢慢的補充回來。"
"942","武神魂玉","54","0","IT_07|IT_10","2","80","","Y","","","1","","Y","0","0","0","0","0","0","0","0","0","0","0","","0","0","","0","0","0","0","0","","","","","0","0","戰鬥中可使用群攻指令，並耗損80點體力","奇特的寶玉，傳說其中蘊含關公的魂魄，具有不可思異的力量。"
"943","乾坤袋","30","0","IT_07|IT_10","1|2|3|4","30","","Y","","","1","","","0","0","0","0","0","0","0","0","0","0","0","","0","0","","0","0","0","0","0","","","","","0","0","戰鬥中可使用偷竊指令，並耗損30點體力","原為民間傳說的義盜─空空兒與精精兒的袋子；後此袋不知流落何處，如有此袋要取人財物簡直如探曩取物。"
"944","青龍水珠","35","0","IT_07|IT_08|IT_10","1|2|3|4","0","","","","","1","","","0","0","0","0","0","0","0","0","0","0","0","","0","0","","0","0","0","0","0","","","","","0","0","抵抗敵方水系法術 100％","天界守護東方的神獸─青龍，此神獸常抓握於爪上的神奇仙珠；遽聞能避水象之氣。"
"945","白虎風牙","33","0","IT_07|IT_08|IT_10","1|2|3|4","0","","","","","1","","","0","0","0","0","0","0","0","0","0","0","0","","0","0","","0","0","0","0","0","","","","","0","0","抵抗敵方風系法術 80％","天界守護西方的神獸─白虎，此神獸的力牙具有神奇之力，能控制八方氣流。"
"946","玄武土器","34","0","IT_07|IT_08|IT_10","1|2|3|4","0","","","","","1","","","0","0","0","0","0","0","0","0","0","0","0","","0","0","","0","0","0","0","0","","","","","0","0","抵抗敵方土系法術 80％","一位道行高深的仙人取其神獸─玄武的龜甲，製成的一特殊法器；可以號令無生命的塵土。"
"947","雷公鎚","37","0","IT_07|IT_08|IT_10","1|2|3|4","0","","","","","1","","","0","0","0","0","0","0","0","0","0","0","0","","0","0","","0","0","0","0","0","","","","","0","0","抵抗敵方雷電系法術 80％","天界雷公的法器，一經敲擊則能控制威力強橫無匹的天雷；如此的能耐對一般的雷電，當然能輕易的控制。"
"948","神光寶塔","38","0","IT_07|IT_08|IT_10","1|2|3|4","0","","","","","1","","","0","0","0","0","0","0","0","0","0","0","0","","0","0","","0","0","0","0","0","","","","","0","0","抵抗敵方光系法術 80％","長年供奉於神聖的地方─佛院，因經過仙佛的薰染故有著不小的驅魔之力。"
"949","暗黑魔樽","39","0","IT_07|IT_08|IT_10","1|2|3|4","0","","","","","1","","","0","0","0","0","0","0","0","0","0","0","0","","0","0","","0","0","0","0","0","","","","","0","0","抵抗敵方暗系法術 80％","據說是冥府閻王所用的樽杯，其內蘊藏著陰邪的法力，能御十方陰氣。"
"950","暗殺寶錄","45","0","IT_07|IT_08|IT_10","1|2|3|4","40","","Y","","","1","","","0","0","0","0","0","0","0","0","0","0","0","","0","0","","0","0","0","0","0","","","","","0","0","戰鬥中可使用投擲指令，並耗損40點體力","一冊紀錄古今所有刺客的秘密行動與招式，可以從中了解到任何東西都可變成暗器。"
"951","硃砂辟魔玉","50","0","IT_07|IT_08|IT_10","1|2|3|4","80","","Y","","","1","","","0","0","0","0","0","0","0","0","0","0","0","","0","0","","0","0","0","0","0","","","","","0","0","戰鬥中可使用隱形指令，並耗損80點體力","密宗中奇特的法器，經過怪異儀式之後，戴著它任何妖魔鬼怪，都將無法發覺持有者的正確位置。"
"952","金鐘罩秘笈","46","0","IT_07|IT_08|IT_10","1|2|3|4","50","","Y","","","1","","","0","0","0","0","0","0","0","0","0","0","0","","0","0","","0","0","0","0","0","","","","","0","0","戰鬥中可使用護罩指令，並耗損50點體力","中原少林寺內的武功秘笈，傳言練就成功的人可以刀槍不入；不過鍛鍊的過程相當辛苦，所以沒有多少人練成功的。"
"953","庖丁菜刀","51","0","IT_07|IT_08|IT_10","1|2|3|4","120","","Y","","","1","","","0","0","0","0","0","0","0","0","0","0","0","","0","0","","0","0","0","0","0","","","","","0","0","戰鬥中可使用分解指令，並耗損120點體力","古時偉大的廚師，遽聞他的刀法之熟練可以在瞬間將牛完全肢解；並讓牛完全沒感覺。"
"954","吸魔壺","49","0","IT_07|IT_08|IT_10","1|2|3|4","0","","","","","1","","","0","0","0","0","0","0","0","0","0","0","0","","0","0","","0","0","0","0","0","","","","","0","0","能將敵人的攻擊魔法轉化為自身的靈力","傳言是穆汗莫德當年用來喝水的水壺，由於有相當奇特的魔力，所以各路人馬都相繼爭奪；最後不知流落何處。"
"957","御夫錄","47","0","IT_07|IT_08|IT_10","1|2|3|4","50","","Y","","","1","","","0","0","0","0","0","0","0","0","0","0","0","","0","0","","0","0","0","0","0","","","","","0","0","戰鬥中可使用投擲指令，並耗損50點體力",""
"1101","聚雷光符","10","0","IT_05|IT_28","1|2|3|4","0","","","","","1","","","0","0","0","0","0","0","0","0","0","0","0","28","30","8","","0","0","0","0","0","","","","","0","0","雷電系 單人攻擊性符咒","集天地之元，聚成一小型的精元雷電。"
"1102","火球符","8","0","IT_05|IT_28","1|2|3|4","0","","","","","1","","","0","0","0","0","0","0","0","0","0","0","0","29","35","1","","0","0","0","0","0","","","","","0","0","火系 單人攻擊性符咒","在天空憑空產生一火球投射燃燒敵人。"
"1103","魔炎符","12","0","IT_05|IT_28","1|2|3|4","0","","","","","1","","","0","0","0","0","0","0","0","0","0","0","0","38","80","1","","0","0","0","0","0","","","","","0","0","火系 單人攻擊性符咒","藉由大地之氣引動高熱的上昇氣流，瞬間於敵人下方爆裂。"
"1104","冰雹符","22","0","IT_05|IT_28","1|2|3|4","0","","","","","1","","","0","0","0","0","0","0","0","0","0","0","0","46","40","2","Y","0","0","0","0","0","","","","","0","0","水系 全體攻擊性符咒","運用魔咒喚雲凝冰，從天降下無數的小冰石。"
"1105","六芒星符","30","0","IT_05|IT_28","1|2|3|4","0","","","","","1","","","0","0","0","0","0","0","0","0","0","0","0","73","80","7","Y","0","0","0","0","0","","","","","0","0","暗系 單人攻擊性符咒","以黑暗之力摧動巨大劍氣在地面刻畫出巨大的六芒星。"
"1106","閻火符","12","0","IT_05|IT_28","1|2|3|4","0","","","","","1","","","0","0","0","0","0","0","0","0","0","0","0","19","65","7","","0","0","0","0","0","","","","","0","0","暗系 單人攻擊性符咒","同樣的火燄卻發出陰森的寒氣；被燃燒之人全身會奇寒無比。"
"1107","食魂符","15","0","IT_05|IT_28","1|2|3|4","0","","","","","1","","","0","0","0","0","0","0","0","0","0","0","0","59","0","7","","5","64","0","0","0","","","","","0","0","暗系 單人輔助性符咒","讓敵人的魂魄暫時脫離，使其無法連續攻擊。"
"1108","狂浪襲符","27","0","IT_05|IT_28","1|2|3|4","0","","","","","1","","","0","0","0","0","0","0","0","0","0","0","0","91","60","2","Y","0","0","0","0","0","","","","","0","0","水系 全體攻擊性符咒","妖力夠強的妖魔鬼怪都能借助大自然的力量攻擊敵人，狂浪襲就是其中一種；憑空出現一陣陣強大的巨浪攻擊對手。"
"1109","纏絲氣符","22","0","IT_05|IT_28","1|2|3|4","0","","","","","1","","","0","0","0","0","0","0","0","0","0","0","0","92","70","7","","0","0","0","0","0","","","","","0","0","光系 單人攻擊性符咒","將自身的靈力化成一絲絲的浮游紅氣，進而將敵人慢慢的纏繞至死。"
"1110","海靈彈符","26","0","IT_05|IT_28","1|2|3|4","0","","","","","1","","","0","0","0","0","0","0","0","0","0","0","0","101","80","2","","0","0","0","0","0","","","","","0","0","水系 單人攻擊性符咒","將水之精元凝聚成一冰寒的小球，向敵方襲擊而去；在命中時瞬間將寒氣釋放出。"
"1111","凍霧符","23","0","IT_05|IT_28","1|2|3|4","0","","","","","1","","","0","0","0","0","0","0","0","0","0","0","0","103","0","2","","3","1","0","0","0","","","","","0","0","水系 單人輔助性符咒","由自身發出奇異的寒氣，連霧氣都能凍結。"
"1112","凝冰符","30","0","IT_05|IT_28","1|2|3|4","0","","","","","1","","","0","0","0","0","0","0","0","0","0","0","0","110","100","2","","0","0","0","0","0","","","","","0","0","水系 單人攻擊性符咒","將天地間的寒氣一點一滴的侵入敵人的體內，進而傷害生物的內部。"
"1113","霜漩流符","32","0","IT_05|IT_28","1|2|3|4","0","","","","","1","","","0","0","0","0","0","0","0","0","0","0","0","112","90","2","Y","0","0","0","0","0","","","","","0","0","水系 全體攻擊性符咒","以極寒的法力將大氣凝結成冰霜塊，並以高速旋轉撞擊敵人。"
"1114","幻光聖劍符","28","0","IT_05|IT_28","1|2|3|4","0","","","","","1","","","0","0","0","0","0","0","0","0","0","0","0","121","120","6","","0","0","0","0","0","","","","","0","0","光系 單人攻擊性符咒","發射出許多神聖的小光劍包圍敵人。"
"1115","天降雷火符","30","0","IT_05|IT_28","1|2|3|4","0","","","","","1","","","0","0","0","0","0","0","0","0","0","0","0","123","150","8","","0","0","0","0","0","","","","","0","0","雷電系 單人攻擊性符咒","於東亞地區都傳說著，天界會在人類犯下大錯時降下無匹力量的天火，加以懲戒。"
"1116","滅靈光環符","38","0","IT_05|IT_28","1|2|3|4","0","","","","","1","","","0","0","0","0","0","0","0","0","0","0","0","195","300","6","","0","0","0","0","0","","","","","0","0","光系 單人攻擊性符咒","將自身的生命精元化成一陣陣的衝擊波來傷害敵人。"
"1117","靈魔幻音符","42","0","IT_05|IT_28","1|2|3|4","0","","","","","1","","","0","0","0","0","0","0","0","0","0","0","0","199","300","7","Y","0","0","0","0","0","","","","","0","0","暗系 全體攻擊性符咒","利用自身的靈氣震盪出一陣陣奇妙的幻音，聽到此音的人如不馬上寧神定心的話，體內六腑則會受到不小的傷害。"
"1118","雷霆光鏵符","50","0","IT_05|IT_28","1|2|3|4","0","","","","","1","","","0","0","0","0","0","0","0","0","0","0","0","207","350","8","Y","0","0","0","0","0","","","","","0","0","雷電系 全體攻擊性符咒","引天地之力夾雷霆萬鈞之力奔衝擊下，受擊者無能幸還；因為其力量恐怕連十吋鋼鐵都能貫穿。"
"1119","封靈滅法符","35","0","IT_05|IT_28","1|2|3|4","0","","","","","1","","","0","0","0","0","0","0","0","0","0","0","0","208","0","10","","8","16","0","0","0","","","","","0","0","暗系 單人輔助性符咒","祭念出奇特的咒語將其靈力暫時封於體內；讓受術者不能施展法術。"
"1120","地龍鑽符","36","0","IT_05|IT_28","1|2|3|4","0","","","","","1","","","0","0","0","0","0","0","0","0","0","0","0","255","20","4","","0","0","0","0","0","","","","","0","0","土系 單人攻擊性符咒","將靈力貫注於地底的泥沙中，使原本柔軟且無殺傷力的污土化為堅硬的尖石從地底鑽出攻擊敵人。"
"1121","降龍拳符","40","0","IT_05|IT_28","1|2|3|4","0","","","","","1","","","0","0","0","0","0","0","0","0","0","0","0","306","300","9","","0","0","0","0","0","","","","","0","0","物理系 單人攻擊性符咒","少林寺七十二絕技之一，全靠拳法勁力降服對手，練致顛峰時是一套強勁的拳法。"
"1122","五雷咒符","40","0","IT_05|IT_28","1|2|3|4","0","","","","","1","","","0","0","0","0","0","0","0","0","0","0","0","326","300","8","Y","0","0","0","0","0","","","","","0","0","雷電系 全體攻擊性符咒","古老的密法中有記載著引雷之術，道士將其密法寫化成咒，藉以傷害他人。不過此法相當耗費精力。"
"1123","三昧陰火劫符","52","0","IT_05|IT_28","1|2|3|4","0","","","","","1","","","0","0","0","0","0","0","0","0","0","0","0","338","480","7","Y","0","0","0","0","0","","","","","0","0","火系 全體攻擊性符咒","以陰邪之力催動天外之靈火，瞬間將大地的一切燃燒殆盡。"
"1124","風捲殘雲符","40","0","IT_05|IT_28","1|2|3|4","0","","","","","1","","","0","0","0","0","0","0","0","0","0","0","0","343","600","3","Y","0","0","0","0","0","","","","","0","0","風系 全體攻擊性符咒","以天靈之風環繞敵人身體四周，漸而將其身形一點一滴撕滅，其狀有如風吹散浮雲般。"
"1125","仙靈冰封符","32","0","IT_05|IT_28","1|2|3|4","0","","","","","1","","","0","0","0","0","0","0","0","0","0","0","0","344","400","2","Y","3","1","0","0","0","","","","","0","0","水系 全體攻擊性符咒","引以天外之寒流將敵人完全封靈。"
"1126","移魂仙樂符","0","0","IT_05|IT_28","1|2|3|4","0","","","","","1","","","0","0","0","0","0","0","0","0","0","0","0","380","550","6","","0","0","0","0","0","","","","","0","0","光系 單人攻擊性符咒","凡是天界吟唱或彈奏的聲、樂，皆是美妙不可言語的聲音，聞聽之人一不小心就會聽的出神。"
"1127","除魔靈鼓符","0","0","IT_05|IT_28","1|2|3|4","0","","","","","1","","","0","0","0","0","0","0","0","0","0","0","0","381","400","6","","0","0","0","0","0","","","","","0","0","光系 單人攻擊性符咒","以神力敲擊仙鼓，發出的聲響能摧毀眼前一切低等邪靈。"
"1128","日輪烈焰符","0","0","IT_05|IT_28","1|2|3|4","0","","","","","1","","","0","0","0","0","0","0","0","0","0","0","0","382","320","1","Y","0","0","0","0","0","","","","","0","0","火系 全體攻擊性符咒","發出無匹的仙靈烈焰，其勢有如太陽的高溫焰環；被焚燒之人幾乎無倖存的。"
"1129","殘月鎖漪符","0","0","IT_05|IT_28","1|2|3|4","0","","","","","1","","","0","0","0","0","0","0","0","0","0","0","0","383","400","2","Y","0","0","0","0","0","","","","","0","0","水系 全體攻擊性符咒","以強大的仙力，並借助天月之力引動強力的束縛力；此狀好像連水潑漣漪瞬間停住般。"
"1130","流雲幻光符","0","0","IT_05|IT_28","1|2|3|4","0","","","","","1","","","0","0","0","0","0","0","0","0","0","0","0","385","380","6","","0","0","0","0","0","","","","","0","0","光系 單人攻擊性符咒","是仙靈之光，如行雲流水般的纏繞的敵人的週遭；心有邪念之人則會被瞬間淨化。"
"2201","土匪","50","2","IT_12","1|2|3|4","200","","Y","","","1","","","0","0","0","10","-5","3","0","0","0","0","0","189","0","9","","0","0","0","0","0","","","","","0","0","","集結出動行搶的強盜，盤據在固定的地方有一位或數位的領導者帶領。"
"2203","山鬼","35","2","IT_12","1|2|3|4","70","","Y","","","1","","","0","0","0","6","2","-3","0","0","0","0","0","3","0","9","","0","0","0","0","0","","","","","0","0","消費：70點體力","一些旅行各地的人常因某些原因而葬身山中，在沒人發現的情況下就成了孤魂野鬼出不了此山。"
