"item_id","name","race_id","level","act","battle_data_complete","existing_living_card","story_or_special_flag","not_in_book","discard","race_catch","native_capture_at_player_level_cap","native_capture_reason","hp","atk","def","skills_present","special_effects_present","capture_card_status","note"
"2","妮可","10","3","2","Y","","","Y","","","否","原版拒絕非 IT_12 活物卡。","50","57","38","","","非活物卡","可作自由挑戰敵方資料；原版可否以煉妖壺收服仍須引擎實測。"
"3","薇達","23","32","3","Y","","Y","Y","","","否","原版拒絕 IT_06 劇情類目標。","800","250","92","","","非活物卡","可作自由挑戰敵方資料；原版可否以煉妖壺收服仍須引擎實測。"
"4","麥爾斯","23","12","4","Y","","Y","Y","","","否","原版拒絕 IT_06 劇情類目標。","160","42","25","","72|71","非活物卡","可作自由挑戰敵方資料；原版可否以煉妖壺收服仍須引擎實測。"
"6","姆斯比爾","1","40","6","Y","","Y","","","Y","否","原版拒絕 IT_06 劇情類目標。","1800","115","65","1666|1667","62","非活物卡","可作自由挑戰敵方資料；原版可否以煉妖壺收服仍須引擎實測。"
"7","康那里士","23","35","7","Y","","Y","","","","否","原版拒絕 IT_06 劇情類目標。","1200","94","54","1668|1552","88","非活物卡","可作自由挑戰敵方資料；原版可否以煉妖壺收服仍須引擎實測。"
"10","慧彥","23","38","10","Y","","Y","Y","","","否","原版拒絕 IT_06 劇情類目標。","500","230","130","","","非活物卡","可作自由挑戰敵方資料；原版可否以煉妖壺收服仍須引擎實測。"
"12","恐懼之王","1","50","12","Y","","Y","","","Y","否","原版拒絕 IT_06 劇情類目標。","5000","163","73","1680|1680|1680","160","非活物卡","可作自由挑戰敵方資料；原版可否以煉妖壺收服仍須引擎實測。"
"13","藍魔神","1","32","13","Y","","Y","","","Y","否","原版拒絕 IT_06 劇情類目標。","2000","120","60","1672","108","非活物卡","可作自由挑戰敵方資料；原版可否以煉妖壺收服仍須引擎實測。"
"16","蜃樓王","8","50","16","Y","","Y","","","Y","否","原版拒絕 IT_06 劇情類目標。","5000","300","68","1685|1686|1686","205|205","非活物卡","可作自由挑戰敵方資料；原版可否以煉妖壺收服仍須引擎實測。"
"18","鬼猴","8","35","18","Y","","Y","","","Y","否","原版拒絕 IT_06 劇情類目標。","3500","154","64","","151|151","非活物卡","可作自由挑戰敵方資料；原版可否以煉妖壺收服仍須引擎實測。"
"28","撒旦","1","73","28","Y","","Y","","","Y","否","原版拒絕 IT_06 劇情類目標。","30000","600","166","1711|1712|1713","416|417","非活物卡","可作自由挑戰敵方資料；原版可否以煉妖壺收服仍須引擎實測。"
"32","雨丹子","23","60","32","Y","","Y","","","","否","原版拒絕 IT_06 劇情類目標。","15000","580","116","1696|1696","356|356","非活物卡","可作自由挑戰敵方資料；原版可否以煉妖壺收服仍須引擎實測。"
"33","張客","23","56","33","Y","","Y","Y","","","否","原版拒絕 IT_06 劇情類目標。","10000","550","130","","","非活物卡","可作自由挑戰敵方資料；原版可否以煉妖壺收服仍須引擎實測。"
"38","鎮邪","14","58","38","Y","","Y","Y","","Y","否","原版拒絕 IT_06 劇情類目標。","10000","600","100","","","非活物卡","可作自由挑戰敵方資料；原版可否以煉妖壺收服仍須引擎實測。"
"39","王思月","23","57","39","Y","","Y","Y","","","否","原版拒絕 IT_06 劇情類目標。","8000","560","122","","355|355","非活物卡","可作自由挑戰敵方資料；原版可否以煉妖壺收服仍須引擎實測。"
"40","悟緣","23","45","40","Y","","Y","Y","","","否","原版拒絕 IT_06 劇情類目標。","500","350","250","","","非活物卡","可作自由挑戰敵方資料；原版可否以煉妖壺收服仍須引擎實測。"
"46","蚩尤","1","80","46","Y","","Y","","","Y","否","原版拒絕 IT_06 劇情類目標。","30000","850","200","1712|1716|1717","438|437","非活物卡","可作自由挑戰敵方資料；原版可否以煉妖壺收服仍須引擎實測。"
"47","蟹精魔機","26","50","47","Y","Y","","","","","否","原版種族沒有 catch=true。","2500","530","180","","434|434","現有活物卡","可作自由挑戰敵方資料；原版可否以煉妖壺收服仍須引擎實測。"
"48","機關三魔獸","13","38","48","Y","","Y","","","Y","否","原版拒絕 IT_06 劇情類目標。","6000","240","90","1681|1681|1681","180|180","非活物卡","可作自由挑戰敵方資料；原版可否以煉妖壺收服仍須引擎實測。"
"49","羯忍幻機","26","45","49","Y","Y","","","","","否","原版種族沒有 catch=true。","1800","500","162","","397|398","現有活物卡","可作自由挑戰敵方資料；原版可否以煉妖壺收服仍須引擎實測。"
"50","影忍妖機","26","35","50","Y","","Y","","","","否","原版拒絕 IT_06 劇情類目標。","1000","50","40","","","非活物卡","可作自由挑戰敵方資料；原版可否以煉妖壺收服仍須引擎實測。"
"51","羯羊妖機","13","52","51","Y","","Y","","","Y","否","原版拒絕 IT_06 劇情類目標。","15000","500","148","1693|1693","339","非活物卡","可作自由挑戰敵方資料；原版可否以煉妖壺收服仍須引擎實測。"
"52","夜叉悟緣","8","50","52","Y","","Y","Y","","Y","否","原版拒絕 IT_06 劇情類目標。","8000","480","103","","336|337","非活物卡","可作自由挑戰敵方資料；原版可否以煉妖壺收服仍須引擎實測。"
"53","雨丹子五鬼","7","55","53","Y","","Y","","","Y","否","原版拒絕 IT_06 劇情類目標。","12000","510","148","1696|1696|1696","348","非活物卡","可作自由挑戰敵方資料；原版可否以煉妖壺收服仍須引擎實測。"
"57","機關和尚","13","44","57","Y","","","","","Y","否","原版拒絕非 IT_12 活物卡。","620","310","155","1690|1690|1690","304","非活物卡","可作自由挑戰敵方資料；原版可否以煉妖壺收服仍須引擎實測。"
"59","牛魔王","1","80","59","Y","","Y","","","Y","否","原版拒絕 IT_06 劇情類目標。","30000","800","444","1719|1718|1720","464|468","非活物卡","可作自由挑戰敵方資料；原版可否以煉妖壺收服仍須引擎實測。"
"60","冰魔薇達","1","34","60","Y","","Y","","","Y","否","原版拒絕 IT_06 劇情類目標。","1200","130","70","1674","","非活物卡","可作自由挑戰敵方資料；原版可否以煉妖壺收服仍須引擎實測。"
"61","機關三魔獸","13","40","61","Y","","Y","","","Y","否","原版拒絕 IT_06 劇情類目標。","3000","290","60","","203","非活物卡","可作自由挑戰敵方資料；原版可否以煉妖壺收服仍須引擎實測。"
"62","藍魔神本體","1","37","62","Y","","Y","","","Y","否","原版拒絕 IT_06 劇情類目標。","3500","130","62","1673|1672","108","非活物卡","可作自由挑戰敵方資料；原版可否以煉妖壺收服仍須引擎實測。"
"63","姆斯比爾","12","50","6","Y","","Y","","","Y","否","原版拒絕 IT_06 劇情類目標。","500","160","65","1666|1667","62","非活物卡","可作自由挑戰敵方資料；原版可否以煉妖壺收服仍須引擎實測。"
"64","藍魔神","12","49","13","Y","","Y","","","Y","否","原版拒絕 IT_06 劇情類目標。","600","130","62","1673|1672","108","非活物卡","可作自由挑戰敵方資料；原版可否以煉妖壺收服仍須引擎實測。"
"65","影忍妖機","13","35","65","Y","","","","","Y","否","原版拒絕非 IT_12 活物卡。","300","216","100","","","非活物卡","可作自由挑戰敵方資料；原版可否以煉妖壺收服仍須引擎實測。"
"67","康那里士","23","42","67","Y","","Y","","","","否","原版拒絕 IT_06 劇情類目標。","2500","320","80","1684|1552","","非活物卡","可作自由挑戰敵方資料；原版可否以煉妖壺收服仍須引擎實測。"
"68","撒旦麥爾斯","23","50","68","Y","","Y","Y","","","否","原版拒絕 IT_06 劇情類目標。","4600","380","113","1688|1688","262|263","非活物卡","可作自由挑戰敵方資料；原版可否以煉妖壺收服仍須引擎實測。"
"69","撒旦麥爾斯","23","50","69","Y","","Y","Y","","","否","原版拒絕 IT_06 劇情類目標。","3600","380","113","1687","264","非活物卡","可作自由挑戰敵方資料；原版可否以煉妖壺收服仍須引擎實測。"
"70","蜃樓王","12","50","16","Y","","Y","","","Y","否","原版拒絕 IT_06 劇情類目標。","4000","300","68","1685|1686|1686","205|205","非活物卡","可作自由挑戰敵方資料；原版可否以煉妖壺收服仍須引擎實測。"
"71","木鐵人","13","50","71","Y","","Y","","","Y","否","原版拒絕 IT_06 劇情類目標。","3500","360","133","1689|1689","303","非活物卡","可作自由挑戰敵方資料；原版可否以煉妖壺收服仍須引擎實測。"
"72","康那里士","23","54","72","Y","","Y","","","","否","原版拒絕 IT_06 劇情類目標。","12500","540","80","1693|1684|1552","","非活物卡","可作自由挑戰敵方資料；原版可否以煉妖壺收服仍須引擎實測。"
"73","撒旦麥爾斯","23","55","73","Y","","Y","","","","否","原版拒絕 IT_06 劇情類目標。","8600","500","113","1688|1688","390|391","非活物卡","可作自由挑戰敵方資料；原版可否以煉妖壺收服仍須引擎實測。"
"74","撒旦","1","70","74","Y","","Y","Y","","Y","否","原版拒絕 IT_06 劇情類目標。","30000","999","999","","","非活物卡","可作自由挑戰敵方資料；原版可否以煉妖壺收服仍須引擎實測。"
"75","撒旦賽特","23","60","75","Y","","Y","","","","否","原版拒絕 IT_06 劇情類目標。","30000","750","166","1710|1710","413|414","非活物卡","可作自由挑戰敵方資料；原版可否以煉妖壺收服仍須引擎實測。"
"76","羯忍幻機","13","52","76","Y","","","","","Y","否","原版拒絕非 IT_12 活物卡。","1800","500","162","","397|398","非活物卡","可作自由挑戰敵方資料；原版可否以煉妖壺收服仍須引擎實測。"
"93","慧彥","23","38","93","Y","","Y","Y","","","否","原版拒絕 IT_06 劇情類目標。","500","230","130","","","非活物卡","可作自由挑戰敵方資料；原版可否以煉妖壺收服仍須引擎實測。"
"101","黏怪","9","12","101","Y","Y","","","","Y","條件式可行","需依等級差與 HP；目前玩家最高 Lv60。","6","19","18","","23","現有活物卡","可作自由挑戰敵方資料；原版可否以煉妖壺收服仍須引擎實測。"
"102","蛇","14","13","102","Y","","","","","Y","否","原版拒絕非 IT_12 活物卡。","20","25","20","","10","非活物卡","可作自由挑戰敵方資料；原版可否以煉妖壺收服仍須引擎實測。"
"103","獅","14","25","103","Y","","","","","Y","否","原版拒絕非 IT_12 活物卡。","160","123","90","","113","非活物卡","可作自由挑戰敵方資料；原版可否以煉妖壺收服仍須引擎實測。"
"104","虎","14","25","104","Y","","","","","Y","否","原版拒絕非 IT_12 活物卡。","180","128","93","","113","非活物卡","可作自由挑戰敵方資料；原版可否以煉妖壺收服仍須引擎實測。"
"105","度度鳥","14","14","105","Y","","","","","Y","否","原版拒絕非 IT_12 活物卡。","15","20","13","","24","非活物卡","可作自由挑戰敵方資料；原版可否以煉妖壺收服仍須引擎實測。"
"106","野猴","14","12","106","Y","","","","","Y","否","原版拒絕非 IT_12 活物卡。","20","21","15","","25","非活物卡","可作自由挑戰敵方資料；原版可否以煉妖壺收服仍須引擎實測。"
"107","黑金剛","14","16","107","Y","","","","","Y","否","原版拒絕非 IT_12 活物卡。","30","33","16","","26","非活物卡","可作自由挑戰敵方資料；原版可否以煉妖壺收服仍須引擎實測。"
"108","熊","14","17","108","Y","","","","","Y","否","原版拒絕非 IT_12 活物卡。","35","35","18","","26","非活物卡","可作自由挑戰敵方資料；原版可否以煉妖壺收服仍須引擎實測。"
"109","吸血蝙蝠","14","8","109","Y","","","","","Y","否","原版拒絕非 IT_12 活物卡。","10","20","15","","9","非活物卡","可作自由挑戰敵方資料；原版可否以煉妖壺收服仍須引擎實測。"
"110","毒蠍子","14","10","110","Y","","","","","Y","否","原版拒絕非 IT_12 活物卡。","15","21","13","","10","非活物卡","可作自由挑戰敵方資料；原版可否以煉妖壺收服仍須引擎實測。"
"111","毒蜘蛛","14","6","111","Y","","","","","Y","否","原版拒絕非 IT_12 活物卡。","15","22","17","","","非活物卡","可作自由挑戰敵方資料；原版可否以煉妖壺收服仍須引擎實測。"
"112","隱翅蟲","14","9","112","Y","","","","","Y","否","原版拒絕非 IT_12 活物卡。","12","19","10","","81","非活物卡","可作自由挑戰敵方資料；原版可否以煉妖壺收服仍須引擎實測。"
"113","巨蛾","14","8","113","Y","","","","","Y","否","原版拒絕非 IT_12 活物卡。","15","23","13","","","非活物卡","可作自由挑戰敵方資料；原版可否以煉妖壺收服仍須引擎實測。"
"114","毒蟾蜍","14","10","114","Y","","","","","Y","否","原版拒絕非 IT_12 活物卡。","15","19","13","","10","非活物卡","可作自由挑戰敵方資料；原版可否以煉妖壺收服仍須引擎實測。"
"115","巨蛙","14","5","115","Y","","","","","Y","否","原版拒絕非 IT_12 活物卡。","12","19","14","","","非活物卡","可作自由挑戰敵方資料；原版可否以煉妖壺收服仍須引擎實測。"
"116","水蛇","14","9","116","Y","","","","","Y","否","原版拒絕非 IT_12 活物卡。","20","23","12","","","非活物卡","可作自由挑戰敵方資料；原版可否以煉妖壺收服仍須引擎實測。"
"117","狼","14","23","117","Y","","","","","Y","否","原版拒絕非 IT_12 活物卡。","125","118","82","","","非活物卡","可作自由挑戰敵方資料；原版可否以煉妖壺收服仍須引擎實測。"
"118","吸血殭屍","3","18","118","Y","Y","","","","Y","條件式可行","需依等級差與 HP；目前玩家最高 Lv60。","60","60","45","","","現有活物卡","可作自由挑戰敵方資料；原版可否以煉妖壺收服仍須引擎實測。"
"119","鷹","14","25","119","Y","","","","","Y","否","原版拒絕非 IT_12 活物卡。","170","140","73","","","非活物卡","可作自由挑戰敵方資料；原版可否以煉妖壺收服仍須引擎實測。"
"120","蜈蚣","14","13","120","Y","","","","","Y","否","原版拒絕非 IT_12 活物卡。","35","42","28","","33","非活物卡","可作自由挑戰敵方資料；原版可否以煉妖壺收服仍須引擎實測。"
"121","黑蜈蚣","14","16","121","Y","","","","","Y","否","原版拒絕非 IT_12 活物卡。","40","52","43","","33","非活物卡","可作自由挑戰敵方資料；原版可否以煉妖壺收服仍須引擎實測。"
"122","紅耳蝙蝠","14","15","122","Y","","","","","Y","否","原版拒絕非 IT_12 活物卡。","45","57","48","","78","非活物卡","可作自由挑戰敵方資料；原版可否以煉妖壺收服仍須引擎實測。"
"123","北歐狼","14","18","123","Y","","","","","Y","否","原版拒絕非 IT_12 活物卡。","60","77","45","","","非活物卡","可作自由挑戰敵方資料；原版可否以煉妖壺收服仍須引擎實測。"
"124","炎靈子","2","44","124","Y","Y","","","","Y","條件式可行","需依等級差與 HP；目前玩家最高 Lv60。","630","380","80","","424|423","現有活物卡","可作自由挑戰敵方資料；原版可否以煉妖壺收服仍須引擎實測。"
"125","吸血鬼王","3","26","125","Y","Y","","","","Y","條件式可行","需依等級差與 HP；目前玩家最高 Lv60。","100","87","40","1551","42","現有活物卡","可作自由挑戰敵方資料；原版可否以煉妖壺收服仍須引擎實測。"
"126","邪靈","7","25","126","Y","Y","","","","Y","條件式可行","需依等級差與 HP；目前玩家最高 Lv60。","30","83","85","","","現有活物卡","可作自由挑戰敵方資料；原版可否以煉妖壺收服仍須引擎實測。"
"127","石骨魚","5","16","127","Y","Y","","","","Y","條件式可行","需依等級差與 HP；目前玩家最高 Lv60。","30","45","30","","","現有活物卡","可作自由挑戰敵方資料；原版可否以煉妖壺收服仍須引擎實測。"
"128","石骨飛魚","5","20","128","Y","Y","","","","Y","條件式可行","需依等級差與 HP；目前玩家最高 Lv60。","50","58","43","","","現有活物卡","可作自由挑戰敵方資料；原版可否以煉妖壺收服仍須引擎實測。"
"129","阿加希歐","9","27","129","Y","Y","","","","Y","條件式可行","需依等級差與 HP；目前玩家最高 Lv60。","200","147","64","1662","","現有活物卡","可作自由挑戰敵方資料；原版可否以煉妖壺收服仍須引擎實測。"
"130","獢","5","24","130","Y","Y","","","","Y","條件式可行","需依等級差與 HP；目前玩家最高 Lv60。","120","80","43","","68","現有活物卡","可作自由挑戰敵方資料；原版可否以煉妖壺收服仍須引擎實測。"
"131","吸血鬼","3","22","131","Y","Y","","","","Y","條件式可行","需依等級差與 HP；目前玩家最高 Lv60。","43","52","32","","31","現有活物卡","可作自由挑戰敵方資料；原版可否以煉妖壺收服仍須引擎實測。"
"132","侏儒","6","15","132","Y","Y","","","","Y","條件式可行","需依等級差與 HP；目前玩家最高 Lv60。","18","31","25","","18","現有活物卡","可作自由挑戰敵方資料；原版可否以煉妖壺收服仍須引擎實測。"
"133","亞格瑞斯","1","26","133","Y","Y","","","","Y","條件式可行","需依等級差與 HP；目前玩家最高 Lv60。","125","100","56","","","現有活物卡","可作自由挑戰敵方資料；原版可否以煉妖壺收服仍須引擎實測。"
"134","半人馬","8","26","134","Y","Y","","","","Y","條件式可行","需依等級差與 HP；目前玩家最高 Lv60。","110","90","53","1665","","現有活物卡","可作自由挑戰敵方資料；原版可否以煉妖壺收服仍須引擎實測。"
"135","美杜莎","8","24","135","Y","Y","","","","Y","條件式可行","需依等級差與 HP；目前玩家最高 Lv60。","100","80","57","","43","現有活物卡","可作自由挑戰敵方資料；原版可否以煉妖壺收服仍須引擎實測。"
"136","格萊艾","9","24","136","Y","Y","","","","Y","條件式可行","需依等級差與 HP；目前玩家最高 Lv60。","150","80","38","","44","現有活物卡","可作自由挑戰敵方資料；原版可否以煉妖壺收服仍須引擎實測。"
"137","凱貝羅斯","5","28","137","Y","Y","","","","Y","條件式可行","需依等級差與 HP；目前玩家最高 Lv60。","130","90","46","","45","現有活物卡","可作自由挑戰敵方資料；原版可否以煉妖壺收服仍須引擎實測。"
"138","寒蛙","5","24","138","Y","Y","","","","Y","條件式可行","需依等級差與 HP；目前玩家最高 Lv60。","140","111","65","","102","現有活物卡","可作自由挑戰敵方資料；原版可否以煉妖壺收服仍須引擎實測。"
"139","瓶女","9","28","139","Y","Y","","","","Y","條件式可行","需依等級差與 HP；目前玩家最高 Lv60。","180","102","55","","99","現有活物卡","可作自由挑戰敵方資料；原版可否以煉妖壺收服仍須引擎實測。"
"140","妖貓","3","23","140","Y","Y","","","","Y","條件式可行","需依等級差與 HP；目前玩家最高 Lv60。","90","93","42","1670","","現有活物卡","可作自由挑戰敵方資料；原版可否以煉妖壺收服仍須引擎實測。"
"141","牛頭魚","5","27","141","Y","Y","","","","Y","條件式可行","需依等級差與 HP；目前玩家最高 Lv60。","160","113","58","1669","","現有活物卡","可作自由挑戰敵方資料；原版可否以煉妖壺收服仍須引擎實測。"
"142","雪球怪","9","22","142","Y","Y","","","","Y","條件式可行","需依等級差與 HP；目前玩家最高 Lv60。","100","116","89","1679","","現有活物卡","可作自由挑戰敵方資料；原版可否以煉妖壺收服仍須引擎實測。"
"143","溫蒂妮","6","27","143","Y","Y","","","","Y","條件式可行","需依等級差與 HP；目前玩家最高 Lv60。","155","110","60","1671","","現有活物卡","可作自由挑戰敵方資料；原版可否以煉妖壺收服仍須引擎實測。"
"144","竹妖","8","40","144","Y","Y","","","","Y","條件式可行","需依等級差與 HP；目前玩家最高 Lv60。","420","320","103","","288|288","現有活物卡","可作自由挑戰敵方資料；原版可否以煉妖壺收服仍須引擎實測。"
"145","魍魎","8","44","145","Y","Y","","","","Y","條件式可行","需依等級差與 HP；目前玩家最高 Lv60。","450","360","120","","290|312","現有活物卡","可作自由挑戰敵方資料；原版可否以煉妖壺收服仍須引擎實測。"
"146","妖陀螺鬼","9","42","146","Y","Y","","","","Y","條件式可行","需依等級差與 HP；目前玩家最高 Lv60。","500","400","130","","292","現有活物卡","可作自由挑戰敵方資料；原版可否以煉妖壺收服仍須引擎實測。"
"147","水仙","6","39","147","Y","Y","","","","Y","條件式可行","需依等級差與 HP；目前玩家最高 Lv60。","330","310","90","1511|1511","","現有活物卡","可作自由挑戰敵方資料；原版可否以煉妖壺收服仍須引擎實測。"
"148","七仙女","2","47","148","Y","Y","","","","Y","條件式可行","需依等級差與 HP；目前玩家最高 Lv60。","1600","490","100","1698|1698","","現有活物卡","可作自由挑戰敵方資料；原版可否以煉妖壺收服仍須引擎實測。"
"149","九天玄女","0","58","149","Y","Y","","","","","否","原版種族沒有 catch=true。","2200","500","96","1700|1698","","現有活物卡","可作自由挑戰敵方資料；原版可否以煉妖壺收服仍須引擎實測。"
"150","嫦娥","2","49","150","Y","Y","","","","Y","條件式可行","需依等級差與 HP；目前玩家最高 Lv60。","1500","510","155","1548|1542|1548","","現有活物卡","可作自由挑戰敵方資料；原版可否以煉妖壺收服仍須引擎實測。"
"151","瓊霜","6","36","151","Y","Y","","","","Y","條件式可行","需依等級差與 HP；目前玩家最高 Lv60。","500","245","100","1682|1682","","現有活物卡","可作自由挑戰敵方資料；原版可否以煉妖壺收服仍須引擎實測。"
"152","瑪特女神","0","45","152","Y","Y","","","","","否","原版種族沒有 catch=true。","680","400","150","","425|426","現有活物卡","可作自由挑戰敵方資料；原版可否以煉妖壺收服仍須引擎實測。"
"153","瓦雀","0","31","153","Y","Y","","","","","否","原版種族沒有 catch=true。","200","137","90","1676","","現有活物卡","可作自由挑戰敵方資料；原版可否以煉妖壺收服仍須引擎實測。"
"154","上元夫人","0","42","154","Y","Y","","","","","否","原版種族沒有 catch=true。","600","360","110","","261","現有活物卡","可作自由挑戰敵方資料；原版可否以煉妖壺收服仍須引擎實測。"
"155","蠶女","6","41","155","Y","Y","","","","Y","條件式可行","需依等級差與 HP；目前玩家最高 Lv60。","800","475","156","1694|1694","","現有活物卡","可作自由挑戰敵方資料；原版可否以煉妖壺收服仍須引擎實測。"
"156","女夷","6","43","156","Y","Y","","","","Y","條件式可行","需依等級差與 HP；目前玩家最高 Lv60。","1430","460","98","1699|1699","","現有活物卡","可作自由挑戰敵方資料；原版可否以煉妖壺收服仍須引擎實測。"
"157","女夷22","10","43","157","Y","Y","","","","","否","原版種族沒有 catch=true。","1430","460","98","1699|1699","","現有活物卡","可作自由挑戰敵方資料；原版可否以煉妖壺收服仍須引擎實測。"
"158","娥皇","0","50","158","Y","Y","","","","","否","原版種族沒有 catch=true。","1700","503","108","1700|1686","","現有活物卡","可作自由挑戰敵方資料；原版可否以煉妖壺收服仍須引擎實測。"
"159","女英","0","46","159","Y","Y","","","","","否","原版種族沒有 catch=true。","1650","495","115","1701|1701","","現有活物卡","可作自由挑戰敵方資料；原版可否以煉妖壺收服仍須引擎實測。"
"160","席娜","1","34","160","Y","Y","","","","Y","條件式可行","需依等級差與 HP；目前玩家最高 Lv60。","350","200","75","","193|193","現有活物卡","可作自由挑戰敵方資料；原版可否以煉妖壺收服仍須引擎實測。"
"161","亞坦","1","34","161","Y","Y","","","","Y","條件式可行","需依等級差與 HP；目前玩家最高 Lv60。","220","150","93","1506|1677","","現有活物卡","可作自由挑戰敵方資料；原版可否以煉妖壺收服仍須引擎實測。"
"162","蝠妖","8","28","162","Y","Y","","","","Y","條件式可行","需依等級差與 HP；目前玩家最高 Lv60。","160","140","70","1552","","現有活物卡","可作自由挑戰敵方資料；原版可否以煉妖壺收服仍須引擎實測。"
"163","朱蛤獸","5","33","163","Y","Y","","","","Y","條件式可行","需依等級差與 HP；目前玩家最高 Lv60。","180","157","79","1670","","現有活物卡","可作自由挑戰敵方資料；原版可否以煉妖壺收服仍須引擎實測。"
"164","神燈巨人","9","30","164","Y","Y","","","","Y","條件式可行","需依等級差與 HP；目前玩家最高 Lv60。","300","170","88","1678","","現有活物卡","可作自由挑戰敵方資料；原版可否以煉妖壺收服仍須引擎實測。"
"165","色烈芬","2","52","165","Y","Y","","","","Y","條件式可行","需依等級差與 HP；目前玩家最高 Lv60。","2000","580","122","","427|427","現有活物卡","可作自由挑戰敵方資料；原版可否以煉妖壺收服仍須引擎實測。"
"166","藍人","9","26","166","Y","Y","","","","Y","條件式可行","需依等級差與 HP；目前玩家最高 Lv60。","120","110","72","1675","","現有活物卡","可作自由挑戰敵方資料；原版可否以煉妖壺收服仍須引擎實測。"
"167","戰死屍鬼","3","43","167","Y","Y","","","","Y","條件式可行","需依等級差與 HP；目前玩家最高 Lv60。","1300","420","134","","352|352","現有活物卡","可作自由挑戰敵方資料；原版可否以煉妖壺收服仍須引擎實測。"
"168","鱷魚","14","38","168","Y","","","","","Y","否","原版拒絕非 IT_12 活物卡。","350","235","110","","201|201","非活物卡","可作自由挑戰敵方資料；原版可否以煉妖壺收服仍須引擎實測。"
"169","大鬣蜥","14","42","169","Y","","","","","Y","否","原版拒絕非 IT_12 活物卡。","350","385","150","","294","非活物卡","可作自由挑戰敵方資料；原版可否以煉妖壺收服仍須引擎實測。"
"170","殭屍","3","14","170","Y","Y","","","","Y","條件式可行","需依等級差與 HP；目前玩家最高 Lv60。","16","24","18","","","現有活物卡","可作自由挑戰敵方資料；原版可否以煉妖壺收服仍須引擎實測。"
"171","幽靈","7","13","171","Y","Y","","","","Y","條件式可行","需依等級差與 HP；目前玩家最高 Lv60。","18","30","12","","","現有活物卡","可作自由挑戰敵方資料；原版可否以煉妖壺收服仍須引擎實測。"
"172","阿普洛迪","0","52","172","Y","Y","","","","","否","原版種族沒有 catch=true。","2000","570","166","","428|428","現有活物卡","可作自由挑戰敵方資料；原版可否以煉妖壺收服仍須引擎實測。"
"173","阿拔東","1","42","173","Y","Y","","","","Y","條件式可行","需依等級差與 HP；目前玩家最高 Lv60。","480","300","88","1526|1526","","現有活物卡","可作自由挑戰敵方資料；原版可否以煉妖壺收服仍須引擎實測。"
"174","阿高司","4","32","174","Y","Y","","","","Y","條件式可行","需依等級差與 HP；目前玩家最高 Lv60。","350","150","73","","93","現有活物卡","可作自由挑戰敵方資料；原版可否以煉妖壺收服仍須引擎實測。"
"175","炎顱","5","36","175","Y","Y","","","","Y","條件式可行","需依等級差與 HP；目前玩家最高 Lv60。","180","133","65","","45","現有活物卡","可作自由挑戰敵方資料；原版可否以煉妖壺收服仍須引擎實測。"
"176","黑豹","14","24","176","Y","","","","","Y","否","原版拒絕非 IT_12 活物卡。","150","122","86","","114","非活物卡","可作自由挑戰敵方資料；原版可否以煉妖壺收服仍須引擎實測。"
"177","火蠑螈","5","27","177","Y","Y","","","","Y","條件式可行","需依等級差與 HP；目前玩家最高 Lv60。","170","140","74","","125","現有活物卡","可作自由挑戰敵方資料；原版可否以煉妖壺收服仍須引擎實測。"
"178","神龍","4","56","178","Y","Y","","","","Y","條件式可行","需依等級差與 HP；目前玩家最高 Lv60。","3800","580","140","","429|296","現有活物卡","可作自由挑戰敵方資料；原版可否以煉妖壺收服仍須引擎實測。"
"179","鳳凰","4","58","179","Y","Y","","","","Y","條件式可行","需依等級差與 HP；目前玩家最高 Lv60。","3500","600","160","1706|1706","","現有活物卡","可作自由挑戰敵方資料；原版可否以煉妖壺收服仍須引擎實測。"
"180","格特輪","1","40","180","Y","","Y","","","Y","否","原版拒絕 IT_06 劇情類目標。","2300","280","100","1684|1502|1684","","非活物卡","可作自由挑戰敵方資料；原版可否以煉妖壺收服仍須引擎實測。"
"181","庫塔","9","36","181","Y","Y","","","","Y","條件式可行","需依等級差與 HP；目前玩家最高 Lv60。","380","215","95","1678|1678|1678","","現有活物卡","可作自由挑戰敵方資料；原版可否以煉妖壺收服仍須引擎實測。"
"184","食屍鬼","8","39","184","Y","Y","","","","Y","條件式可行","需依等級差與 HP；目前玩家最高 Lv60。","500","344","103","","316|316","現有活物卡","可作自由挑戰敵方資料；原版可否以煉妖壺收服仍須引擎實測。"
"185","山鬼","7","35","185","Y","Y","","","","Y","條件式可行","需依等級差與 HP；目前玩家最高 Lv60。","250","280","120","","252","現有活物卡","可作自由挑戰敵方資料；原版可否以煉妖壺收服仍須引擎實測。"
"186","黑無常","1","49","186","Y","Y","","","","Y","條件式可行","需依等級差與 HP；目前玩家最高 Lv60。","2700","500","130","1708|0|1708","","現有活物卡","可作自由挑戰敵方資料；原版可否以煉妖壺收服仍須引擎實測。"
"189","食人花","8","28","189","Y","Y","","","","Y","條件式可行","需依等級差與 HP；目前玩家最高 Lv60。","140","125","88","","","現有活物卡","可作自由挑戰敵方資料；原版可否以煉妖壺收服仍須引擎實測。"
"191","樂仙女","2","45","191","Y","Y","","","","Y","條件式可行","需依等級差與 HP；目前玩家最高 Lv60。","1160","430","112","1546|1546|1546","","現有活物卡","可作自由挑戰敵方資料；原版可否以煉妖壺收服仍須引擎實測。"
"194","白無常","1","53","194","Y","Y","","","","Y","條件式可行","需依等級差與 HP；目前玩家最高 Lv60。","2300","530","136","1691|1691","323","現有活物卡","可作自由挑戰敵方資料；原版可否以煉妖壺收服仍須引擎實測。"
"197","耆戈","0","38","197","Y","Y","","","","","否","原版種族沒有 catch=true。","320","205","100","","192|192","現有活物卡","可作自由挑戰敵方資料；原版可否以煉妖壺收服仍須引擎實測。"
"198","太白金星","0","54","198","Y","Y","","","","","否","原版種族沒有 catch=true。","2500","560","145","1707|0|1707","","現有活物卡","可作自由挑戰敵方資料；原版可否以煉妖壺收服仍須引擎實測。"
"199","天將","2","51","199","Y","Y","","","","Y","條件式可行","需依等級差與 HP；目前玩家最高 Lv60。","2800","570","135","","405|405","現有活物卡","可作自由挑戰敵方資料；原版可否以煉妖壺收服仍須引擎實測。"
"206","惡靈","7","21","206","Y","Y","","","","Y","條件式可行","需依等級差與 HP；目前玩家最高 Lv60。","40","56","30","","","現有活物卡","可作自由挑戰敵方資料；原版可否以煉妖壺收服仍須引擎實測。"
"208","水鬼","7","17","208","Y","Y","","","","Y","條件式可行","需依等級差與 HP；目前玩家最高 Lv60。","53","53","34","","","現有活物卡","可作自由挑戰敵方資料；原版可否以煉妖壺收服仍須引擎實測。"
"213","龍王","4","54","213","Y","Y","","","","Y","條件式可行","需依等級差與 HP；目前玩家最高 Lv60。","3200","580","160","","408|296","現有活物卡","可作自由挑戰敵方資料；原版可否以煉妖壺收服仍須引擎實測。"
"214","黑龍","4","52","214","Y","Y","","","","Y","條件式可行","需依等級差與 HP；目前玩家最高 Lv60。","2800","550","150","","407|296","現有活物卡","可作自由挑戰敵方資料；原版可否以煉妖壺收服仍須引擎實測。"
"221","枯屍鬼","3","27","221","Y","Y","","","","Y","條件式可行","需依等級差與 HP；目前玩家最高 Lv60。","300","127","50","","","現有活物卡","可作自由挑戰敵方資料；原版可否以煉妖壺收服仍須引擎實測。"
"222","枯屍鬼王","3","31","222","Y","Y","","","","Y","條件式可行","需依等級差與 HP；目前玩家最高 Lv60。","400","136","55","","","現有活物卡","可作自由挑戰敵方資料；原版可否以煉妖壺收服仍須引擎實測。"
"223","石獅精","9","48","223","Y","Y","","","","Y","條件式可行","需依等級差與 HP；目前玩家最高 Lv60。","1800","530","160","1709|1709","","現有活物卡","可作自由挑戰敵方資料；原版可否以煉妖壺收服仍須引擎實測。"
"226","獨角獸","4","44","226","Y","Y","","","","Y","條件式可行","需依等級差與 HP；目前玩家最高 Lv60。","1000","500","100","","430|430","現有活物卡","可作自由挑戰敵方資料；原版可否以煉妖壺收服仍須引擎實測。"
"238","尼梅亞獅","5","44","238","Y","Y","","","","Y","條件式可行","需依等級差與 HP；目前玩家最高 Lv60。","1500","530","166","1709|1709","","現有活物卡","可作自由挑戰敵方資料；原版可否以煉妖壺收服仍須引擎實測。"
"253","雪芙","6","39","253","Y","Y","","","","Y","條件式可行","需依等級差與 HP；目前玩家最高 Lv60。","1000","500","125","1695|0|1695","","現有活物卡","可作自由挑戰敵方資料；原版可否以煉妖壺收服仍須引擎實測。"
"254","肯塔羅斯","4","38","254","Y","Y","","","","Y","條件式可行","需依等級差與 HP；目前玩家最高 Lv60。","1200","480","122","1513|1513","","現有活物卡","可作自由挑戰敵方資料；原版可否以煉妖壺收服仍須引擎實測。"
"255","尼凱","0","59","255","Y","Y","","","","","否","原版種族沒有 catch=true。","2600","600","180","1715|1715","431","現有活物卡","可作自由挑戰敵方資料；原版可否以煉妖壺收服仍須引擎實測。"
"267","冥府獄卒","7","45","267","Y","Y","","","","Y","條件式可行","需依等級差與 HP；目前玩家最高 Lv60。","700","390","106","","321|320","現有活物卡","可作自由挑戰敵方資料；原版可否以煉妖壺收服仍須引擎實測。"
"269","冤魂","7","39","269","Y","Y","","","","Y","條件式可行","需依等級差與 HP；目前玩家最高 Lv60。","460","340","95","","315|315","現有活物卡","可作自由挑戰敵方資料；原版可否以煉妖壺收服仍須引擎實測。"
"271","吊死鬼","7","41","271","Y","Y","","","","Y","條件式可行","需依等級差與 HP；目前玩家最高 Lv60。","580","355","100","","317|317","現有活物卡","可作自由挑戰敵方資料；原版可否以煉妖壺收服仍須引擎實測。"
"272","餓死鬼","7","37","272","Y","Y","","","","Y","條件式可行","需依等級差與 HP；目前玩家最高 Lv60。","400","330","88","","296|296","現有活物卡","可作自由挑戰敵方資料；原版可否以煉妖壺收服仍須引擎實測。"
"273","瘟鬼","7","43","273","Y","Y","","","","Y","條件式可行","需依等級差與 HP；目前玩家最高 Lv60。","620","378","96","","319|318","現有活物卡","可作自由挑戰敵方資料；原版可否以煉妖壺收服仍須引擎實測。"
"274","夜叉","8","42","274","Y","Y","","","","Y","條件式可行","需依等級差與 HP；目前玩家最高 Lv60。","400","350","93","","259","現有活物卡","可作自由挑戰敵方資料；原版可否以煉妖壺收服仍須引擎實測。"
"277","雪女","6","45","277","Y","Y","","","","Y","條件式可行","需依等級差與 HP；目前玩家最高 Lv60。","1500","446","105","1702|1702","","現有活物卡","可作自由挑戰敵方資料；原版可否以煉妖壺收服仍須引擎實測。"
"281","天宮仙女","2","43","281","Y","Y","","","","Y","條件式可行","需依等級差與 HP；目前玩家最高 Lv60。","1350","458","120","1703|1703","","現有活物卡","可作自由挑戰敵方資料；原版可否以煉妖壺收服仍須引擎實測。"
"316","妖燈鬼","8","46","316","Y","Y","","","","Y","條件式可行","需依等級差與 HP；目前玩家最高 Lv60。","1080","460","96","","351|296","現有活物卡","可作自由挑戰敵方資料；原版可否以煉妖壺收服仍須引擎實測。"
"317","迷魂霧妖","9","45","317","Y","Y","","","","Y","條件式可行","需依等級差與 HP；目前玩家最高 Lv60。","80","460","10","","342|342","現有活物卡","可作自由挑戰敵方資料；原版可否以煉妖壺收服仍須引擎實測。"
"368","鬥戰聖佛","1","65","368","Y","Y","","","","Y","條件式可行","需依等級差與 HP；目前玩家最高 Lv60。","3000","630","160","1705|1705","","現有活物卡","可作自由挑戰敵方資料；原版可否以煉妖壺收服仍須引擎實測。"
"377","死靈騎士","1","50","377","Y","Y","","","","Y","條件式可行","需依等級差與 HP；目前玩家最高 Lv60。","3000","530","160","","378|378","現有活物卡","可作自由挑戰敵方資料；原版可否以煉妖壺收服仍須引擎實測。"
"378","鬥戰聖佛","1","57","378","Y","","Y","","","Y","否","原版拒絕 IT_06 劇情類目標。","20000","630","160","1705|1704|1705","","非活物卡","可作自由挑戰敵方資料；原版可否以煉妖壺收服仍須引擎實測。"
"379","鬥戰聖佛分身","1","50","379","Y","","","Y","","Y","否","原版拒絕非 IT_12 活物卡。","8000","580","140","","","非活物卡","可作自由挑戰敵方資料；原版可否以煉妖壺收服仍須引擎實測。"
"380","教眾長老","23","48","380","Y","","","","","","否","原版拒絕非 IT_12 活物卡。","1200","380","148","1692","325|325","非活物卡","可作自由挑戰敵方資料；原版可否以煉妖壺收服仍須引擎實測。"
"381","黃八","23","45","381","Y","","Y","Y","","","否","原版拒絕 IT_06 劇情類目標。","5800","360","158","1692","325|325","非活物卡","可作自由挑戰敵方資料；原版可否以煉妖壺收服仍須引擎實測。"
"382","人屍","3","50","382","Y","","Y","","","Y","否","原版拒絕 IT_06 劇情類目標。","3000","522","158","","422|422","非活物卡","可作自由挑戰敵方資料；原版可否以煉妖壺收服仍須引擎實測。"
"383","蜃樓石頭妖","8","45","383","Y","","Y","Y","","Y","否","原版拒絕 IT_06 劇情類目標。","3500","350","150","","206|206","非活物卡","可作自由挑戰敵方資料；原版可否以煉妖壺收服仍須引擎實測。"
"384","蜃樓財寶怪","8","40","384","Y","","Y","Y","","Y","否","原版拒絕 IT_06 劇情類目標。","2500","280","100","","","非活物卡","可作自由挑戰敵方資料；原版可否以煉妖壺收服仍須引擎實測。"
"385","響尾蛇","14","23","102","Y","","","Y","","Y","否","原版拒絕非 IT_12 活物卡。","135","115","64","","10","非活物卡","可作自由挑戰敵方資料；原版可否以煉妖壺收服仍須引擎實測。"
"386","大棕熊","14","26","386","Y","","","","","Y","否","原版拒絕非 IT_12 活物卡。","165","126","92","","26","非活物卡","可作自由挑戰敵方資料；原版可否以煉妖壺收服仍須引擎實測。"
"387","銀背金剛","14","23","387","Y","","","","","Y","否","原版拒絕非 IT_12 活物卡。","140","126","80","","26","非活物卡","可作自由挑戰敵方資料；原版可否以煉妖壺收服仍須引擎實測。"
"388","紅鬃猿","14","22","388","Y","","","","","Y","否","原版拒絕非 IT_12 活物卡。","105","112","80","","25","非活物卡","可作自由挑戰敵方資料；原版可否以煉妖壺收服仍須引擎實測。"
"389","奧斯曼","23","30","389","Y","","Y","","","","否","原版拒絕 IT_06 劇情類目標。","400","160","85","","","非活物卡","可作自由挑戰敵方資料；原版可否以煉妖壺收服仍須引擎實測。"
"390","鬼爵","3","34","390","Y","Y","","","","Y","條件式可行","需依等級差與 HP；目前玩家最高 Lv60。","220","160","79","","154","現有活物卡","可作自由挑戰敵方資料；原版可否以煉妖壺收服仍須引擎實測。"
"391","魚身人面妖","8","30","391","Y","Y","","","","Y","條件式可行","需依等級差與 HP；目前玩家最高 Lv60。","180","150","89","","","現有活物卡","可作自由挑戰敵方資料；原版可否以煉妖壺收服仍須引擎實測。"
"392","閻惡靈","7","29","392","Y","Y","","","","Y","條件式可行","需依等級差與 HP；目前玩家最高 Lv60。","160","164","60","","","現有活物卡","可作自由挑戰敵方資料；原版可否以煉妖壺收服仍須引擎實測。"
"393","沙漠綠蠍","14","25","393","Y","","","","","Y","否","原版拒絕非 IT_12 活物卡。","200","120","68","","130","非活物卡","可作自由挑戰敵方資料；原版可否以煉妖壺收服仍須引擎實測。"
"394","地獄妖貓","3","35","394","Y","","Y","","","Y","否","原版拒絕 IT_06 劇情類目標。","150","138","90","1670","152","非活物卡","可作自由挑戰敵方資料；原版可否以煉妖壺收服仍須引擎實測。"
"395","高地骷髏妖","3","31","395","Y","","Y","","","Y","否","原版拒絕 IT_06 劇情類目標。","700","127","85","","94","非活物卡","可作自由挑戰敵方資料；原版可否以煉妖壺收服仍須引擎實測。"
"396","弒肉妖","8","25","396","Y","","Y","","","Y","否","原版拒絕 IT_06 劇情類目標。","480","75","62","","80","非活物卡","可作自由挑戰敵方資料；原版可否以煉妖壺收服仍須引擎實測。"
"397","赤尾蠍子","14","17","397","Y","","","","","Y","否","原版拒絕非 IT_12 活物卡。","40","50","43","","","非活物卡","可作自由挑戰敵方資料；原版可否以煉妖壺收服仍須引擎實測。"
"398","加賽因","9","23","398","Y","","Y","","","Y","否","原版拒絕 IT_06 劇情類目標。","100","48","25","1662","","非活物卡","可作自由挑戰敵方資料；原版可否以煉妖壺收服仍須引擎實測。"
"399","修道院院長","23","20","399","Y","","Y","","","","否","原版拒絕 IT_06 劇情類目標。","135","53","48","","30","非活物卡","可作自由挑戰敵方資料；原版可否以煉妖壺收服仍須引擎實測。"
"400","梅羅文加軍人","23","3","400","Y","","","","","","否","原版拒絕非 IT_12 活物卡。","15","15","12","","","非活物卡","可作自由挑戰敵方資料；原版可否以煉妖壺收服仍須引擎實測。"
"403","死靈騎士","1","56","403","Y","","Y","","","Y","否","原版拒絕 IT_06 劇情類目標。","3000","530","160","","378|378","非活物卡","可作自由挑戰敵方資料；原版可否以煉妖壺收服仍須引擎實測。"
"407","教士","23","6","407","Y","","","","","","否","原版拒絕非 IT_12 活物卡。","24","30","20","","13","非活物卡","可作自由挑戰敵方資料；原版可否以煉妖壺收服仍須引擎實測。"
"408","武僧","23","8","408","Y","","","","","","否","原版拒絕非 IT_12 活物卡。","38","35","23","","","非活物卡","可作自由挑戰敵方資料；原版可否以煉妖壺收服仍須引擎實測。"
"409","梅羅文加軍人","23","7","409","Y","","","","","","否","原版拒絕非 IT_12 活物卡。","28","34","23","","","非活物卡","可作自由挑戰敵方資料；原版可否以煉妖壺收服仍須引擎實測。"
"410","威尼斯水軍","23","15","410","Y","","","","","","否","原版拒絕非 IT_12 活物卡。","80","70","58","","","非活物卡","可作自由挑戰敵方資料；原版可否以煉妖壺收服仍須引擎實測。"
"411","黑衣大食兵","23","35","411","Y","","","","","","否","原版拒絕非 IT_12 活物卡。","220","220","65","","","非活物卡","可作自由挑戰敵方資料；原版可否以煉妖壺收服仍須引擎實測。"
"412","白衣大食兵","23","32","412","Y","","","","","","否","原版拒絕非 IT_12 活物卡。","220","200","60","","","非活物卡","可作自由挑戰敵方資料；原版可否以煉妖壺收服仍須引擎實測。"
"416","唐軍步卒","10","33","416","Y","","","","","","否","原版拒絕非 IT_12 活物卡。","250","204","64","","","非活物卡","可作自由挑戰敵方資料；原版可否以煉妖壺收服仍須引擎實測。"
"433","道士","23","45","433","Y","","","Y","","","否","原版拒絕非 IT_12 活物卡。","680","360","158","1692","325|325","非活物卡","可作自由挑戰敵方資料；原版可否以煉妖壺收服仍須引擎實測。"
"438","蔡魔王","1","99","438","Y","","","Y","","Y","否","原版拒絕非 IT_12 活物卡。","10000","100","100","1676|1668","1683","非活物卡","可作自由挑戰敵方資料；原版可否以煉妖壺收服仍須引擎實測。"
"2201","土匪","23","50","2201","Y","Y","","Y","","","否","原版種族沒有 catch=true。","3000","530","160","","378|378","現有活物卡","可作自由挑戰敵方資料；原版可否以煉妖壺收服仍須引擎實測。"
"2202","NAME1032","23","50","75","Y","","Y","Y","","","否","原版拒絕 IT_06 劇情類目標。","10000","550","66","","","非活物卡","可作自由挑戰敵方資料；原版可否以煉妖壺收服仍須引擎實測。"
"2203","山鬼","7","35","185","Y","Y","","Y","","Y","條件式可行","需依等級差與 HP；目前玩家最高 Lv60。","9999","1","999","","252","現有活物卡","可作自由挑戰敵方資料；原版可否以煉妖壺收服仍須引擎實測。"
