"item_id","name","race_id","level","act","existing_living_card","story_or_special_flag","not_in_book","is_unique","discard","hp","atk","def","spd","wis","dodge_rate","escape_rate","gain_exp","gain_gold","basic_attack_effect_id","skill_ids","skill_counts","skill_rate","special_effect_ids","special_effect_counts","special_effect_rate","critical_skill_ids","critical_skill_counts","drop_item_ids","drop_item_rates","attr_fire","attr_ice","attr_wind","attr_earth","attr_poison","attr_light","attr_dark","attr_thunder","attr_physical","help_text"
"2","妮可","10","3","2","","","Y","","","50","57","38","30","45","5","1","0","0","7","","","0","","","0","","","","","0","0","0","0","0","2","-2","0","0",""
"3","薇達","23","32","3","","Y","Y","","","800","250","92","46","100","4","1","300","100","116","","","0","","","0","","","","","0","0","0","0","0","0","0","0","0",""
"4","麥爾斯","23","12","4","","Y","Y","","","160","42","25","32","35","3","1","18","20","1","","","0","72|71","3|2","4","","","","","0","0","0","0","0","0","0","0","0",""
"6","姆斯比爾","1","40","6","","Y","","","","1800","115","65","45","90","3","1","350","300","61","1666|1667","5|2","4","62","4","5","","","","","-16","6","0","0","0","0","0","0","0","傳說在北歐一種住在火焰之地的巨人，周身包圍著火焰，非常暴躁，也從不跟人類說話，想燒盡一切眼前的事物。"
"7","康那里士","23","35","7","","Y","","","","1200","94","54","48","100","3","1","420","250","74","1668|1552","6|4","4","88","1","0","1574","2","","","0","0","0","0","-4","8","-6","2","0","梅羅文加護教騎士的指導教士。"
"10","慧彥","23","38","10","","Y","Y","","","500","230","130","51","180","0","1","0","0","188","","","0","","","0","","","","","0","0","0","0","0","-10","0","0","-2","中國少林寺僧人，中國武術高超。外型瘦小平凡，穿著破爛唐裝與披風，微留白髮，笑容可拘。"
"12","恐懼之王","1","50","12","","Y","","","","5000","163","73","54","120","4","0","580","1200","159","1680|1680|1680","2|2|1","4","160","5","5","","","","","2","0","0","0","0","6","-16","0","0","撒旦的手下之一，外形是人骨貼附一些爛肉。化身成人形就是康那里士教士。因為害怕死亡的緣故，他早已對自己施展僵屍之法，讓自己的屍首殘骸仍然能活動。"
"13","藍魔神","1","32","13","","Y","","","","2000","120","60","46","120","4","1","400","500","3","1672","6","5","108","5","4","","","","","4","-10","0","0","0","0","0","0","0","藍人的領導者，是一女性外觀的藍人，是所有藍人﹝男性外觀﹞的首領，她住在海中冰山，受撒旦指使去移動島尋找主角。"
"16","蜃樓王","8","50","16","","Y","","","","5000","300","68","56","130","3","0","800","200","204","1685|1686|1686","6|3|2","4","205|205","4|3","5","1578|1578","1|1","","","-2","-2","-2","-2","-10","4","-4","-2","0","在沙漠出現的幻象之王，外形變化多端。會把一般的旅人拉入魔天（幻象的世界）。"
"18","鬼猴","8","35","18","","Y","","","","3500","154","64","50","120","3","1","600","1000","150","","","0","151|151","4|4","5","","","638","20","0","0","4","-10","-10","2","-2","0","-8","相當殘忍陰險的妖怪，以看人受苦為樂，撒旦把他封在石像中以操縱他們。"
"28","撒旦","1","73","28","","Y","","","","30000","600","166","140","200","4","0","5000","5000","463","1711|1712|1713","6|6|6","5","416|417","8|10","6","1714","1","","","-4","-2","-4","-4","-10","0","-20","-4","0","地獄界其中之一的集團首領，自古以來就叛逆天上界，到處在地上界暗中擾亂人類的安寧，酷愛戰爭與流血。平常不輕易現身，絕大部分都是暗中指揮，這是避免被執法神逮住。"
"32","雨丹子","23","60","32","","Y","","","","15000","580","116","64","180","4","1","3000","5000","346","1696|1696","8|6","5","356|356","3|2","4","1697|1697","2|1","712","20","-2","0","0","0","-10","4","-4","0","0","據說他不用傳統煉丹來鍛鍊長生不老，而用各種毒物、毒蟲來煉，把自己的肉身煉成了半妖狀態，內臟全是毒蟲，流黑血，臉色泛青，紅瞳孔，週身隨時圍繞蒼蠅。"
"33","張客","23","56","33","","Y","Y","","","10000","550","130","60","200","4","1","1500","1000","379","","","5","","","4","","","","","0","0","0","0","-2","0","0","0","0",""
"38","鎮邪","14","58","38","","Y","Y","","","10000","600","100","80","180","4","1","1500","1000","1","","","5","","","4","","","","","2","0","0","0","2","-4","-4","0","0","張客養的獅子，毛髮有特別梳理過成捲毛，喜歡玩毬。"
"39","王思月","23","57","39","","Y","Y","","","8000","560","122","62","130","4","1","500","1200","354","","","0","355|355","6|6","5","","","","","0","0","0","0","0","2","-6","-4","0",""
"40","悟緣","23","45","40","","Y","Y","","","500","350","250","58","33","0","0","0","0","307","","","0","","","0","","","","","0","0","0","0","0","0","0","0","0",""
"46","蚩尤","1","80","46","","Y","","","","30000","850","200","90","180","5","0","5000","5000","122","1712|1716|1717","8|15|10","6","438|437","12|10","5","1714|1714","2|1","994|632","20|2","0","0","0","0","-10","6","-12","-4","0","上古的魔神，與黃帝大戰後被軒轅劍封印在一個隱密的地點，至今尚無人知曉；不過正常的人，是不會想去釋放他的。"
"47","蟹精魔機","26","50","47","Y","","","","","2500","530","180","55","120","4","1","200","130","433","","","0","434|434","5|5","5","","","","","-2","0","0","0","-10","0","0","-4","0","蒐集殘缺的機關設計圖後，請古玩店製作出的強力機關。"
"48","機關三魔獸","13","38","48","","Y","","","","6000","240","90","48","10","4","0","730","800","","1681|1681|1681","3|2|2","4","180|180","3|3","5","","","","","4","0","0","0","-10","0","0","2","0","黃雷所製作的大型機關獸之一；外觀是由三頭魔獸─海鷹、琊虎、翟狼的型態而組成的。全身分為兩大節，常見的攻擊模式是用尾巴擊打敵人；至於其它的攻擊方式看過的人都沒有活下來的。"
"49","羯忍幻機","26","45","49","Y","","","","","1800","500","162","58","100","3","2","120","80","122","","","0","397|398","5|8","5","","","","","2","0","0","0","0","2","0","-4","0","蒐集殘缺的機關設計圖後，請古玩店製作出的強力機關。"
"50","影忍妖機","26","35","50","","Y","","","","1000","50","40","30","22","3","1","160","500","181","","","0","","","0","","","","","2","2","0","0","-10","0","0","4","0","利用妖魔與機關人合一製造的特殊機種，擁有無人可匹敵的速度，搭配特製的鐵金刀能在一瞬間把認定的目標摧毀。"
"51","羯羊妖機","13","52","51","","Y","","","","15000","500","148","65","50","4","0","1200","2000","131","1693|1693","7|4","6","339","10","5","","","780|689","20|3","-4","2","-2","-6","-10","4","-2","4","0","黃雷的得意作品之二，經過不斷的研究與改良，再加上康那里士的黑暗力量，而產生的強大半妖半機械的機關獸。"
"52","夜叉悟緣","8","50","52","","Y","Y","","","8000","480","103","62","120","4","0","800","1000","258","","","0","336|337","6|6","5","","","","","6","0","0","0","-10","6","-14","0","0","悟緣武僧被施法控制後，所變化的妖怪。"
"53","雨丹子五鬼","7","55","53","","Y","","","","12000","510","148","60","200","4","0","1200","3000","346","1696|1696|1696","4|4|4","5","348","4","4","","","949|717","20|5","0","0","0","0","-10","4","-12","0","0","黑壇教教主，道教裡面的除名叛徒，惡名昭彰於長安，專門用咒術為惡。在與主角交戰中還使出紙人代形的邪法。"
"57","機關和尚","13","44","57","","","","","","620","310","155","54","80","4","1","60","100","132","1690|1690|1690","3|2|1","5","304","5","4","","","","","2","0","0","-10","-10","0","0","0","0","少林寺木人巷的機關裝置，為了測試修行者的武術而製造的。"
"59","牛魔王","1","80","59","","Y","","","","30000","800","444","180","300","6","0","9999","9999","141","1719|1718|1720","18|18|13","7","464|468","20|15","8","1588|1588","3|3","","","-8","-8","-8","-12","-8","-8","-8","-8","0","出自西遊記，具有強大力量的魔王，友情客串演出。"
"60","冰魔薇達","1","34","60","","Y","","","","1200","130","70","45","78","4","1","150","100","111","1674","6","4","","","0","","","","","2","-14","0","0","0","0","0","0","0","凱利賓瓦力德之後裔，女中豪傑，被藍魔神施展附身術後，尚失神智並攻擊主角。"
"61","機關三魔獸","13","40","61","","Y","","","","3000","290","60","58","10","4","0","170","200","1","","","0","203","6","4","","","","","6","0","0","0","-10","0","0","0","0","是三頭機關魔獸─海鷹、琊虎、翟狼的後備型態；少了不少組件速度增快不少，但也同時降低了防禦力。"
"62","藍魔神本體","1","37","62","","Y","","","","3500","130","62","48","120","4","1","400","300","3","1673|1672","4|3","5","108","5","4","","","","","4","-16","0","0","0","0","0","0","0","發揮真正力量的藍魔神。"
"63","姆斯比爾","12","50","6","","Y","","","","500","160","65","45","90","3","1","350","300","245","1666|1667","3|2","4","62","4","5","","","","","-10","6","0","0","0","0","0","0","0","傳說在北歐一種住在火焰之地的巨人，周身包圍著火焰，非常暴躁，也從不跟人類說話，想燒盡一切眼前的事物。"
"64","藍魔神","12","49","13","","Y","","","","600","130","62","43","120","4","1","500","300","246","1673|1672","3|2","4","108","3","3","","","","","4","-12","0","0","0","0","0","0","0","藍人的領導者，是一女性外觀的藍人，是所有藍人﹝男性外觀﹞的首領，她住在海中冰山，受撒旦指使去移動島尋找主角。"
"65","影忍妖機","13","35","65","","","","","","300","216","100","50","22","4","1","65","30","181","","","0","","","0","","","","","2","2","0","0","-10","0","0","4","0","利用妖魔與機關人合一製造的特殊機種，擁有無人可匹敵的速度，搭配特製的鐵金刀能在一瞬間把認定的目標摧毀。"
"67","康那里士","23","42","67","","Y","","","","2500","320","80","48","100","3","1","450","500","257","1684|1552","5|4","4","","","0","1683|1683","2|1","","","0","0","0","0","-4","8","-10","2","0","梅羅文加護教騎士的指導教士。"
"68","撒旦麥爾斯","23","50","68","","Y","Y","","","4600","380","113","48","200","3","1","1000","800","1","1688|1688","2|3","5","262|263","3|2","4","1683|1683","2|1","","","-2","-2","-2","-2","-2","6","-16","-2","0","潛在魔性覺醒後的麥爾斯，除了外形之外可以說是完完整整的撒旦了。"
"69","撒旦麥爾斯","23","50","69","","Y","Y","","","3600","380","113","45","200","3","1","1000","800","1","1687","1","0","264","1","0","","","","","-2","-2","-2","-2","-2","6","-16","-2","0","潛在魔性覺醒後的麥爾斯，除了外形之外可以說是完完整整的撒旦了。"
"70","蜃樓王","12","50","16","","Y","","","","4000","300","68","43","130","3","0","800","200","276","1685|1686|1686","5|3|1","4","205|205","3|2","3","1578|1578","1|1","","","-2","-2","-2","-2","-10","4","-4","-2","0","在沙漠出現的幻象之王，外形變化多端。會把一般的旅人拉入魔天（幻象的世界）。"
"71","木鐵人","13","50","71","","Y","","","","3500","360","133","58","0","4","1","300","500","132","1689|1689","4|3","5","303","8","4","","","0|692","0|4","2","0","0","-10","-10","0","0","-2","-2","少林寺木人巷的機關裝置，為了測試修行者的武術而製造的。"
"72","康那里士","23","54","72","","Y","","","","12500","540","80","62","150","4","1","800","600","257","1693|1684|1552","4|3|3","5","","","0","1697|1683","2|1","","","0","0","0","0","-4","8","-20","2","0","梅羅文加護教騎士的指導教士。"
"73","撒旦麥爾斯","23","55","73","","Y","","","","8600","500","113","58","200","3","1","1000","800","1","1688|1688","2|3","6","390|391","3|2","5","1683|1697","1|2","","","-2","-2","-2","-2","-2","6","-16","-2","0","潛在魔性覺醒後的麥爾斯，除了外形之外可以說是完完整整的撒旦了。"
"74","撒旦","1","70","74","","Y","Y","","","30000","999","999","70","200","6","0","0","0","122","","","0","","","0","","","","","-8","-8","-8","-8","-8","4","-14","-8","0","地獄界其中之一的集團首領，自古以來就叛逆天上界，到處在地上界暗中擾亂人類的安寧，酷愛戰爭與流血。平常不輕易現身，絕大部分都是暗中指揮，這是避免被執法神逮住。"
"75","撒旦賽特","23","60","75","","Y","","","","30000","750","166","92","200","5","0","3000","5000","412","1710|1710","5|5","6","413|414","8|8","5","","","793","20","-2","-4","-2","-2","-4","-4","-14","-2","0","使用賽特屍體復活的撒旦，因為是操縱屍體，無法自在的運用撒旦真正的力量。"
"76","羯忍幻機","13","52","76","","","","","","1800","500","162","58","100","3","2","120","80","122","","","0","397|398","5|8","5","","","0|629","0|2","2","0","0","0","0","2","0","-4","0","黃雷在超越技術瓶頸後，與妖魔所組合而成的超級機關獸。"
"93","慧彥","23","38","93","","Y","Y","","","500","230","130","51","180","10","1","0","0","188","","","0","","","0","","","","","-10","-10","-10","-10","-10","-10","-10","-10","-10","中國少林寺僧人，中國武術高超。外型瘦小平凡，穿著破爛唐裝與披風，微留白髮，笑容可拘。"
"101","黏怪","9","12","101","Y","","","","","6","19","18","16","10","2","3","2","3","1","","","10","23","3","3","","","621","2","8","0","0","0","0","0","0","0","0","由動物靈所控制的單細胞生命體，會攻擊其他生物，用分泌出來的強酸來吞食。"
"102","蛇","14","13","102","","","","","","20","25","20","20","20","3","2","3","5","4","","","0","10","3","3","","","","","2","0","0","0","0","0","0","0","0","通常蛇認為人類侵入牠的地盤時，就會展開攻擊；有些是含有劇毒的。"
"103","獅","14","25","103","","","","","","160","123","90","45","50","4","1","25","20","1","","","0","113","3","3","","","","","0","0","0","0","0","0","0","0","0","在飢餓時會獵食，一般都是母獅出外獵食較多。"
"104","虎","14","25","104","","","","","","180","128","93","42","60","4","1","28","20","4","","","0","113","3","3","","","","","0","0","0","0","0","0","0","0","0","盤據在森林或山林中，是非常又攻擊性的猛獸；牠的攻擊是很難令人捉摸的，被牠的爪揮過去的話可能會一擊斃命的。"
"105","度度鳥","14","14","105","","","","","","15","20","13","21","12","2","2","4","2","4","","","0","24","3","3","","","","","2","0","0","0","0","0","0","0","0","一種嘴堅硬碩大、翅膀短小、腳蹄粗短、奔走速度極快的鳥；傳說如果可以得到牠尾巴的羽毛會帶來好運的。"
"106","野猴","14","12","106","","","","","","20","21","15","22","10","3","3","5","4","1","","","0","25","3","3","","","","","0","0","0","0","0","0","0","0","0","群居性動物，經常在森林、叢林等地偷襲來往的人類搶奪食物。"
"107","黑金剛","14","16","107","","","","","","30","33","16","18","20","2","1","8","5","1","","","0","26","3","3","","","","","0","0","0","0","0","0","0","0","0","只在少數的密林的出沒，體型碩大、力大無窮；吼叫時聽了都令人生畏，曾有人目睹金剛把老虎打倒在地大聲吼叫。"
"108","熊","14","17","108","","","","","","35","35","18","20","13","1","1","10","7","8","","","0","26","3","2","","","","","0","0","0","0","0","0","0","0","0","用爪痕當標記以區別領域，通常會攻擊別的生物大都是侵犯到牠的地盤所致。"
"109","吸血蝙蝠","14","8","109","","","","","","10","20","15","20","10","3","2","8","10","76","","","0","9","3","3","","","","","4","0","0","0","-4","0","0","0","0","夜出晝寢的吸血動物，少數地區的蝙蝠可以生長的如此快速的；但相對的吸的血也比一般的蝙蝠多。"
"110","毒蠍子","14","10","110","","","","","","15","21","13","20","14","4","2","11","20","2","","","0","10","3","3","","","","","0","0","0","0","0","0","0","0","0","主要分布在各溫暖地區，要小心牠的雙螯和那根毒針；具有麻醉作用。"
"111","毒蜘蛛","14","6","111","","","","","","15","22","17","21","10","3","2","13","20","6","","","0","","","0","","","","","4","0","0","0","-4","0","0","0","0","所有的蜘蛛都是肉食性的，特別是含有劇毒的；出外旅行時可得小心防範。"
"112","隱翅蟲","14","9","112","","","","","","12","19","10","22","10","4","2","10","10","76","","","0","81","2","8","","","","","0","0","0","0","0","0","0","0","0","將翅膀隱藏起來慢慢爬行到人體後再用刺吸式口器吸食血肉，等到發現時再展翅高飛而去。"
"113","巨蛾","14","8","113","","","","","","15","23","13","23","10","2","1","13","15","6","","","0","","","0","","","621","4","4","0","0","0","-4","0","0","0","0","突變的巨大飛蛾，翅膀能灑下毒粉使人昏迷；在一般乾燥明亮地區經常出沒。"
"114","毒蟾蜍","14","10","114","","","","","","15","19","13","16","15","3","2","9","20","1","","","0","10","3","5","","","","","0","0","0","0","0","0","0","0","0","其幼蟲大部份成體在遠離水源的地方，皮膚乾燥長滿許多疣；在遭襲擊時能產生毒素攻擊敵人。"
"115","巨蛙","14","5","115","","","","","","12","19","14","24","10","1","2","12","15","1","","","0","","","0","","","","","4","0","0","0","-4","0","0","0","0","特例的變種蛙。"
"116","水蛇","14","9","116","","","","","","20","23","12","22","10","3","2","13","20","4","","","0","","","0","","","","","4","0","0","0","-4","0","0","0","0","只在潮濕或者多水的區域出現，通常是無毒的。"
"117","狼","14","23","117","","","","","","125","118","82","41","20","4","2","8","8","8","","","0","","","0","","","","","0","0","0","0","0","0","0","0","0","只能看的到與視野成一直線的獵物，一但被盯上了很難擺脫的掉；經常結群獵捕食物。"
"118","吸血殭屍","3","18","118","Y","","","","","60","60","45","35","30","3","2","12","18","4","","","0","","","0","","","0|625","0|3","2","0","0","0","-2","4","-2","0","0","被吸血鬼吸血致死的人。如果沒被黑暗之主選上的話，只能作一沒有意識的害人軀殼。"
"119","鷹","14","25","119","","","","","","170","140","73","42","48","4","1","30","28","76","","","0","","","0","","","","","0","0","0","0","0","0","0","0","0","翱翔於天空中看到獵物時則俯衝向下；用爪子抓住獵物身體，一般被抓的獵物在回巢前就已死亡了。"
"120","蜈蚣","14","13","120","","","","","","35","42","28","30","15","4","2","9","12","1","","","0","33","3","3","","","","","2","0","0","-2","0","0","0","0","0","無論大小各種蜈蚣人們都認為是非常毒的昆蟲；也是五毒之一所以不管有毒是否皆得小心。"
"121","黑蜈蚣","14","16","121","","","","","","40","52","43","36","15","4","2","10","8","1","","","0","33","3","3","","","","","2","0","0","-2","0","0","0","0","0","無論大小各種蜈蚣人們都認為是非常毒的昆蟲；也是五毒之一所以不管有毒是否皆得小心尤其是黑蜈蚣。"
"122","紅耳蝙蝠","14","15","122","","","","","","45","57","48","43","40","4","1","8","10","8","","","0","78","3","3","","","","","2","0","0","0","-10","0","0","0","0","夜出晝寢的吸血動物，再某些基因突變後生出一對紅耳，而且也變得特別兇惡。"
"123","北歐狼","14","18","123","","","","","","60","77","45","38","35","4","1","14","30","40","","","0","","","0","","","","","0","0","0","0","0","0","0","0","0","來自歐洲北部的狼，攻擊性與體型都較一般的狼來的強。"
"124","炎靈子","2","44","124","Y","","","","","630","380","80","58","135","4","1","65","120","350","","","0","424|423","5|4","5","","","","","-12","4","0","0","0","0","0","0","0","一般是被召喚出現的，可以自由的控制火燄；炎靈子出現時所有的火燄便如有生命般的任意飛舞。"
"125","吸血鬼王","3","26","125","Y","","","","","100","87","40","43","50","3","1","20","28","27","1551","3","3","42","4","4","","","0|625","0|3","2","0","0","0","-10","4","-4","2","0","眾多吸血鬼中，能力較高者。"
"126","邪靈","7","25","126","Y","","","","","30","83","85","40","60","5","1","18","15","134","","","0","","","0","","","0|621","0|3","0","0","0","0","0","4","-4","0","0","常與惡靈在一起，但因怨念與邪心較重，所以也較惡靈可怕。"
"127","石骨魚","5","16","127","Y","","","","","30","45","30","26","18","3","2","8","10","1","","","0","","","0","","","647","5","2","-2","0","0","0","0","0","0","0","鱗片如石般堅硬，眼大如牛、鰭如火燄；專吃木頭的怪獸。"
"128","石骨飛魚","5","20","128","Y","","","","","50","58","43","40","18","3","2","11","10","134","","","0","","","0","","","624","3","2","-2","0","0","0","0","0","0","0","某些石骨魚妖力較高的會生出一對翅膀，所有的能力也較高。"
"129","阿加希歐","9","27","129","Y","","","","","200","147","64","46","120","4","1","40","30","5","1662","5","3","","","0","","","0|637","0|3","0","2","0","0","0","2","-2","-4","0","是一種與巫師定下契約的妖精，通常被封於瓶子或戒指之內，在需要時再將其呼喚出，其能力相當廣泛，從做家事到殺人皆沒問題。達成任務後便又被封回去了。"
"130","獢","5","24","130","Y","","","","","120","80","43","42","15","3","1","25","20","69","","","0","68","3","3","","","0|627","0|3","0","0","0","0","0","2","0","0","0","梟頭、狼身、蛇尾，傳言會以恐怖怪異的叫聲震懾敵人，只能被召喚出現；傳說是地獄的魔獸。"
"131","吸血鬼","3","22","131","Y","","","","","43","52","32","33","30","3","2","30","50","27","","","0","31","5","3","","","644","2","0","0","0","0","0","0","0","0","0","當人死前與撒旦定下契約，死後身體不會腐敗但須定時的吸食人血補充精力。"
"132","侏儒","6","15","132","Y","","","","","18","31","25","23","25","1","2","10","12","34","","","0","18","5","3","","","636","3","2","0","0","0","0","0","0","0","0","長年在地底下的小人，非常喜好黃金的類人獸。會說人類的語言；很喜歡唱歌力量也很大，一種奇特的種族。"
"133","亞格瑞斯","1","26","133","Y","","","","","125","100","56","36","50","3","1","28","30","41","","","0","","","0","","","0|629","0|3","-2","-2","-2","-6","0","4","-2","-2","0","原本是神界的力天使，但是受到惡魔的蠱惑製造了大地震，傷害了許多無辜人民因而被逐至陰間。"
"134","半人馬","8","26","134","Y","","","","","110","90","53","43","70","4","1","30","27","40","1665","3","3","","","0","","","0|683","0|3","0","0","0","0","-10","0","0","0","0","原本是天界的神，醫術、藝術、音樂等都非常的卓越；某山的守護神，後因被親近的人陷害下毒，在僥倖存活下來後就變成了半人半馬的聖獸了。"
"135","美杜莎","8","24","135","Y","","","","","100","80","57","45","50","5","2","23","12","135","","","0","43","4","3","","","0|651","0|3","2","0","0","0","-10","2","-2","0","0","高哥三女妖的其中一位，半人半蛇的女妖眼泛青光，被她看見的生物馬上會變成石頭。"
"136","格萊艾","9","24","136","Y","","","","","150","80","38","48","90","5","1","27","15","137","","","0","44","3","3","","","625","3","-2","-2","-2","-2","-2","-2","-2","-2","0","居住在長年不見天日的山洞中；三人一體的女妖共用一隻眼和一張嘴，卻是能知過去未來的女妖。"
"137","凱貝羅斯","5","28","137","Y","","","","","130","90","46","43","56","5","1","30","38","4","","","0","45","4","3","","","0|626","0|3","-6","2","0","0","0","4","-4","0","0","生有三個狗頭一條蛇尾，身上又長著昂首的蛇；是陰府看守犯人的地獄犬。"
"138","寒蛙","5","24","138","Y","","","","","140","111","65","43","70","4","1","18","20","133","","","3","102","3","0","","","649","5","4","-2","0","0","0","0","0","0","0","在海中生長但是卻吃陸地的生物，尤其是貓、狗、鼠類的動物；能飛行獵食，當他遇上危險時，能發出使人致命的叫聲。"
"139","瓶女","9","28","139","Y","","","","","180","102","55","45","100","4","1","35","23","98","","","0","99","4","3","","","626","3","2","-4","-2","2","0","0","0","0","0","化身成貌美的女人在村鎮誘惑男人；在與男人交歡時將其精氣全數吸盡。其實她是暴風神的妻子，喜歡吸收精氣增加自己的法力。"
"140","妖貓","3","23","140","Y","","","","","90","93","42","53","90","6","2","28","20","90","1670","2","3","","","0","","","624","3","0","0","0","0","0","0","0","0","0","當一些惡靈附身在其它死去的軀殼上時，就會產生一些變化；被長期的附身後全身成綠色且站立行走模樣甚是可怕。"
"141","牛頭魚","5","27","141","Y","","","","","160","113","58","48","65","3","1","38","25","131","1669","3","4","","","0","","","629","3","2","-6","0","0","0","0","0","0","0","傳說在古代亞歷山大東征時，在印度遇到的牛頭怪魚，頭有三隻角嘴能隨意變換大小，軍隊目睹此怪吞食大象，還被吃去26人。也有人在歐洲發現過這種怪物。"
"142","雪球怪","9","22","142","Y","","","","","100","116","89","40","80","5","2","23","18","107","1679","2","3","","","0","","","0|637","0|3","4","-10","0","0","0","0","0","0","0","外型圓巧可愛，生長在雪地的小精靈。不知為了什麼，牠會把一切看的到的生物都凍結起來，大概是為了增加夥伴吧？"
"143","溫蒂妮","6","27","143","Y","","","","","155","110","60","45","110","4","1","32","26","100","1671","5","3","","","0","","","625","3","2","-12","0","0","0","0","0","0","0","棲息在河川泉水的精靈，會以人類女性的姿態出現﹔傳說她也會與凡人相戀、結婚生子，但若她再回到原來棲息的河川，就會還原成水。"
"144","竹妖","8","40","144","Y","","","","","420","320","103","60","80","4","1","40","60","287","","","0","288|288","3|2","5","","","0|985","0|3","4","0","0","-8","0","0","0","0","0","一般民間對於竹子林的神秘感都有著許多傳說；常年的陰森詭異便流傳著一種附身在竹子上面攻擊生物的妖怪。"
"145","魍魎","8","44","145","Y","","","","","450","360","120","48","100","3","1","50","120","3","","","0","290|312","5|3","5","","","647|628","3|5","0","0","0","0","-10","0","0","0","0","瑞項有三子死後皆為疫鬼，其一為魍魎鬼，棲息於山川水木，好食死人肝臟，時常散佈疾病。"
"146","妖陀螺鬼","9","42","146","Y","","","","","500","400","130","56","140","2","1","80","150","291","","","0","292","6","4","","","0|654","0|4","-2","-2","-2","-2","0","-2","-2","-2","0","原本是天神們的法寶，後來逃下凡間興風作浪。"
"147","水仙","6","39","147","Y","","","","","330","310","90","48","100","3","2","45","68","253","1511|1511","2|2","4","","","0","","","630","3","6","-14","0","0","0","-6","0","0","0","身懷正氣之人被迫投江水後，有些能夠化身成仙，在凡間保佑善良的人。"
"148","七仙女","2","47","148","Y","","","","","1600","490","100","62","180","4","2","90","100","349","1698|1698","3|3","5","","","0","","","0|703","0|2","0","0","0","0","0","-8","2","0","0","玉帝有七位女兒，其中最小的曾私自下凡與凡間的男子董永結為夫婦，後被天將神兵抓回天庭。"
"149","九天玄女","0","58","149","Y","","","","","2200","500","96","65","180","4","1","180","100","399","1700|1698","8|5","6","","","0","1578|1578","2|1","0|714","0|1","0","0","0","0","0","-12","4","0","0","玄女乃是道家眾弟子為其封的尊稱；傳說原為天庭的玄鳥，被天帝派下凡間生下商朝的始祖─契，之後被後人供奉為神，道家更尊稱為“九天玄女娘娘”。"
"150","嫦娥","2","49","150","Y","","","","","1500","510","155","62","180","4","2","120","300","358","1548|1542|1548","6|4|3","5","","","0","","","0|652","0|3","0","0","-6","4","0","-2","2","0","0","后羿之妻，后羿因射日、除妖有功得西王母賜予不死藥兩粒，後因后羿得國土變得暴虐無道，嫦娥怕后羿得長生則百姓生活堪憂故竊食之；但食一則長生、食二則成仙，故奔月成仙。"
"151","瓊霜","6","36","151","Y","","","","","500","245","100","45","120","4","1","80","100","194","1682|1682","2|2","3","","","0","","","0|681","0|2","2","-12","0","0","0","0","0","0","0","敘利亞附近的古城，相傳有一石玉在霜降之時會不斷的湧出冰水，隨即出現一位長髮女孩；如果能在女孩消失之前得到她的一根頭髮，便能一生都幸福。"
"152","瑪特女神","0","45","152","Y","","","","","680","400","150","55","160","4","1","0","0","","","","0","425|426","5|7","5","","","0|673","0|2","0","0","0","-2","-6","-12","0","0","0","掌管真理、正義和裁判之神；張開翅膀、頭頂圓盤雙手拿著羽毛參加亡靈的審判。"
"153","瓦雀","0","31","153","Y","","","","","200","137","90","40","120","4","1","45","80","120","1676","3","3","","","0","1574","2","649","3","-2","-2","-2","-2","-2","-10","2","-2","0","下埃及蜂之國法老們的守護女神。"
"154","上元夫人","0","42","154","Y","","","","","600","360","110","50","130","4","1","100","80","260","","","3","261","4","3","1578|1578","2|2","0|643","0|3","0","0","0","0","0","-10","2","0","0","貌約二十，身穿青霜之袍，細長的頭髮纏繞全身，是統領十方玉女的天神。"
"155","蠶女","6","41","155","Y","","","","","800","475","156","62","120","3","1","90","80","307","1694|1694","5|5","5","","","0","","","0|630","0|3","0","0","0","0","0","0","0","0","0","在古蜀國境內成都城城郊的嘔絲之野，有一隻身披馬皮、馬頭形狀的蠶，能憑空變出蠶絲織衣，因為又是嘔絲之野的第一隻蠶所以也稱為蠶神。"
"156","女夷","6","43","156","Y","","","","","1430","460","98","64","138","4","2","86","130","386","1699|1699","4|4","5","","","0","","","0|711","0|2","0","0","-6","2","0","-2","2","0","0","當她擊鼓唱歌時，百谷禽鳥草木皆長，主春夏萬物生長之神也稱花神。"
"157","女夷22","10","43","157","Y","","","","","1430","460","98","64","138","4","2","86","130","386","1699|1699","4|4","5","","","0","","","0|711","0|2","0","0","-6","2","0","-2","2","0","0","當她擊鼓唱歌時，百谷禽鳥草木皆長，主春夏萬物生長之神也稱花神。"
"158","娥皇","0","50","158","Y","","","","","1700","503","108","60","160","4","2","120","230","153","1700|1686","5|3","5","","","0","","","0|632","0|1","-6","4","0","0","0","-4","2","0","0","堯帝的兩位女兒之一，堯為了考驗舜，將兩位女兒嫁予舜。後來舜駕崩於鄉湘江附近的九疑山。娥皇、女英聞之便至湘江哭祭，遂投江自盡。後人憐之便建廟祭祀；遂有湘君、湘夫人之稱。"
"159","女英","0","46","159","Y","","","","","1650","495","115","64","160","4","2","100","180","387","1701|1701","6|3","5","","","0","","","0|702","0|1","4","-4","0","0","0","-4","2","0","0","堯帝的兩位女兒之一，堯為了考驗舜，將兩位女兒嫁予舜。後來舜駕崩於鄉湘江附近的九疑山。娥皇、女英聞之便至湘江哭祭，遂投江自盡。後人憐之便建廟祭祀；遂有湘君、湘夫人之稱。"
"160","席娜","1","34","160","Y","","","","","350","200","75","46","120","4","1","50","70","120","","","3","193|193","2|2","3","1574|1574","1|1","649","3","-2","-2","-2","-2","-2","4","-8","0","0","傳說是瓦雀的妹妹，但卻一值沒有被承認大概是因入了魔道的原因吧。"
"161","亞坦","1","34","161","Y","","","","","220","150","93","43","120","4","1","50","60","122","1506|1677","3|2","3","","","0","","","637|679","3|2","-4","2","0","0","0","0","0","-2","0","拜火教的火之精靈，是在拜火教中所有的天使和精靈中能力最強的，但是地位卻不是最高的；除了能自由操控火燄外，也可以不用降雨就能召喚雷電攻擊敵人。"
"162","蝠妖","8","28","162","Y","","","","","160","140","70","42","80","4","1","30","42","138","1552","4","3","","","0","","","655|978","3|10","0","0","0","0","0","0","-2","0","0","棲息在大樹上，樣子很醜陋會依照別人對待牠的態度不同，而有所不同的回應，不過通常牠回應的都是惡作劇。"
"163","朱蛤獸","5","33","163","Y","","","","","180","157","79","38","100","4","1","35","35","132","1670","4","3","","","0","","","0|984","0|10","-12","4","0","0","0","0","0","0","0","在巴格達北方一深不見底的黑暗深淵中爬出來的蛤蟆；蛙身、蛇尾全身怪異的火紅色。"
"164","神燈巨人","9","30","164","Y","","","","","300","170","88","37","160","3","1","60","50","119","1678","3","3","","","0","1518|1518","1|1","638|677","3|7","-2","-2","-12","4","-10","-2","-2","2","-6","藏匿於一古油燈內，經由有緣人摩擦燈腹後就會現身完成各種精靈能力範圍內的願望。"
"165","色烈芬","2","52","165","Y","","","","","2000","580","122","60","180","4","0","0","0","","","","0","427|427","6|3","5","","","0|657","0|3","-2","0","0","0","0","-10","0","0","0","有六對翅膀，兩對蓋住臉、兩對蓋住腳、兩對用來飛翔；在翅膀下的真實面貌據說是天真無邪的兒童面孔。"
"166","藍人","9","26","166","Y","","","","","120","110","72","40","52","3","1","32","10","97","1675","3","3","","","0","","","0|653","0|3","4","-14","0","0","0","0","0","0","0","希臘傳說的海中怪物，看見人類船隻時會化整為零，包圍船隻，然後開始用歌聲唱出謎語，人們要是猜輸了，就會被擊沈。還會控制沉船，藉以驚嚇過往的船隻，是墮天使的一種。"
"167","戰死屍鬼","3","43","167","Y","","","","","1300","420","134","62","100","3","1","120","200","122","","","0","352|352","4|4","5","","","661","3","4","0","0","-4","-4","2","-4","0","0","對於戰勝的意念太過於執著，導致死後也到處尋找敵人。"
"168","鱷魚","14","38","168","","","","","","350","235","110","38","70","3","1","42","30","107","","","0","201|201","3|2","3","","","","","0","0","0","0","0","0","0","0","0","非常凶惡的動物，對於出現在牠附近的動物是絕不放過的；當然除非牠飽了。"
"169","大鬣蜥","14","42","169","","","","","","350","385","150","43","10","3","2","63","77","107","","","0","294","6","3","","","649","3","0","0","0","0","0","0","0","0","0","蜥蜴是屬於行動敏捷的獵食者，但只攻擊身形比自身小的動物；不過比大鬣蜥小的動物實在太多了。"
"170","殭屍","3","14","170","Y","","","","","16","24","18","16","10","3","2","8","6","1","","","0","","","0","","","0|621","0|3","4","0","0","0","-4","6","0","0","0","由黑魔法請惡魔操控的人屍，目的是為了讓敵人產生恐懼心，但實力並不強。"
"171","幽靈","7","13","171","Y","","","","","18","30","12","30","15","4","2","18","30","133","","","0","","","0","","","622","4","2","0","0","0","-6","8","0","0","-2","人死後會化成靈體或至天堂或至地獄。而留戀人間不肯離去者；就成了幽靈。"
"172","阿普洛迪","0","52","172","Y","","","","","2000","570","166","64","180","4","1","0","0","111","","","0","428|428","8|5","6","","","0|638","0|3","0","0","0","0","0","0","0","0","0","即維納斯女神，傳說是加亞給克羅諾斯一把大鐮刀把父親的陽具給切了下來後，掉落在海裡所孕化而出的神。"
"173","阿拔東","1","42","173","Y","","","","","480","300","88","50","150","3","1","70","90","254","1526|1526","2|1","4","","","0","1574|1574","1|1","0|712","0|5","-2","-2","-2","-2","-4","4","-10","-2","0","全身覆蓋著鱗片、蠍尾、蝠翼，是負責管理地獄深淵的墮天使；傳言在末世的時後會帶領著戴金色皇冠的煌蟲，使世界受苦五個月。"
"174","阿高司","4","32","174","Y","","","","","350","150","73","55","125","4","1","128","200","4","","","0","93","4","4","","","","","0","0","0","0","0","0","0","0","0","宙斯妻子希拉的隨身護獸，俱有百隻眼睛的神獸；幫希拉監視人間一切事物，後來被哈姆斯所殺；希拉就把百隻眼移植到她的愛鳥---孔雀的尾巴上。"
"175","炎顱","5","36","175","Y","","","","","180","133","65","43","56","5","1","30","38","4","","","0","45","4","3","","","0|627","0|3","-6","0","0","0","0","4","-4","0","0","居住在山中每次一睡就是半年，每半年醒一日但那一日內卻無人能敵；因醒來極度飢餓所以吃了一百頭家畜五百人後就又消失於山中了。"
"176","黑豹","14","24","176","","","","","","150","122","86","47","60","5","1","23","25","8","","","0","114","3","3","","","","","0","0","0","0","0","0","0","0","0","速度奇快無比，體型較其他的豹大；以飛快的速度將獵物撲倒再用尖利的牙齒咬斷獵物的脖子。"
"177","火蠑螈","5","27","177","Y","","","","","170","140","74","45","70","4","1","25","30","136","","","0","125","3","3","","","625","3","-2","0","0","0","-10","0","0","0","0","皮膚鮮明奇特如著火一般使其他的生物不敢靠近；在遭受襲擊時又會分秘毒液使敵人麻痺。"
"178","神龍","4","56","178","Y","","","","","3800","580","140","62","160","5","1","200","100","406","","","0","429|296","8|4","5","","","0|641","0|1","-4","-4","-4","0","-10","-4","4","-4","0","神龍是民間的傳說的神獸，是中國血統的來源，被當成中國人的祖先。"
"179","鳳凰","4","58","179","Y","","","","","3500","600","160","60","120","4","2","350","120","400","1706|1706","6|6","5","","","0","","","0|641","0|1","-20","4","0","0","0","-6","2","0","0","丹穴山上有一奇鳥形似雞五色斑爛，名叫鳳凰。全身印有德、順、義、仁四字，是代表天下太平的聖獸。"
"180","格特輪","1","40","180","","Y","","","","2300","280","100","48","100","4","0","500","800","197","1684|1502|1684","4|5|2","6","","","0","1683|1683","2|1","0|637","0|3","-2","-2","-2","-2","-6","-2","-2","4","-2","古巴比倫帝國的神話半神半魔的怪物；天界和冥界的攔截者，因為本身成不了神，又作不成魔，所以就阻擾其它的人。"
"181","庫塔","9","36","181","Y","","","","","380","215","95","43","160","3","1","65","60","119","1678|1678|1678","1|1|1","4","","","0","1518|1518","1|1","627","3","-4","-4","-4","4","-4","-2","-2","4","-2","有著虛幻的形體，與強大的法力，喜愛看見人間處處有戰火；每當他出現時就表示又要有戰事了。"
"184","食屍鬼","8","39","184","Y","","","","","500","344","103","56","80","3","3","58","120","313","","","0","316|316","4|3","4","","","630","2","2","0","0","0","0","4","0","0","0","極少數的鬼魂會出現在剛去世之人的家中，吸取人體殘存的精氣。"
"185","山鬼","7","35","185","Y","","","","","250","280","120","46","80","4","2","30","45","3","","","0","252","5","3","","","0|627","0|3","0","0","2","-4","-10","4","0","0","0","一些旅行各地的人常因某些原因而葬身山中，在沒人發現的情況下就成了孤魂野鬼出不了此山。"
"186","黑無常","1","49","186","Y","","","","","2700","500","130","60","120","4","2","130","140","410","1708|0|1708","5|0|5","5","","","0","","","0|644","0|3","0","0","0","-4","-10","2","-6","0","0","無常，是民間迷信所謂人死時，閻王派去勾攝生魂的「勾魂鬼」，有黑無常、白無常兩位勾魂使者。"
"189","食人花","8","28","189","Y","","","","","140","125","88","43","20","4","1","27","50","117","","","0","","","0","","","719","3","2","2","0","-2","-10","0","0","0","-2","開著美麗的花朵引誘生物靠近，在將其吞食能吐出特殊黏液將敵人痲痺。"
"191","樂仙女","2","45","191","Y","","","","","1160","430","112","63","130","4","1","85","200","349","1546|1546|1546","5|3|2","5","","","0","1577","2","0|715","0|3","0","0","0","0","-10","-8","2","0","0","傳播美妙的音樂到天上人間每個地方；人們始終相信音樂能夠平息一切紛爭。"
"194","白無常","1","53","194","Y","","","","","2300","530","136","64","150","4","1","150","160","322","1691|1691","4|2","5","323","4","3","","","0|645","0|3","0","0","-4","0","-10","0","0","2","-6","無常，是民間迷信所謂人死時，閻王派去勾攝生魂的「勾魂鬼」，有黑無常、白無常兩位勾魂使者。"
"197","耆戈","0","38","197","Y","","","","","320","205","100","48","120","4","1","45","70","122","","","0","192|192","3|2","3","","","626","3","-4","2","0","0","0","0","0","-2","0","原為天界之神，專司人間善惡懲戒的司法神；當人類犯錯事時它會降下雷電懲罰人類，但因一次的過失則遭降至人間體驗人世。"
"198","太白金星","0","54","198","Y","","","","","2500","560","145","68","180","4","1","180","160","402","1707|0|1707","4|0|6","5","","","0","1578|1578","3|1","0|646","0|1","-2","-2","-2","-2","0","-10","2","-2","0","老態龍鐘、仁厚善良，身背一角天書是玉皇大帝的欽派特使。"
"199","天將","2","51","199","Y","","","","","2800","570","135","60","100","4","1","110","80","404","","","0","405|405","5|3","5","","","0|716","0|2","0","0","0","0","-10","-8","-4","0","0","天庭中的區管長，維持秩序的神。"
"206","惡靈","7","21","206","Y","","","","","40","56","30","38","24","4","1","36","70","1","","","0","","","0","","","626","3","2","0","0","0","0","4","-2","0","-2","被人陷害而死的鬼魂，有極大的怨念所以產生了一般鬼魂所沒有的念力。"
"208","水鬼","7","17","208","Y","","","","","53","53","34","32","30","3","1","13","15","1","","","0","","","0","","","722","4","4","-4","0","0","0","2","-2","0","0","軀殼被困在水底下只好每天找人幫助以讓身軀能入土為安。"
"213","龍王","4","54","213","Y","","","","","3200","580","160","68","160","4","1","300","200","406","","","0","408|296","12|3","5","","","0|641","0|1","-16","4","0","0","0","-4","2","0","0","眾神獸的首領，全身金色光芒包覆著有著不可思議的治療能力。"
"214","黑龍","4","52","214","Y","","","","","2800","550","150","64","140","3","1","280","180","406","","","0","407|296","8|3","5","","","0|641","0|1","6","-16","0","0","0","-4","2","0","0","天庭內有呼喚風雨能力的聖龍，曾被海龍王要求幫助擊殺挪吒。"
"221","枯屍鬼","3","27","221","Y","","","","","300","127","50","35","60","3","2","28","25","4","","","0","","","0","","","0|627","0|3","4","0","0","0","-2","4","0","2","0","古埃及中將人的軀殼保存的密法，在施行之後人體的水份將完全被抽乾；進而守衛墓地。"
"222","枯屍鬼王","3","31","222","Y","","","","","400","136","55","37","89","4","1","36","15","135","","","0","","","0","","","0|627","0|3","4","0","0","0","-4","6","-2","0","0","古埃及中將人的軀殼保存的密法，在施行之後人體的水份將完全被抽乾；進而守衛墓地，其中有些較強的護衛都會成為眾枯屍的首領。"
"223","石獅精","9","48","223","Y","","","","","1800","530","160","58","100","4","1","90","50","133","1709|1709","4|3","4","","","0","","","0|621","0|3","0","0","4","-10","0","0","0","0","-4","原為廟寺前的守護靈獸像，但某些石像因受到仙靈的薰陶與日月的精華；遂能幻化為精。"
"226","獨角獸","4","44","226","Y","","","","","1000","500","100","63","120","4","2","0","0","1","","","0","430|430","6|2","5","","","678","1","0","0","0","0","0","0","0","0","0","擁有神奇的治癒能力，非常喜愛音樂只要有音樂的地方就會看見獨角獸；不少人千方百計的要捕捉牠把神奇的角取下。"
"238","尼梅亞獅","5","44","238","Y","","","","","1500","530","166","58","100","4","2","0","0","322","1709|1709","3|3","4","","","0","","","","","0","0","0","0","0","0","0","0","0","尼梅亞森林內的大怪獸，外形像獅子但是比一般的獅子大兩倍；會吐火焰經常吃食人類，後被海克力斯所殺。"
"253","雪芙","6","39","253","Y","","","","","1000","500","125","60","180","4","1","78","95","345","1695|0|1695","4|0|2","5","","","0","","","0|639","0|2","4","-12","0","0","0","0","0","0","0","一種棲息在冰中的仙靈，以人類女性的姿態出現，能自由自在的乘風飛翔。"
"254","肯塔羅斯","4","38","254","Y","","","","","1200","480","122","52","120","4","0","0","0","40","1513|1513","3|3","5","","","0","","","","","0","0","0","0","0","0","0","0","0","希臘傳說的怪物，上身為人下身為馬的半人獸；個性粗暴好色。"
"255","尼凱","0","59","255","Y","","","","","2600","600","180","64","180","4","1","0","0","40","1715|1715","3|3","4","431","5","5","","","","","0","0","0","0","0","0","0","0","0","即是勝利女神，在天界時被宙斯或雅典那撐在手上；隨時的姿態都是展翅欲飛的樣子，在出征前如果看到她此戰就穩操勝算的。"
"267","冥府獄卒","7","45","267","Y","","","","","700","390","106","54","120","3","1","75","60","3","","","0","321|320","5|4","5","","","0|662","0|5","0","0","2","-2","0","0","-2","0","0","專門巡視躲藏各地尚未至冥府報到的鬼魂，所有遊離鬼魂的剋星。"
"269","冤魂","7","39","269","Y","","","","","460","340","95","58","90","4","3","63","80","314","","","0","315|315","3|3","4","","","657","2","-4","0","0","0","0","4","0","0","0","世界各地都有許多因冤獄而死的人，如果沒有得到妥善的超渡就會成了厲鬼到處害人。"
"271","吊死鬼","7","41","271","Y","","","","","580","355","100","54","80","3","4","70","90","313","","","0","317|317","4|4","4","","","649","3","0","-2","0","0","0","4","0","0","0","常在子時出現，全身雪白的衣服披頭散髮；舌頭吐的極長模樣怪嚇人的。"
"272","餓死鬼","7","37","272","Y","","","","","400","330","88","49","100","5","3","50","100","295","","","0","296|296","3|3","3","","","628","3","2","0","0","0","-10","4","-2","0","-4","在國家動蕩不安天災人禍頻繁之時，就會有一群的民眾士兵餓死；出現時最好給它食物否則難保它會作出什麼事。"
"273","瘟鬼","7","43","273","Y","","","","","620","378","96","56","80","3","3","60","105","314","","","0","319|318","3|5","4","","","0|661","0|4","2","-2","0","0","-10","4","0","0","0","因瘟疫而死的人，不滿自己的死法所以變成瘟鬼散播病毒。"
"274","夜叉","8","42","274","Y","","","","","400","350","93","44","60","3","3","65","70","258","","","0","259","5","3","","","630","3","-2","0","0","-2","0","4","-4","0","0","面貌奇醜無比有，專門吃食鬼魂叫聲犀利悽慘讓人聽之喪膽。"
"277","雪女","6","45","277","Y","","","","","1500","446","105","63","130","4","2","94","140","122","1702|1702","4|3","5","","","0","","","0|709","0|2","4","-18","0","0","0","-2","0","0","0","受山神管轄只在一些雪地出現，不過卻經常趁山神不注意時跑出去各鄉村城鎮，與人類玩在一起。"
"281","天宮仙女","2","43","281","Y","","","","","1350","458","120","66","100","3","3","84","95","358","1703|1703","3|3","5","","","0","","","0|707","0|2","0","0","0","0","0","-2","4","0","0","天庭中地位較高的神都會有一宮庭，而就如人間宮庭內的婢女一樣的。"
"316","妖燈鬼","8","46","316","Y","","","","","1080","460","96","60","150","5","2","100","150","350","","","0","351|296","8|3","4","","","696|712","3|3","-16","4","0","0","0","4","-6","0","0","是一種藏於民家的魔怪，身形似燈所以人們較不易發覺；妖燈在趁機襲擊。"
"317","迷魂霧妖","9","45","317","Y","","","","","80","460","10","68","120","5","2","85","120","41","","","0","342|342","4|6","4","","","","","-8","-10","-10","-10","-10","0","-10","-10","-10","原是仙人的丹爐的法器，經五百年後有了自身的意識，不過卻不幸偏離了正道而遭打落凡間。"
"368","鬥戰聖佛","1","65","368","Y","","","","","3000","630","160","66","170","4","0","300","500","122","1705|1705","8|8","5","","","0","","","","","-4","-4","-4","-4","-8","-6","-4","-2","0","孫悟空護送唐三藏到西天取經回來後，回歸天庭，封為鬥戰聖佛。"
"377","死靈騎士","1","50","377","Y","","","","","3000","530","160","62","120","4","1","500","1000","","","","0","378|378","3|5","5","","","624|628","3|3","2","-2","0","0","-10","4","-12","0","0","遽聞是在某皇家內的一般的騎士團團長，身穿一身黑色的鎧甲擁有高超的騎術與鎗術。"
"378","鬥戰聖佛","1","57","378","","Y","","","","20000","630","160","66","170","4","0","1500","2000","122","1705|1704|1705","8|5|8","5","","","0","","","556","20","-4","-4","-4","-4","-8","-6","-4","-2","0","孫悟空護送唐三藏到西天取經回來後，回歸天庭，封為鬥戰聖佛。"
"379","鬥戰聖佛分身","1","50","379","","","Y","","","8000","580","140","60","160","0","0","0","0","122","","","0","","","0","","","","","-2","-2","-2","-2","-6","-4","-2","0","0","孫悟空護送唐三藏到西天取經回來後，回歸天庭，封為鬥戰聖佛。"
"380","教眾長老","23","48","380","","","","","","1200","380","148","58","180","3","2","90","200","313","1692","6","6","325|325","4|4","4","","","0|631","0|5","0","0","-6","0","0","-4","0","-2","0","黑檀教的法術高手，法力源自於雨丹子賜與，其代價為死後成為鬼也必須聽命於雨丹子。"
"381","黃八","23","45","381","","Y","Y","","","5800","360","158","55","180","3","2","400","500","313","1692","5","6","325|325","3|3","4","","","","","-2","-2","-4","-2","0","-2","-4","-2","0",""
"382","人屍","3","50","382","","Y","","","","3000","522","158","60","180","3","2","100","160","","","","0","422|422","3|3","5","","","","","-2","-2","-4","-2","0","-2","-12","-2","0","利用反曼陀羅陣所呼喚出的妖怪，擁有極邪氣的法術。"
"383","蜃樓石頭妖","8","45","383","","Y","Y","","","3500","350","150","40","40","2","0","300","0","1","","","0","206|206","3|2","3","","","","","-10","-10","8","-10","-10","-10","-10","-10","-10","蜃樓王幻化的妖怪，千萬別小看了他的外表。"
"384","蜃樓財寶怪","8","40","384","","Y","Y","","","2500","280","100","44","40","3","0","200","1000","132","","","0","","","0","","","","","8","-10","-10","-10","-10","-10","-10","-10","-10","蜃樓王幻化的妖怪，千萬別被它的財寶所吸引，不然會付出相當大的代價的。"
"385","響尾蛇","14","23","102","","","Y","","","135","115","64","48","20","3","2","11","8","4","","","0","10","3","3","","","","","0","0","0","0","-10","0","0","0","0","常於沙漠出現的橫行響尾蛇，速度快而且毒性又強。"
"386","大棕熊","14","26","386","","","","","","165","126","92","43","13","1","1","18","15","8","","","0","26","3","2","","","","","0","0","0","0","0","0","0","0","0","外型較一般的熊大，會主動攻擊別的生物作為食物。"
"387","銀背金剛","14","23","387","","","","","","140","126","80","40","20","2","1","13","8","1","","","0","26","3","3","","","","","0","0","0","0","0","0","0","0","0","只在少數的密林的出沒，體型碩大、力大無窮；吼叫時聽了都令人生畏。"
"388","紅鬃猿","14","22","388","","","","","","105","112","80","45","10","3","3","7","10","1","","","0","25","3","3","","","","","0","0","0","0","0","0","0","0","0","群居性動物，經常在森林、叢林等地偷襲來往的人類。"
"389","奧斯曼","23","30","389","","Y","","","","400","160","85","47","100","4","1","50","100","","","","0","","","0","","","","","0","0","0","0","0","0","0","0","0","大馬士革城內的黑衣大食兵，是葉塔的父親。"
"390","鬼爵","3","34","390","Y","","","","","220","160","79","40","80","3","1","34","40","153","","","0","154","4","3","","","627","3","2","-2","-2","-2","-10","4","-12","2","0","來自地獄邪惡的使者，外型與吸血鬼類似，但是在魔界中的地位與力量卻遠遠超過吸血鬼。"
"391","魚身人面妖","8","30","391","Y","","","","","180","150","89","45","90","3","1","25","20","137","","","0","","","0","","","","","4","-6","0","0","0","0","0","0","0","傳說中一種奇特的生物，能於路地上行動也能悠遊於水中；喜愛集體行動。"
"392","閻惡靈","7","29","392","Y","","","","","160","164","60","38","80","4","1","28","25","133","","","0","","","0","","","720","3","0","0","0","0","0","4","-4","0","-2","由數個怨靈組成的強大怨念體，這也造成此念體的強大力量；除非是得道高僧否則很難渡化這些怨念的。"
"393","沙漠綠蠍","14","25","393","","","","","","200","120","68","38","40","4","2","22","25","35","","","0","130","3","0","","","647","3","-2","4","0","-2","-10","0","0","0","0","是一種沙漠特有的毒蠍，速度與體型都較一般的毒蠍來的大；行走沙漠的商人或旅者們最怕也最討厭碰到牠們。"
"394","地獄妖貓","3","35","394","","Y","","","","150","138","90","53","90","6","2","35","25","90","1670","2","2","152","3","4","","","627","3","0","0","0","0","0","6","-6","0","0","當一些惡靈附身在其它死去的軀殼上時，就會產生一些變化；被長期的附身後全身成綠色且站立行走模樣甚是可怕。"
"395","高地骷髏妖","3","31","395","","Y","","","","700","127","85","60","70","4","1","180","120","1","","","0","94","3","3","","","","","2","2","0","0","-10","2","-2","-2","0","在某些高原上的神秘族群，他們會用一些奇異的古魔法喚出這一種特有的骷髏妖，去對付他們的敵人。"
"396","弒肉妖","8","25","396","","Y","","","","480","75","62","42","50","4","1","150","50","3","","","0","80","5","5","","","933","20","-2","0","0","-2","-10","2","0","2","0","原是中國地區的妖怪，後因機緣巧合在歐洲出現，傳言經常出沒山洞內，喜吃食人肉。"
"397","赤尾蠍子","14","17","397","","","","","","40","50","43","28","14","4","2","13","5","35","","","0","","","0","","","","","0","0","0","0","0","0","0","0","0","主要分布在各溫暖地區，要小心牠的雙螯但赤尾蠍那根毒針不具有麻醉作用，倒是雙螯特別的強悍。"
"398","加賽因","9","23","398","","Y","","","","100","48","25","28","43","4","1","25","30","5","1662","5","3","","","0","","","1005","20","0","2","0","0","0","2","-2","-4","0","是一種與巫師定下契約的妖精，通常被封於瓶子或戒指之內，在需要時再將其呼喚出，其能力相當廣泛，從做家事到殺人皆沒問題。達成任務後便又被封回去了。"
"399","修道院院長","23","20","399","","Y","","","","135","53","48","30","50","0","1","120","100","6","","","2","30","4","3","1574","1","","","-10","-10","-10","-10","-10","-10","-10","-10","0","修道院內的高階修士，比一般的修士或僧侶的修為更加高；通常都擔任修道院中重要的職位。"
"400","梅羅文加軍人","23","3","400","","","","","","15","15","12","17","10","0","0","10","10","5","","","0","","","0","","","","","0","0","0","0","0","0","0","0","0",""
"403","死靈騎士","1","56","403","","Y","","","","3000","530","160","62","120","4","1","500","1000","","","","0","378|378","3|5","5","","","624|628","3|3","2","-2","0","0","-10","4","-6","0","0","遽聞是在某皇家內的一般的騎士團團長，身穿一身黑色的鎧甲擁有高超的騎術與鎗術。"
"407","教士","23","6","407","","","","","","24","30","20","29","30","1","2","6","10","6","","","0","13","3","3","","","621","5","0","0","0","0","0","-2","2","0","0","教堂內的低層下屬，有著些許的法力。"
"408","武僧","23","8","408","","","","","","38","35","23","25","20","1","1","10","8","1","","","0","","","0","","","","","0","0","0","0","0","0","0","0","0","身強體壯的修士，身手都有兩下子一般都在看守牢房。"
"409","梅羅文加軍人","23","7","409","","","","","","28","34","23","32","20","2","1","8","12","5","","","0","","","0","","","564","3","0","0","0","0","0","0","0","0","0","身著正統的梅羅文加軍鎧，大多數的軍人都仗勢欺壓百姓；因為他們通常都結隊出巡。"
"410","威尼斯水軍","23","15","410","","","","","","80","70","58","48","35","4","2","13","10","40","","","0","","","0","","","","","0","0","0","0","0","0","0","0","0",""
"411","黑衣大食兵","23","35","411","","","","","","220","220","65","43","95","3","1","60","80","40","","","0","","","0","","","627","3","0","0","0","0","0","0","0","0","0","阿拉伯帝國（伊斯蘭）的阿拔斯家族士兵。"
"412","白衣大食兵","23","32","412","","","","","","220","200","60","45","95","3","1","40","70","40","","","0","","","0","","","627","3","0","0","0","0","0","0","0","0","0","阿拉伯帝國（伊斯蘭）的歐馬亞王朝士兵。"
"416","唐軍步卒","10","33","416","","","","","","250","204","64","45","100","4","1","55","100","189","","","0","","","0","","","0|628","0|3","0","0","0","0","0","0","0","0","0",""
"433","道士","23","45","433","","","Y","","","680","360","158","55","180","3","2","80","160","313","1692","5","6","325|325","3|3","4","","","","","-2","-2","-4","-2","0","-2","-4","-2","0",""
"438","蔡魔王","1","99","438","","","Y","","","10000","100","100","40","0","0","0","1","1","1","1676|1668","2|2","1","1683","5","3","","","","","0","0","0","0","0","0","0","0","0","DOMO小組的頭頭，擁有無限的邪惡能量，軒轅劍參所有的怪物加起來都不是他的對手，擁有毀DOMO滅軒轅劍的力量"
"2201","土匪","23","50","2201","Y","","Y","","","3000","530","160","62","120","4","1","500","1000","189","","","0","378|378","3|5","5","","","624|628","3|3","0","0","0","0","0","0","0","0","0","集結出動行搶的強盜，盤據在固定的地方有一位或數位的領導者帶領。"
"2202","NAME1032","23","50","75","","Y","Y","","","10000","550","66","72","80","5","0","1000","3000","412","","","6","","","5","","","645","20","0","0","0","0","0","0","0","0","0",""
"2203","山鬼","7","35","185","Y","","Y","","","9999","1","999","46","80","4","2","30","45","3","","","0","252","99","10","","","0|627","0|3","0","0","2","-4","-10","4","0","0","0","一些旅行各地的人常因某些原因而葬身山中，在沒人發現的情況下就成了孤魂野鬼出不了此山。"
