"enemy_id","enemy_name","action_type","source_id","action_name","attack_effect_id","attack_point","attribute_id","wide_range","affixation_effect","continuous_turns","add_buff","initial_usage_count","ai_rate","cooldown"
"74","撒旦","普通攻擊","","基本攻擊效果","122","0","9","","0","0","0","","動態：連續普通攻擊越多，權重越低，最低 2。","未定義；原版 AI 使用權重與剩餘使用次數，非每回合 CD。"
"46","蚩尤","普通攻擊","","基本攻擊效果","122","0","9","","0","0","0","","動態：連續普通攻擊越多，權重越低，最低 2。","未定義；原版 AI 使用權重與剩餘使用次數，非每回合 CD。"
"46","蚩尤","技能","1712","百闇川聚","419","3000","7","Y","0","0","0","8","6","未定義；原版 AI 使用權重與剩餘使用次數，非每回合 CD。"
"46","蚩尤","技能","1716","風馳貫陰雷","435","3500","8","Y","0","0","0","15","6","未定義；原版 AI 使用權重與剩餘使用次數，非每回合 CD。"
"46","蚩尤","技能","1717","奔雷閃襲","436","5000","8","","0","0","0","10","6","未定義；原版 AI 使用權重與剩餘使用次數，非每回合 CD。"
"46","蚩尤","特殊攻擊","438","特殊攻擊效果 438","438","700","9","","0","0","0","12","5","未定義；原版 AI 使用權重與剩餘使用次數，非每回合 CD。"
"46","蚩尤","特殊攻擊","437","特殊攻擊效果 437","437","2000","8","","16","5","0","10","5","未定義；原版 AI 使用權重與剩餘使用次數，非每回合 CD。"
"46","蚩尤","治療／危急技能","1714","闇魔源","421","0","7","","0","0","0","2","依目前 HP 數值最少的存活敵人之 HP 百分比增加權重；不是最低 HP 百分比排序。","未定義；原版 AI 使用權重與剩餘使用次數，非每回合 CD。"
"46","蚩尤","治療／危急技能","1714","闇魔源","421","0","7","","0","0","0","1","依目前 HP 數值最少的存活敵人之 HP 百分比增加權重；不是最低 HP 百分比排序。","未定義；原版 AI 使用權重與剩餘使用次數，非每回合 CD。"
"59","牛魔王","普通攻擊","","基本攻擊效果","141","0","1","","0","0","0","","動態：連續普通攻擊越多，權重越低，最低 2。","未定義；原版 AI 使用權重與剩餘使用次數，非每回合 CD。"
"59","牛魔王","技能","1719","血靈還魂","465","4000","7","Y","0","0","0","18","7","未定義；原版 AI 使用權重與剩餘使用次數，非每回合 CD。"
"59","牛魔王","技能","1718","青焰纏捲","466","2000","10","Y","4096","3","0","18","7","未定義；原版 AI 使用權重與剩餘使用次數，非每回合 CD。"
"59","牛魔王","技能","1720","封術禁言","467","0","10","Y","16","5","0","13","7","未定義；原版 AI 使用權重與剩餘使用次數，非每回合 CD。"
"59","牛魔王","特殊攻擊","464","特殊攻擊效果 464","464","6000","9","","0","0","0","20","8","未定義；原版 AI 使用權重與剩餘使用次數，非每回合 CD。"
"59","牛魔王","特殊攻擊","468","特殊攻擊效果 468","468","3000","10","","0","0","0","15","8","未定義；原版 AI 使用權重與剩餘使用次數，非每回合 CD。"
"59","牛魔王","治療／危急技能","1588","八門定星術","14","0","0","","0","0","0","3","依目前 HP 數值最少的存活敵人之 HP 百分比增加權重；不是最低 HP 百分比排序。","未定義；原版 AI 使用權重與剩餘使用次數，非每回合 CD。"
"59","牛魔王","治療／危急技能","1588","八門定星術","14","0","0","","0","0","0","3","依目前 HP 數值最少的存活敵人之 HP 百分比增加權重；不是最低 HP 百分比排序。","未定義；原版 AI 使用權重與剩餘使用次數，非每回合 CD。"
"75","撒旦賽特","普通攻擊","","基本攻擊效果","412","0","9","","512","8","0","","動態：連續普通攻擊越多，權重越低，最低 2。","未定義；原版 AI 使用權重與剩餘使用次數，非每回合 CD。"
"75","撒旦賽特","技能","1710","霸王崩山勁","415","1500","7","Y","0","0","0","5","6","未定義；原版 AI 使用權重與剩餘使用次數，非每回合 CD。"
"75","撒旦賽特","技能","1710","霸王崩山勁","415","1500","7","Y","0","0","0","5","6","未定義；原版 AI 使用權重與剩餘使用次數，非每回合 CD。"
"75","撒旦賽特","特殊攻擊","413","特殊攻擊效果 413","413","520","9","","0","0","0","8","5","未定義；原版 AI 使用權重與剩餘使用次數，非每回合 CD。"
"75","撒旦賽特","特殊攻擊","414","特殊攻擊效果 414","414","2200","7","","0","0","0","8","5","未定義；原版 AI 使用權重與剩餘使用次數，非每回合 CD。"
"28","撒旦","普通攻擊","","基本攻擊效果","463","0","9","","64","3","0","","動態：連續普通攻擊越多，權重越低，最低 2。","未定義；原版 AI 使用權重與剩餘使用次數，非每回合 CD。"
"28","撒旦","技能","1711","百鬼碎裂","418","1200","4","Y","0","0","0","6","5","未定義；原版 AI 使用權重與剩餘使用次數，非每回合 CD。"
"28","撒旦","技能","1712","百闇川聚","419","3000","7","Y","0","0","0","6","5","未定義；原版 AI 使用權重與剩餘使用次數，非每回合 CD。"
"28","撒旦","技能","1713","拂塵燎原","420","2000","8","Y","0","0","0","6","5","未定義；原版 AI 使用權重與剩餘使用次數，非每回合 CD。"
"28","撒旦","特殊攻擊","416","特殊攻擊效果 416","416","4000","1","","16","5","0","8","6","未定義；原版 AI 使用權重與剩餘使用次數，非每回合 CD。"
"28","撒旦","特殊攻擊","417","特殊攻擊效果 417","417","2200","3","","512","8","0","10","6","未定義；原版 AI 使用權重與剩餘使用次數，非每回合 CD。"
"28","撒旦","治療／危急技能","1","技能 1","","","","","","","","1","依目前 HP 數值最少的存活敵人之 HP 百分比增加權重；不是最低 HP 百分比排序。","未定義；原版 AI 使用權重與剩餘使用次數，非每回合 CD。"
"378","鬥戰聖佛","普通攻擊","","基本攻擊效果","122","0","9","","0","0","0","","動態：連續普通攻擊越多，權重越低，最低 2。","未定義；原版 AI 使用權重與剩餘使用次數，非每回合 CD。"
"378","鬥戰聖佛","技能","1705","神焰九轉","389","600","1","Y","0","0","0","8","5","未定義；原版 AI 使用權重與剩餘使用次數，非每回合 CD。"
"378","鬥戰聖佛","技能","1704","草木皆兵","388","0","6","","0","0","0","5","5","未定義；原版 AI 使用權重與剩餘使用次數，非每回合 CD。"
"378","鬥戰聖佛","技能","1705","神焰九轉","389","600","1","Y","0","0","0","8","5","未定義；原版 AI 使用權重與剩餘使用次數，非每回合 CD。"
"32","雨丹子","普通攻擊","","基本攻擊效果","346","0","7","","0","0","0","","動態：連續普通攻擊越多，權重越低，最低 2。","未定義；原版 AI 使用權重與剩餘使用次數，非每回合 CD。"
"32","雨丹子","技能","1696","百毒魔爪","347","200","5","Y","4096","6","0","8","5","未定義；原版 AI 使用權重與剩餘使用次數，非每回合 CD。"
"32","雨丹子","技能","1696","百毒魔爪","347","200","5","Y","4096","6","0","6","5","未定義；原版 AI 使用權重與剩餘使用次數，非每回合 CD。"
"32","雨丹子","特殊攻擊","356","特殊攻擊效果 356","356","0","7","","0","0","0","3","4","未定義；原版 AI 使用權重與剩餘使用次數，非每回合 CD。"
"32","雨丹子","特殊攻擊","356","特殊攻擊效果 356","356","0","7","","0","0","0","2","4","未定義；原版 AI 使用權重與剩餘使用次數，非每回合 CD。"
"32","雨丹子","治療／危急技能","1697","萬妖聚靈","357","0","7","","0","0","0","2","依目前 HP 數值最少的存活敵人之 HP 百分比增加權重；不是最低 HP 百分比排序。","未定義；原版 AI 使用權重與剩餘使用次數，非每回合 CD。"
"32","雨丹子","治療／危急技能","1697","萬妖聚靈","357","0","7","","0","0","0","1","依目前 HP 數值最少的存活敵人之 HP 百分比增加權重；不是最低 HP 百分比排序。","未定義；原版 AI 使用權重與剩餘使用次數，非每回合 CD。"
"51","羯羊妖機","普通攻擊","","基本攻擊效果","131","0","9","","0","0","0","","動態：連續普通攻擊越多，權重越低，最低 2。","未定義；原版 AI 使用權重與剩餘使用次數，非每回合 CD。"
"51","羯羊妖機","技能","1693","三昧陰火劫","338","480","7","Y","0","0","0","7","6","未定義；原版 AI 使用權重與剩餘使用次數，非每回合 CD。"
"51","羯羊妖機","技能","1693","三昧陰火劫","338","480","7","Y","0","0","0","4","6","未定義；原版 AI 使用權重與剩餘使用次數，非每回合 CD。"
"51","羯羊妖機","特殊攻擊","3","特殊攻擊效果 3","3","0","9","","0","0","0","10","5","未定義；原版 AI 使用權重與剩餘使用次數，非每回合 CD。"
"72","康那里士","普通攻擊","","基本攻擊效果","257","10","7","","0","0","0","","動態：連續普通攻擊越多，權重越低，最低 2。","未定義；原版 AI 使用權重與剩餘使用次數，非每回合 CD。"
"72","康那里士","技能","1693","三昧陰火劫","338","480","7","Y","0","0","0","4","5","未定義；原版 AI 使用權重與剩餘使用次數，非每回合 CD。"
"72","康那里士","技能","1684","靈魔幻音","199","300","7","Y","0","0","0","3","5","未定義；原版 AI 使用權重與剩餘使用次數，非每回合 CD。"
"72","康那里士","技能","1552","食魂咒","59","0","7","","64","5","0","3","5","未定義；原版 AI 使用權重與剩餘使用次數，非每回合 CD。"
"72","康那里士","治療／危急技能","1697","萬妖聚靈","357","0","7","","0","0","0","2","依目前 HP 數值最少的存活敵人之 HP 百分比增加權重；不是最低 HP 百分比排序。","未定義；原版 AI 使用權重與剩餘使用次數，非每回合 CD。"
"72","康那里士","治療／危急技能","1683","魔氣縱橫","198","0","7","","0","0","0","1","依目前 HP 數值最少的存活敵人之 HP 百分比增加權重；不是最低 HP 百分比排序。","未定義；原版 AI 使用權重與剩餘使用次數，非每回合 CD。"
"53","雨丹子五鬼","普通攻擊","","基本攻擊效果","346","0","7","","0","0","0","","動態：連續普通攻擊越多，權重越低，最低 2。","未定義；原版 AI 使用權重與剩餘使用次數，非每回合 CD。"
"53","雨丹子五鬼","技能","1696","百毒魔爪","347","200","5","Y","4096","6","0","4","5","未定義；原版 AI 使用權重與剩餘使用次數，非每回合 CD。"
"53","雨丹子五鬼","技能","1696","百毒魔爪","347","200","5","Y","4096","6","0","4","5","未定義；原版 AI 使用權重與剩餘使用次數，非每回合 CD。"
"53","雨丹子五鬼","技能","1696","百毒魔爪","347","200","5","Y","4096","6","0","4","5","未定義；原版 AI 使用權重與剩餘使用次數，非每回合 CD。"
"53","雨丹子五鬼","特殊攻擊","3","特殊攻擊效果 3","3","0","9","","0","0","0","4","4","未定義；原版 AI 使用權重與剩餘使用次數，非每回合 CD。"
"38","鎮邪","普通攻擊","","基本攻擊效果","1","0","9","","0","0","0","","動態：連續普通攻擊越多，權重越低，最低 2。","未定義；原版 AI 使用權重與剩餘使用次數，非每回合 CD。"
"33","張客","普通攻擊","","基本攻擊效果","379","0","9","","0","0","0","","動態：連續普通攻擊越多，權重越低，最低 2。","未定義；原版 AI 使用權重與剩餘使用次數，非每回合 CD。"
"2202","NAME1032","普通攻擊","","基本攻擊效果","412","0","9","","512","8","0","","動態：連續普通攻擊越多，權重越低，最低 2。","未定義；原版 AI 使用權重與剩餘使用次數，非每回合 CD。"
"438","蔡魔王","普通攻擊","","基本攻擊效果","1","0","9","","0","0","0","","動態：連續普通攻擊越多，權重越低，最低 2。","未定義；原版 AI 使用權重與剩餘使用次數，非每回合 CD。"
"438","蔡魔王","技能","1676","幻光聖劍","121","120","6","","0","0","0","2","1","未定義；原版 AI 使用權重與剩餘使用次數，非每回合 CD。"
"438","蔡魔王","技能","1668","六芒星斬","73","80","7","Y","0","0","0","2","1","未定義；原版 AI 使用權重與剩餘使用次數，非每回合 CD。"
"438","蔡魔王","特殊攻擊","1","特殊攻擊效果 1","1","0","9","","0","0","0","5","3","未定義；原版 AI 使用權重與剩餘使用次數，非每回合 CD。"
"2203","山鬼","普通攻擊","","基本攻擊效果","3","0","9","","0","0","0","","動態：連續普通攻擊越多，權重越低，最低 2。","未定義；原版 AI 使用權重與剩餘使用次數，非每回合 CD。"
"2203","山鬼","特殊攻擊","2","特殊攻擊效果 2","2","0","9","","0","0","0","99","10","未定義；原版 AI 使用權重與剩餘使用次數，非每回合 CD。"
"73","撒旦麥爾斯","普通攻擊","","基本攻擊效果","1","0","9","","0","0","0","","動態：連續普通攻擊越多，權重越低，最低 2。","未定義；原版 AI 使用權重與剩餘使用次數，非每回合 CD。"
"73","撒旦麥爾斯","技能","1688","魔氣貫頂","265","320","7","Y","0","0","0","2","6","未定義；原版 AI 使用權重與剩餘使用次數，非每回合 CD。"
"73","撒旦麥爾斯","技能","1688","魔氣貫頂","265","320","7","Y","0","0","0","3","6","未定義；原版 AI 使用權重與剩餘使用次數，非每回合 CD。"
"73","撒旦麥爾斯","特殊攻擊","390","特殊攻擊效果 390","390","530","9","","0","0","0","3","5","未定義；原版 AI 使用權重與剩餘使用次數，非每回合 CD。"
"73","撒旦麥爾斯","特殊攻擊","391","特殊攻擊效果 391","391","400","9","","0","0","0","2","5","未定義；原版 AI 使用權重與剩餘使用次數，非每回合 CD。"
"73","撒旦麥爾斯","治療／危急技能","1683","魔氣縱橫","198","0","7","","0","0","0","1","依目前 HP 數值最少的存活敵人之 HP 百分比增加權重；不是最低 HP 百分比排序。","未定義；原版 AI 使用權重與剩餘使用次數，非每回合 CD。"
"73","撒旦麥爾斯","治療／危急技能","1697","萬妖聚靈","357","0","7","","0","0","0","2","依目前 HP 數值最少的存活敵人之 HP 百分比增加權重；不是最低 HP 百分比排序。","未定義；原版 AI 使用權重與剩餘使用次數，非每回合 CD。"
"379","鬥戰聖佛分身","普通攻擊","","基本攻擊效果","122","0","9","","0","0","0","","動態：連續普通攻擊越多，權重越低，最低 2。","未定義；原版 AI 使用權重與剩餘使用次數，非每回合 CD。"
"39","王思月","普通攻擊","","基本攻擊效果","354","0","7","","0","0","0","","動態：連續普通攻擊越多，權重越低，最低 2。","未定義；原版 AI 使用權重與剩餘使用次數，非每回合 CD。"
"39","王思月","特殊攻擊","355","特殊攻擊效果 355","355","500","8","Y","0","0","0","6","5","未定義；原版 AI 使用權重與剩餘使用次數，非每回合 CD。"
"39","王思月","特殊攻擊","355","特殊攻擊效果 355","355","500","8","Y","0","0","0","6","5","未定義；原版 AI 使用權重與剩餘使用次數，非每回合 CD。"
"52","夜叉悟緣","普通攻擊","","基本攻擊效果","258","0","9","","0","0","0","","動態：連續普通攻擊越多，權重越低，最低 2。","未定義；原版 AI 使用權重與剩餘使用次數，非每回合 CD。"
"52","夜叉悟緣","特殊攻擊","336","特殊攻擊效果 336","336","430","9","","0","0","0","6","5","未定義；原版 AI 使用權重與剩餘使用次數，非每回合 CD。"
"52","夜叉悟緣","特殊攻擊","337","特殊攻擊效果 337","337","400","7","","0","0","0","6","5","未定義；原版 AI 使用權重與剩餘使用次數，非每回合 CD。"
"48","機關三魔獸","技能","1681","紅嵐滔光","182","350","1","Y","0","0","0","3","4","未定義；原版 AI 使用權重與剩餘使用次數，非每回合 CD。"
"48","機關三魔獸","技能","1681","紅嵐滔光","182","350","1","Y","0","0","0","2","4","未定義；原版 AI 使用權重與剩餘使用次數，非每回合 CD。"
"48","機關三魔獸","技能","1681","紅嵐滔光","182","350","1","Y","0","0","0","2","4","未定義；原版 AI 使用權重與剩餘使用次數，非每回合 CD。"
"48","機關三魔獸","特殊攻擊","180","特殊攻擊效果 180","180","520","9","","0","0","0","3","5","未定義；原版 AI 使用權重與剩餘使用次數，非每回合 CD。"
"48","機關三魔獸","特殊攻擊","180","特殊攻擊效果 180","180","520","9","","0","0","0","3","5","未定義；原版 AI 使用權重與剩餘使用次數，非每回合 CD。"
"381","黃八","普通攻擊","","基本攻擊效果","313","0","7","","0","0","0","","動態：連續普通攻擊越多，權重越低，最低 2。","未定義；原版 AI 使用權重與剩餘使用次數，非每回合 CD。"
"381","黃八","技能","1","技能 1","","","","","","","","5","6","未定義；原版 AI 使用權重與剩餘使用次數，非每回合 CD。"
"381","黃八","特殊攻擊","325","特殊攻擊效果 325","325","0","7","","32","8","0","3","4","未定義；原版 AI 使用權重與剩餘使用次數，非每回合 CD。"
"381","黃八","特殊攻擊","325","特殊攻擊效果 325","325","0","7","","32","8","0","3","4","未定義；原版 AI 使用權重與剩餘使用次數，非每回合 CD。"
"16","蜃樓王","普通攻擊","","基本攻擊效果","204","0","9","","0","0","0","","動態：連續普通攻擊越多，權重越低，最低 2。","未定義；原版 AI 使用權重與剩餘使用次數，非每回合 CD。"
"16","蜃樓王","技能","1685","雷霆光鏵","207","350","8","Y","0","0","0","6","4","未定義；原版 AI 使用權重與剩餘使用次數，非每回合 CD。"
"16","蜃樓王","技能","1686","封靈滅法","208","0","10","","16","8","0","3","4","未定義；原版 AI 使用權重與剩餘使用次數，非每回合 CD。"
"16","蜃樓王","技能","1686","封靈滅法","208","0","10","","16","8","0","2","4","未定義；原版 AI 使用權重與剩餘使用次數，非每回合 CD。"
"16","蜃樓王","特殊攻擊","205","特殊攻擊效果 205","205","350","9","","0","0","0","4","5","未定義；原版 AI 使用權重與剩餘使用次數，非每回合 CD。"
"16","蜃樓王","特殊攻擊","205","特殊攻擊效果 205","205","350","9","","0","0","0","3","5","未定義；原版 AI 使用權重與剩餘使用次數，非每回合 CD。"
"16","蜃樓王","治療／危急技能","1578","神癒咒","14","0","0","","0","0","0","1","依目前 HP 數值最少的存活敵人之 HP 百分比增加權重；不是最低 HP 百分比排序。","未定義；原版 AI 使用權重與剩餘使用次數，非每回合 CD。"
"16","蜃樓王","治療／危急技能","1578","神癒咒","14","0","0","","0","0","0","1","依目前 HP 數值最少的存活敵人之 HP 百分比增加權重；不是最低 HP 百分比排序。","未定義；原版 AI 使用權重與剩餘使用次數，非每回合 CD。"
"12","恐懼之王","普通攻擊","","基本攻擊效果","159","0","9","","0","0","0","","動態：連續普通攻擊越多，權重越低，最低 2。","未定義；原版 AI 使用權重與剩餘使用次數，非每回合 CD。"
"12","恐懼之王","技能","1680","懾心靈震","161","300","7","Y","0","0","0","2","4","未定義；原版 AI 使用權重與剩餘使用次數，非每回合 CD。"
"12","恐懼之王","技能","1680","懾心靈震","161","300","7","Y","0","0","0","2","4","未定義；原版 AI 使用權重與剩餘使用次數，非每回合 CD。"
"12","恐懼之王","技能","1680","懾心靈震","161","300","7","Y","0","0","0","1","4","未定義；原版 AI 使用權重與剩餘使用次數，非每回合 CD。"
"12","恐懼之王","特殊攻擊","1","特殊攻擊效果 1","1","0","9","","0","0","0","5","5","未定義；原版 AI 使用權重與剩餘使用次數，非每回合 CD。"
"68","撒旦麥爾斯","普通攻擊","","基本攻擊效果","1","0","9","","0","0","0","","動態：連續普通攻擊越多，權重越低，最低 2。","未定義；原版 AI 使用權重與剩餘使用次數，非每回合 CD。"
"68","撒旦麥爾斯","技能","1688","魔氣貫頂","265","320","7","Y","0","0","0","2","5","未定義；原版 AI 使用權重與剩餘使用次數，非每回合 CD。"
"68","撒旦麥爾斯","技能","1688","魔氣貫頂","265","320","7","Y","0","0","0","3","5","未定義；原版 AI 使用權重與剩餘使用次數，非每回合 CD。"
"68","撒旦麥爾斯","特殊攻擊","262","特殊攻擊效果 262","262","430","9","","0","0","0","3","4","未定義；原版 AI 使用權重與剩餘使用次數，非每回合 CD。"
"68","撒旦麥爾斯","特殊攻擊","263","特殊攻擊效果 263","263","300","9","","0","0","0","2","4","未定義；原版 AI 使用權重與剩餘使用次數，非每回合 CD。"
"68","撒旦麥爾斯","治療／危急技能","1683","魔氣縱橫","198","0","7","","0","0","0","2","依目前 HP 數值最少的存活敵人之 HP 百分比增加權重；不是最低 HP 百分比排序。","未定義；原版 AI 使用權重與剩餘使用次數，非每回合 CD。"
"68","撒旦麥爾斯","治療／危急技能","1683","魔氣縱橫","198","0","7","","0","0","0","1","依目前 HP 數值最少的存活敵人之 HP 百分比增加權重；不是最低 HP 百分比排序。","未定義；原版 AI 使用權重與剩餘使用次數，非每回合 CD。"
"70","蜃樓王","普通攻擊","","基本攻擊效果","276","500","8","","0","0","0","","動態：連續普通攻擊越多，權重越低，最低 2。","未定義；原版 AI 使用權重與剩餘使用次數，非每回合 CD。"
"70","蜃樓王","技能","1685","雷霆光鏵","207","350","8","Y","0","0","0","5","4","未定義；原版 AI 使用權重與剩餘使用次數，非每回合 CD。"
"70","蜃樓王","技能","1686","封靈滅法","208","0","10","","16","8","0","3","4","未定義；原版 AI 使用權重與剩餘使用次數，非每回合 CD。"
"70","蜃樓王","技能","1686","封靈滅法","208","0","10","","16","8","0","1","4","未定義；原版 AI 使用權重與剩餘使用次數，非每回合 CD。"
"70","蜃樓王","特殊攻擊","205","特殊攻擊效果 205","205","350","9","","0","0","0","3","3","未定義；原版 AI 使用權重與剩餘使用次數，非每回合 CD。"
"70","蜃樓王","特殊攻擊","205","特殊攻擊效果 205","205","350","9","","0","0","0","2","3","未定義；原版 AI 使用權重與剩餘使用次數，非每回合 CD。"
"70","蜃樓王","治療／危急技能","1578","神癒咒","14","0","0","","0","0","0","1","依目前 HP 數值最少的存活敵人之 HP 百分比增加權重；不是最低 HP 百分比排序。","未定義；原版 AI 使用權重與剩餘使用次數，非每回合 CD。"
"70","蜃樓王","治療／危急技能","1578","神癒咒","14","0","0","","0","0","0","1","依目前 HP 數值最少的存活敵人之 HP 百分比增加權重；不是最低 HP 百分比排序。","未定義；原版 AI 使用權重與剩餘使用次數，非每回合 CD。"
"178","神龍","普通攻擊","","基本攻擊效果","406","0","6","","0","0","0","","動態：連續普通攻擊越多，權重越低，最低 2。","未定義；原版 AI 使用權重與剩餘使用次數，非每回合 CD。"
"178","神龍","特殊攻擊","429","特殊攻擊效果 429","429","800","6","Y","0","0","0","8","5","未定義；原版 AI 使用權重與剩餘使用次數，非每回合 CD。"
"178","神龍","特殊攻擊","296","特殊攻擊效果 296","296","0","10","","0","5","268435456","4","5","未定義；原版 AI 使用權重與剩餘使用次數，非每回合 CD。"
"69","撒旦麥爾斯","普通攻擊","","基本攻擊效果","1","0","9","","0","0","0","","動態：連續普通攻擊越多，權重越低，最低 2。","未定義；原版 AI 使用權重與剩餘使用次數，非每回合 CD。"
"69","撒旦麥爾斯","技能","1","技能 1","","","","","","","","1","0","未定義；原版 AI 使用權重與剩餘使用次數，非每回合 CD。"
"69","撒旦麥爾斯","特殊攻擊","2","特殊攻擊效果 2","2","0","9","","0","0","0","1","0","未定義；原版 AI 使用權重與剩餘使用次數，非每回合 CD。"
"179","鳳凰","普通攻擊","","基本攻擊效果","400","0","1","","0","0","0","","動態：連續普通攻擊越多，權重越低，最低 2。","未定義；原版 AI 使用權重與剩餘使用次數，非每回合 CD。"
"179","鳳凰","技能","1706","千烈凰屏","401","700","1","Y","0","0","0","6","5","未定義；原版 AI 使用權重與剩餘使用次數，非每回合 CD。"
"179","鳳凰","技能","1706","千烈凰屏","401","700","1","Y","0","0","0","6","5","未定義；原版 AI 使用權重與剩餘使用次數，非每回合 CD。"
"71","木鐵人","普通攻擊","","基本攻擊效果","132","0","9","","0","0","0","","動態：連續普通攻擊越多，權重越低，最低 2。","未定義；原版 AI 使用權重與剩餘使用次數，非每回合 CD。"
"71","木鐵人","技能","1689","菩提羅漢","305","450","9","","0","0","0","4","5","未定義；原版 AI 使用權重與剩餘使用次數，非每回合 CD。"
"71","木鐵人","技能","1689","菩提羅漢","305","450","9","","0","0","0","3","5","未定義；原版 AI 使用權重與剩餘使用次數，非每回合 CD。"
"71","木鐵人","特殊攻擊","3","特殊攻擊效果 3","3","0","9","","0","0","0","8","4","未定義；原版 AI 使用權重與剩餘使用次數，非每回合 CD。"
"383","蜃樓石頭妖","普通攻擊","","基本攻擊效果","1","0","9","","0","0","0","","動態：連續普通攻擊越多，權重越低，最低 2。","未定義；原版 AI 使用權重與剩餘使用次數，非每回合 CD。"
"383","蜃樓石頭妖","特殊攻擊","206","特殊攻擊效果 206","206","200","1","Y","0","0","0","3","3","未定義；原版 AI 使用權重與剩餘使用次數，非每回合 CD。"
"383","蜃樓石頭妖","特殊攻擊","206","特殊攻擊效果 206","206","200","1","Y","0","0","0","2","3","未定義；原版 AI 使用權重與剩餘使用次數，非每回合 CD。"
"18","鬼猴","普通攻擊","","基本攻擊效果","150","0","4","","0","0","0","","動態：連續普通攻擊越多，權重越低，最低 2。","未定義；原版 AI 使用權重與剩餘使用次數，非每回合 CD。"
"18","鬼猴","特殊攻擊","151","特殊攻擊效果 151","151","300","9","","0","0","0","4","5","未定義；原版 AI 使用權重與剩餘使用次數，非每回合 CD。"
"18","鬼猴","特殊攻擊","151","特殊攻擊效果 151","151","300","9","","0","0","0","4","5","未定義；原版 AI 使用權重與剩餘使用次數，非每回合 CD。"
"62","藍魔神本體","普通攻擊","","基本攻擊效果","3","0","9","","0","0","0","","動態：連續普通攻擊越多，權重越低，最低 2。","未定義；原版 AI 使用權重與剩餘使用次數，非每回合 CD。"
"62","藍魔神本體","技能","1673","晶石裂地","109","75","2","Y","0","0","0","4","5","未定義；原版 AI 使用權重與剩餘使用次數，非每回合 CD。"
"62","藍魔神本體","技能","1672","凝冰術","110","100","2","","0","0","0","3","5","未定義；原版 AI 使用權重與剩餘使用次數，非每回合 CD。"
"62","藍魔神本體","特殊攻擊","1","特殊攻擊效果 1","1","0","9","","0","0","0","5","4","未定義；原版 AI 使用權重與剩餘使用次數，非每回合 CD。"
"213","龍王","普通攻擊","","基本攻擊效果","406","0","6","","0","0","0","","動態：連續普通攻擊越多，權重越低，最低 2。","未定義；原版 AI 使用權重與剩餘使用次數，非每回合 CD。"
"213","龍王","特殊攻擊","408","特殊攻擊效果 408","408","650","1","Y","0","0","0","12","5","未定義；原版 AI 使用權重與剩餘使用次數，非每回合 CD。"
"213","龍王","特殊攻擊","296","特殊攻擊效果 296","296","0","10","","0","5","268435456","3","5","未定義；原版 AI 使用權重與剩餘使用次數，非每回合 CD。"
"368","鬥戰聖佛","普通攻擊","","基本攻擊效果","122","0","9","","0","0","0","","動態：連續普通攻擊越多，權重越低，最低 2。","未定義；原版 AI 使用權重與剩餘使用次數，非每回合 CD。"
"368","鬥戰聖佛","技能","1705","神焰九轉","389","600","1","Y","0","0","0","8","5","未定義；原版 AI 使用權重與剩餘使用次數，非每回合 CD。"
"368","鬥戰聖佛","技能","1705","神焰九轉","389","600","1","Y","0","0","0","8","5","未定義；原版 AI 使用權重與剩餘使用次數，非每回合 CD。"
"377","死靈騎士","特殊攻擊","378","特殊攻擊效果 378","378","500","7","","0","0","0","3","5","未定義；原版 AI 使用權重與剩餘使用次數，非每回合 CD。"
"377","死靈騎士","特殊攻擊","378","特殊攻擊效果 378","378","500","7","","0","0","0","5","5","未定義；原版 AI 使用權重與剩餘使用次數，非每回合 CD。"
"2201","土匪","普通攻擊","","基本攻擊效果","189","0","9","","0","0","0","","動態：連續普通攻擊越多，權重越低，最低 2。","未定義；原版 AI 使用權重與剩餘使用次數，非每回合 CD。"
"2201","土匪","特殊攻擊","378","特殊攻擊效果 378","378","500","7","","0","0","0","3","5","未定義；原版 AI 使用權重與剩餘使用次數，非每回合 CD。"
"2201","土匪","特殊攻擊","378","特殊攻擊效果 378","378","500","7","","0","0","0","5","5","未定義；原版 AI 使用權重與剩餘使用次數，非每回合 CD。"
"403","死靈騎士","特殊攻擊","378","特殊攻擊效果 378","378","500","7","","0","0","0","3","5","未定義；原版 AI 使用權重與剩餘使用次數，非每回合 CD。"
"403","死靈騎士","特殊攻擊","378","特殊攻擊效果 378","378","500","7","","0","0","0","5","5","未定義；原版 AI 使用權重與剩餘使用次數，非每回合 CD。"
"382","人屍","特殊攻擊","422","特殊攻擊效果 422","422","1000","7","","0","0","0","3","5","未定義；原版 AI 使用權重與剩餘使用次數，非每回合 CD。"
"382","人屍","特殊攻擊","422","特殊攻擊效果 422","422","1000","7","","0","0","0","3","5","未定義；原版 AI 使用權重與剩餘使用次數，非每回合 CD。"
"61","機關三魔獸","普通攻擊","","基本攻擊效果","1","0","9","","0","0","0","","動態：連續普通攻擊越多，權重越低，最低 2。","未定義；原版 AI 使用權重與剩餘使用次數，非每回合 CD。"
"61","機關三魔獸","特殊攻擊","2","特殊攻擊效果 2","2","0","9","","0","0","0","6","4","未定義；原版 AI 使用權重與剩餘使用次數，非每回合 CD。"
"199","天將","普通攻擊","","基本攻擊效果","404","0","9","","0","0","0","","動態：連續普通攻擊越多，權重越低，最低 2。","未定義；原版 AI 使用權重與剩餘使用次數，非每回合 CD。"
"199","天將","特殊攻擊","405","特殊攻擊效果 405","405","1000","6","","0","0","0","5","5","未定義；原版 AI 使用權重與剩餘使用次數，非每回合 CD。"
"199","天將","特殊攻擊","405","特殊攻擊效果 405","405","1000","6","","0","0","0","3","5","未定義；原版 AI 使用權重與剩餘使用次數，非每回合 CD。"
"214","黑龍","普通攻擊","","基本攻擊效果","406","0","6","","0","0","0","","動態：連續普通攻擊越多，權重越低，最低 2。","未定義；原版 AI 使用權重與剩餘使用次數，非每回合 CD。"
"214","黑龍","特殊攻擊","407","特殊攻擊效果 407","407","600","2","Y","0","0","0","8","5","未定義；原版 AI 使用權重與剩餘使用次數，非每回合 CD。"
"214","黑龍","特殊攻擊","296","特殊攻擊效果 296","296","0","10","","0","5","268435456","3","5","未定義；原版 AI 使用權重與剩餘使用次數，非每回合 CD。"
"186","黑無常","普通攻擊","","基本攻擊效果","410","0","7","","0","0","0","","動態：連續普通攻擊越多，權重越低，最低 2。","未定義；原版 AI 使用權重與剩餘使用次數，非每回合 CD。"
"186","黑無常","技能","1708","無常沙石","411","500","4","Y","0","0","0","5","5","未定義；原版 AI 使用權重與剩餘使用次數，非每回合 CD。"
"186","黑無常","技能","1708","無常沙石","411","500","4","Y","0","0","0","5","5","未定義；原版 AI 使用權重與剩餘使用次數，非每回合 CD。"
"255","尼凱","普通攻擊","","基本攻擊效果","40","0","9","","0","0","0","","動態：連續普通攻擊越多，權重越低，最低 2。","未定義；原版 AI 使用權重與剩餘使用次數，非每回合 CD。"
"255","尼凱","技能","1715","聖光浴","432","1000","6","","0","0","0","3","4","未定義；原版 AI 使用權重與剩餘使用次數，非每回合 CD。"
"255","尼凱","技能","1715","聖光浴","432","1000","6","","0","0","0","3","4","未定義；原版 AI 使用權重與剩餘使用次數，非每回合 CD。"
"255","尼凱","特殊攻擊","4","特殊攻擊效果 4","4","0","9","","0","0","0","5","5","未定義；原版 AI 使用權重與剩餘使用次數，非每回合 CD。"
"198","太白金星","普通攻擊","","基本攻擊效果","402","0","8","","0","0","0","","動態：連續普通攻擊越多，權重越低，最低 2。","未定義；原版 AI 使用權重與剩餘使用次數，非每回合 CD。"
"198","太白金星","技能","1707","道臨天下","403","800","6","Y","0","0","0","4","5","未定義；原版 AI 使用權重與剩餘使用次數，非每回合 CD。"
"198","太白金星","技能","1707","道臨天下","403","800","6","Y","0","0","0","6","5","未定義；原版 AI 使用權重與剩餘使用次數，非每回合 CD。"
"198","太白金星","治療／危急技能","1578","神癒咒","14","0","0","","0","0","0","3","依目前 HP 數值最少的存活敵人之 HP 百分比增加權重；不是最低 HP 百分比排序。","未定義；原版 AI 使用權重與剩餘使用次數，非每回合 CD。"
"198","太白金星","治療／危急技能","1578","神癒咒","14","0","0","","0","0","0","1","依目前 HP 數值最少的存活敵人之 HP 百分比增加權重；不是最低 HP 百分比排序。","未定義；原版 AI 使用權重與剩餘使用次數，非每回合 CD。"
"47","蟹精魔機","普通攻擊","","基本攻擊效果","433","0","8","","0","0","0","","動態：連續普通攻擊越多，權重越低，最低 2。","未定義；原版 AI 使用權重與剩餘使用次數，非每回合 CD。"
"47","蟹精魔機","特殊攻擊","434","特殊攻擊效果 434","434","800","8","","0","0","0","5","5","未定義；原版 AI 使用權重與剩餘使用次數，非每回合 CD。"
"47","蟹精魔機","特殊攻擊","434","特殊攻擊效果 434","434","800","8","","0","0","0","5","5","未定義；原版 AI 使用權重與剩餘使用次數，非每回合 CD。"
"67","康那里士","普通攻擊","","基本攻擊效果","257","10","7","","0","0","0","","動態：連續普通攻擊越多，權重越低，最低 2。","未定義；原版 AI 使用權重與剩餘使用次數，非每回合 CD。"
"67","康那里士","技能","1684","靈魔幻音","199","300","7","Y","0","0","0","5","4","未定義；原版 AI 使用權重與剩餘使用次數，非每回合 CD。"
"67","康那里士","技能","1552","食魂咒","59","0","7","","64","5","0","4","4","未定義；原版 AI 使用權重與剩餘使用次數，非每回合 CD。"
"67","康那里士","治療／危急技能","1683","魔氣縱橫","198","0","7","","0","0","0","2","依目前 HP 數值最少的存活敵人之 HP 百分比增加權重；不是最低 HP 百分比排序。","未定義；原版 AI 使用權重與剩餘使用次數，非每回合 CD。"
"67","康那里士","治療／危急技能","1683","魔氣縱橫","198","0","7","","0","0","0","1","依目前 HP 數值最少的存活敵人之 HP 百分比增加權重；不是最低 HP 百分比排序。","未定義；原版 AI 使用權重與剩餘使用次數，非每回合 CD。"
"384","蜃樓財寶怪","普通攻擊","","基本攻擊效果","132","0","9","","0","0","0","","動態：連續普通攻擊越多，權重越低，最低 2。","未定義；原版 AI 使用權重與剩餘使用次數，非每回合 CD。"
"194","白無常","普通攻擊","","基本攻擊效果","322","0","9","","0","0","0","","動態：連續普通攻擊越多，權重越低，最低 2。","未定義；原版 AI 使用權重與剩餘使用次數，非每回合 CD。"
"194","白無常","技能","1691","無常陰風","324","800","3","","0","0","0","4","5","未定義；原版 AI 使用權重與剩餘使用次數，非每回合 CD。"
"194","白無常","技能","1691","無常陰風","324","800","3","","0","0","0","2","5","未定義；原版 AI 使用權重與剩餘使用次數，非每回合 CD。"
"194","白無常","特殊攻擊","3","特殊攻擊效果 3","3","0","9","","0","0","0","4","3","未定義；原版 AI 使用權重與剩餘使用次數，非每回合 CD。"
"180","格特輪","普通攻擊","","基本攻擊效果","197","0","9","","0","0","0","","動態：連續普通攻擊越多，權重越低，最低 2。","未定義；原版 AI 使用權重與剩餘使用次數，非每回合 CD。"
"180","格特輪","技能","1684","靈魔幻音","199","300","7","Y","0","0","0","4","6","未定義；原版 AI 使用權重與剩餘使用次數，非每回合 CD。"
"180","格特輪","技能","1502","焰火環","12","0","1","","1","8","0","5","6","未定義；原版 AI 使用權重與剩餘使用次數，非每回合 CD。"
"180","格特輪","技能","1684","靈魔幻音","199","300","7","Y","0","0","0","2","6","未定義；原版 AI 使用權重與剩餘使用次數，非每回合 CD。"
"180","格特輪","治療／危急技能","1683","魔氣縱橫","198","0","7","","0","0","0","2","依目前 HP 數值最少的存活敵人之 HP 百分比增加權重；不是最低 HP 百分比排序。","未定義；原版 AI 使用權重與剩餘使用次數，非每回合 CD。"
"180","格特輪","治療／危急技能","1683","魔氣縱橫","198","0","7","","0","0","0","1","依目前 HP 數值最少的存活敵人之 HP 百分比增加權重；不是最低 HP 百分比排序。","未定義；原版 AI 使用權重與剩餘使用次數，非每回合 CD。"
"149","九天玄女","普通攻擊","","基本攻擊效果","399","0","9","","0","0","0","","動態：連續普通攻擊越多，權重越低，最低 2。","未定義；原版 AI 使用權重與剩餘使用次數，非每回合 CD。"
"149","九天玄女","技能","1700","日輪烈焰","382","320","1","Y","0","0","0","8","6","未定義；原版 AI 使用權重與剩餘使用次數，非每回合 CD。"
"149","九天玄女","技能","1698","移魂仙樂","380","550","6","","0","0","0","5","6","未定義；原版 AI 使用權重與剩餘使用次數，非每回合 CD。"
"149","九天玄女","治療／危急技能","1578","神癒咒","14","0","0","","0","0","0","2","依目前 HP 數值最少的存活敵人之 HP 百分比增加權重；不是最低 HP 百分比排序。","未定義；原版 AI 使用權重與剩餘使用次數，非每回合 CD。"
"149","九天玄女","治療／危急技能","1578","神癒咒","14","0","0","","0","0","0","1","依目前 HP 數值最少的存活敵人之 HP 百分比增加權重；不是最低 HP 百分比排序。","未定義；原版 AI 使用權重與剩餘使用次數，非每回合 CD。"
"165","色烈芬","特殊攻擊","427","特殊攻擊效果 427","427","600","6","Y","0","0","0","6","5","未定義；原版 AI 使用權重與剩餘使用次數，非每回合 CD。"
"165","色烈芬","特殊攻擊","427","特殊攻擊效果 427","427","600","6","Y","0","0","0","3","5","未定義；原版 AI 使用權重與剩餘使用次數，非每回合 CD。"
"172","阿普洛迪","普通攻擊","","基本攻擊效果","111","0","9","","0","0","0","","動態：連續普通攻擊越多，權重越低，最低 2。","未定義；原版 AI 使用權重與剩餘使用次數，非每回合 CD。"
"172","阿普洛迪","特殊攻擊","428","特殊攻擊效果 428","428","1200","6","","0","0","0","8","6","未定義；原版 AI 使用權重與剩餘使用次數，非每回合 CD。"
"172","阿普洛迪","特殊攻擊","428","特殊攻擊效果 428","428","1200","6","","0","0","0","5","6","未定義；原版 AI 使用權重與剩餘使用次數，非每回合 CD。"
"13","藍魔神","普通攻擊","","基本攻擊效果","3","0","9","","0","0","0","","動態：連續普通攻擊越多，權重越低，最低 2。","未定義；原版 AI 使用權重與剩餘使用次數，非每回合 CD。"
"13","藍魔神","技能","1","技能 1","","","","","","","","6","5","未定義；原版 AI 使用權重與剩餘使用次數，非每回合 CD。"
"13","藍魔神","特殊攻擊","1","特殊攻擊效果 1","1","0","9","","0","0","0","5","4","未定義；原版 AI 使用權重與剩餘使用次數，非每回合 CD。"
"223","石獅精","普通攻擊","","基本攻擊效果","133","0","9","","0","0","0","","動態：連續普通攻擊越多，權重越低，最低 2。","未定義；原版 AI 使用權重與剩餘使用次數，非每回合 CD。"
"223","石獅精","技能","1709","獅子吼","409","500","9","","0","0","0","4","4","未定義；原版 AI 使用權重與剩餘使用次數，非每回合 CD。"
"223","石獅精","技能","1709","獅子吼","409","500","9","","0","0","0","3","4","未定義；原版 AI 使用權重與剩餘使用次數，非每回合 CD。"
"76","羯忍幻機","普通攻擊","","基本攻擊效果","122","0","9","","0","0","0","","動態：連續普通攻擊越多，權重越低，最低 2。","未定義；原版 AI 使用權重與剩餘使用次數，非每回合 CD。"
"76","羯忍幻機","特殊攻擊","397","特殊攻擊效果 397","397","700","8","","0","0","0","5","5","未定義；原版 AI 使用權重與剩餘使用次數，非每回合 CD。"
"76","羯忍幻機","特殊攻擊","398","特殊攻擊效果 398","398","600","9","","0","0","0","8","5","未定義；原版 AI 使用權重與剩餘使用次數，非每回合 CD。"
"49","羯忍幻機","普通攻擊","","基本攻擊效果","122","0","9","","0","0","0","","動態：連續普通攻擊越多，權重越低，最低 2。","未定義；原版 AI 使用權重與剩餘使用次數，非每回合 CD。"
"49","羯忍幻機","特殊攻擊","397","特殊攻擊效果 397","397","700","8","","0","0","0","5","5","未定義；原版 AI 使用權重與剩餘使用次數，非每回合 CD。"
"49","羯忍幻機","特殊攻擊","398","特殊攻擊效果 398","398","600","9","","0","0","0","8","5","未定義；原版 AI 使用權重與剩餘使用次數，非每回合 CD。"
"6","姆斯比爾","普通攻擊","","基本攻擊效果","61","0","1","","0","0","0","","動態：連續普通攻擊越多，權重越低，最低 2。","未定義；原版 AI 使用權重與剩餘使用次數，非每回合 CD。"
"6","姆斯比爾","技能","1666","炎魔熾烈擊","63","80","1","Y","0","0","0","5","4","未定義；原版 AI 使用權重與剩餘使用次數，非每回合 CD。"
"6","姆斯比爾","技能","1667","火神力場","64","8","1","Y","0","0","0","2","4","未定義；原版 AI 使用權重與剩餘使用次數，非每回合 CD。"
"6","姆斯比爾","特殊攻擊","6","特殊攻擊效果 6","6","0","9","","0","0","0","4","5","未定義；原版 AI 使用權重與剩餘使用次數，非每回合 CD。"
"158","娥皇","普通攻擊","","基本攻擊效果","153","0","9","","0","0","0","","動態：連續普通攻擊越多，權重越低，最低 2。","未定義；原版 AI 使用權重與剩餘使用次數，非每回合 CD。"
"158","娥皇","技能","1700","日輪烈焰","382","320","1","Y","0","0","0","5","5","未定義；原版 AI 使用權重與剩餘使用次數，非每回合 CD。"
"158","娥皇","技能","1686","封靈滅法","208","0","10","","16","8","0","3","5","未定義；原版 AI 使用權重與剩餘使用次數，非每回合 CD。"
"159","女英","普通攻擊","","基本攻擊效果","387","0","2","","0","0","0","","動態：連續普通攻擊越多，權重越低，最低 2。","未定義；原版 AI 使用權重與剩餘使用次數，非每回合 CD。"
"159","女英","技能","1701","殘月鎖漪","383","400","2","Y","0","0","0","6","5","未定義；原版 AI 使用權重與剩餘使用次數，非每回合 CD。"
"159","女英","技能","1701","殘月鎖漪","383","400","2","Y","0","0","0","3","5","未定義；原版 AI 使用權重與剩餘使用次數，非每回合 CD。"
"148","七仙女","普通攻擊","","基本攻擊效果","349","0","6","","0","0","0","","動態：連續普通攻擊越多，權重越低，最低 2。","未定義；原版 AI 使用權重與剩餘使用次數，非每回合 CD。"
"148","七仙女","技能","1698","移魂仙樂","380","550","6","","0","0","0","3","5","未定義；原版 AI 使用權重與剩餘使用次數，非每回合 CD。"
"148","七仙女","技能","1698","移魂仙樂","380","550","6","","0","0","0","3","5","未定義；原版 AI 使用權重與剩餘使用次數，非每回合 CD。"
"238","尼梅亞獅","普通攻擊","","基本攻擊效果","322","0","9","","0","0","0","","動態：連續普通攻擊越多，權重越低，最低 2。","未定義；原版 AI 使用權重與剩餘使用次數，非每回合 CD。"
"238","尼梅亞獅","技能","1709","獅子吼","409","500","9","","0","0","0","3","4","未定義；原版 AI 使用權重與剩餘使用次數，非每回合 CD。"
"238","尼梅亞獅","技能","1709","獅子吼","409","500","9","","0","0","0","3","4","未定義；原版 AI 使用權重與剩餘使用次數，非每回合 CD。"
"150","嫦娥","普通攻擊","","基本攻擊效果","358","0","2","","0","0","0","","動態：連續普通攻擊越多，權重越低，最低 2。","未定義；原版 AI 使用權重與剩餘使用次數，非每回合 CD。"
"150","嫦娥","技能","1548","元體靈滅","334","500","6","","0","0","0","6","5","未定義；原版 AI 使用權重與剩餘使用次數，非每回合 CD。"
"150","嫦娥","技能","1542","禁言封咒術","148","0","6","","16","5","0","4","5","未定義；原版 AI 使用權重與剩餘使用次數，非每回合 CD。"
"150","嫦娥","技能","1548","元體靈滅","334","500","6","","0","0","0","3","5","未定義；原版 AI 使用權重與剩餘使用次數，非每回合 CD。"
"277","雪女","普通攻擊","","基本攻擊效果","122","0","9","","0","0","0","","動態：連續普通攻擊越多，權重越低，最低 2。","未定義；原版 AI 使用權重與剩餘使用次數，非每回合 CD。"
"277","雪女","技能","1702","三日結寒","384","300","2","Y","2","3","0","4","5","未定義；原版 AI 使用權重與剩餘使用次數，非每回合 CD。"
"277","雪女","技能","1702","三日結寒","384","300","2","Y","2","3","0","3","5","未定義；原版 AI 使用權重與剩餘使用次數，非每回合 CD。"
"157","女夷22","普通攻擊","","基本攻擊效果","386","0","3","","0","0","0","","動態：連續普通攻擊越多，權重越低，最低 2。","未定義；原版 AI 使用權重與剩餘使用次數，非每回合 CD。"
"157","女夷22","技能","1699","除魔靈鼓","381","400","6","","0","0","0","4","5","未定義；原版 AI 使用權重與剩餘使用次數，非每回合 CD。"
"157","女夷22","技能","1699","除魔靈鼓","381","400","6","","0","0","0","4","5","未定義；原版 AI 使用權重與剩餘使用次數，非每回合 CD。"
"156","女夷","普通攻擊","","基本攻擊效果","386","0","3","","0","0","0","","動態：連續普通攻擊越多，權重越低，最低 2。","未定義；原版 AI 使用權重與剩餘使用次數，非每回合 CD。"
"156","女夷","技能","1699","除魔靈鼓","381","400","6","","0","0","0","4","5","未定義；原版 AI 使用權重與剩餘使用次數，非每回合 CD。"
"156","女夷","技能","1699","除魔靈鼓","381","400","6","","0","0","0","4","5","未定義；原版 AI 使用權重與剩餘使用次數，非每回合 CD。"
"281","天宮仙女","普通攻擊","","基本攻擊效果","358","0","2","","0","0","0","","動態：連續普通攻擊越多，權重越低，最低 2。","未定義；原版 AI 使用權重與剩餘使用次數，非每回合 CD。"
"281","天宮仙女","技能","1703","流雲幻光","385","380","6","","0","0","0","3","5","未定義；原版 AI 使用權重與剩餘使用次數，非每回合 CD。"
"281","天宮仙女","技能","1703","流雲幻光","385","380","6","","0","0","0","3","5","未定義；原版 AI 使用權重與剩餘使用次數，非每回合 CD。"
"167","戰死屍鬼","普通攻擊","","基本攻擊效果","122","0","9","","0","0","0","","動態：連續普通攻擊越多，權重越低，最低 2。","未定義；原版 AI 使用權重與剩餘使用次數，非每回合 CD。"
"167","戰死屍鬼","特殊攻擊","352","特殊攻擊效果 352","352","500","7","","0","0","0","4","5","未定義；原版 AI 使用權重與剩餘使用次數，非每回合 CD。"
"167","戰死屍鬼","特殊攻擊","352","特殊攻擊效果 352","352","500","7","","0","0","0","4","5","未定義；原版 AI 使用權重與剩餘使用次數，非每回合 CD。"
"254","肯塔羅斯","普通攻擊","","基本攻擊效果","40","0","9","","0","0","0","","動態：連續普通攻擊越多，權重越低，最低 2。","未定義；原版 AI 使用權重與剩餘使用次數，非每回合 CD。"
"254","肯塔羅斯","技能","1513","冰石亂墜","183","100","2","Y","0","0","0","3","5","未定義；原版 AI 使用權重與剩餘使用次數，非每回合 CD。"
"254","肯塔羅斯","技能","1513","冰石亂墜","183","100","2","Y","0","0","0","3","5","未定義；原版 AI 使用權重與剩餘使用次數，非每回合 CD。"
"380","教眾長老","普通攻擊","","基本攻擊效果","313","0","7","","0","0","0","","動態：連續普通攻擊越多，權重越低，最低 2。","未定義；原版 AI 使用權重與剩餘使用次數，非每回合 CD。"
"380","教眾長老","技能","1","技能 1","","","","","","","","6","6","未定義；原版 AI 使用權重與剩餘使用次數，非每回合 CD。"
"380","教眾長老","特殊攻擊","325","特殊攻擊效果 325","325","0","7","","32","8","0","4","4","未定義；原版 AI 使用權重與剩餘使用次數，非每回合 CD。"
"380","教眾長老","特殊攻擊","325","特殊攻擊效果 325","325","0","7","","32","8","0","4","4","未定義；原版 AI 使用權重與剩餘使用次數，非每回合 CD。"
"60","冰魔薇達","普通攻擊","","基本攻擊效果","111","0","9","","0","0","0","","動態：連續普通攻擊越多，權重越低，最低 2。","未定義；原版 AI 使用權重與剩餘使用次數，非每回合 CD。"
"60","冰魔薇達","技能","1","技能 1","","","","","","","","6","4","未定義；原版 AI 使用權重與剩餘使用次數，非每回合 CD。"
"7","康那里士","普通攻擊","","基本攻擊效果","74","0","7","","0","0","0","","動態：連續普通攻擊越多，權重越低，最低 2。","未定義；原版 AI 使用權重與剩餘使用次數，非每回合 CD。"
"7","康那里士","技能","1668","六芒星斬","73","80","7","Y","0","0","0","6","4","未定義；原版 AI 使用權重與剩餘使用次數，非每回合 CD。"
"7","康那里士","技能","1552","食魂咒","59","0","7","","64","5","0","4","4","未定義；原版 AI 使用權重與剩餘使用次數，非每回合 CD。"
"7","康那里士","特殊攻擊","8","特殊攻擊效果 8","8","0","9","","0","0","0","1","0","未定義；原版 AI 使用權重與剩餘使用次數，非每回合 CD。"
"7","康那里士","治療／危急技能","1","技能 1","","","","","","","","2","依目前 HP 數值最少的存活敵人之 HP 百分比增加權重；不是最低 HP 百分比排序。","未定義；原版 AI 使用權重與剩餘使用次數，非每回合 CD。"
"191","樂仙女","普通攻擊","","基本攻擊效果","349","0","6","","0","0","0","","動態：連續普通攻擊越多，權重越低，最低 2。","未定義；原版 AI 使用權重與剩餘使用次數，非每回合 CD。"
"191","樂仙女","技能","1546","仙音淨化","281","200","6","Y","0","0","0","5","5","未定義；原版 AI 使用權重與剩餘使用次數，非每回合 CD。"
"191","樂仙女","技能","1546","仙音淨化","281","200","6","Y","0","0","0","3","5","未定義；原版 AI 使用權重與剩餘使用次數，非每回合 CD。"
"191","樂仙女","技能","1546","仙音淨化","281","200","6","Y","0","0","0","2","5","未定義；原版 AI 使用權重與剩餘使用次數，非每回合 CD。"
"191","樂仙女","治療／危急技能","1","技能 1","","","","","","","","2","依目前 HP 數值最少的存活敵人之 HP 百分比增加權重；不是最低 HP 百分比排序。","未定義；原版 AI 使用權重與剩餘使用次數，非每回合 CD。"
"316","妖燈鬼","普通攻擊","","基本攻擊效果","350","0","1","","0","0","0","","動態：連續普通攻擊越多，權重越低，最低 2。","未定義；原版 AI 使用權重與剩餘使用次數，非每回合 CD。"
"316","妖燈鬼","特殊攻擊","351","特殊攻擊效果 351","351","250","7","Y","0","0","0","8","4","未定義；原版 AI 使用權重與剩餘使用次數，非每回合 CD。"
"316","妖燈鬼","特殊攻擊","296","特殊攻擊效果 296","296","0","10","","0","5","268435456","3","4","未定義；原版 AI 使用權重與剩餘使用次數，非每回合 CD。"
"253","雪芙","普通攻擊","","基本攻擊效果","345","0","9","","0","0","0","","動態：連續普通攻擊越多，權重越低，最低 2。","未定義；原版 AI 使用權重與剩餘使用次數，非每回合 CD。"
"253","雪芙","技能","1695","仙靈冰封","344","400","2","Y","1","3","0","4","5","未定義；原版 AI 使用權重與剩餘使用次數，非每回合 CD。"
"253","雪芙","技能","1695","仙靈冰封","344","400","2","Y","1","3","0","2","5","未定義；原版 AI 使用權重與剩餘使用次數，非每回合 CD。"
"226","獨角獸","普通攻擊","","基本攻擊效果","1","0","9","","0","0","0","","動態：連續普通攻擊越多，權重越低，最低 2。","未定義；原版 AI 使用權重與剩餘使用次數，非每回合 CD。"
"226","獨角獸","特殊攻擊","430","特殊攻擊效果 430","430","600","8","","0","0","0","6","5","未定義；原版 AI 使用權重與剩餘使用次數，非每回合 CD。"
"226","獨角獸","特殊攻擊","430","特殊攻擊效果 430","430","600","8","","0","0","0","2","5","未定義；原版 AI 使用權重與剩餘使用次數，非每回合 CD。"
"50","影忍妖機","普通攻擊","","基本攻擊效果","181","0","9","","0","0","0","","動態：連續普通攻擊越多，權重越低，最低 2。","未定義；原版 AI 使用權重與剩餘使用次數，非每回合 CD。"
"155","蠶女","普通攻擊","","基本攻擊效果","307","0","9","","0","0","0","","動態：連續普通攻擊越多，權重越低，最低 2。","未定義；原版 AI 使用權重與剩餘使用次數，非每回合 CD。"
"155","蠶女","技能","1694","風捲殘雲","343","600","3","Y","0","0","0","5","5","未定義；原版 AI 使用權重與剩餘使用次數，非每回合 CD。"
"155","蠶女","技能","1694","風捲殘雲","343","600","3","Y","0","0","0","5","5","未定義；原版 AI 使用權重與剩餘使用次數，非每回合 CD。"
"3","薇達","普通攻擊","","基本攻擊效果","116","0","9","","0","0","0","","動態：連續普通攻擊越多，權重越低，最低 2。","未定義；原版 AI 使用權重與剩餘使用次數，非每回合 CD。"
"267","冥府獄卒","普通攻擊","","基本攻擊效果","3","0","9","","0","0","0","","動態：連續普通攻擊越多，權重越低，最低 2。","未定義；原版 AI 使用權重與剩餘使用次數，非每回合 CD。"
"267","冥府獄卒","特殊攻擊","321","特殊攻擊效果 321","321","480","9","","0","0","0","5","5","未定義；原版 AI 使用權重與剩餘使用次數，非每回合 CD。"
"267","冥府獄卒","特殊攻擊","320","特殊攻擊效果 320","320","0","10","","512","8","0","4","5","未定義；原版 AI 使用權重與剩餘使用次數，非每回合 CD。"
"395","高地骷髏妖","普通攻擊","","基本攻擊效果","1","0","9","","0","0","0","","動態：連續普通攻擊越多，權重越低，最低 2。","未定義；原版 AI 使用權重與剩餘使用次數，非每回合 CD。"
"395","高地骷髏妖","特殊攻擊","9","特殊攻擊效果 9","9","23","9","","0","0","0","3","3","未定義；原版 AI 使用權重與剩餘使用次數，非每回合 CD。"
"152","瑪特女神","特殊攻擊","425","特殊攻擊效果 425","425","400","9","","0","0","0","5","5","未定義；原版 AI 使用權重與剩餘使用次數，非每回合 CD。"
"152","瑪特女神","特殊攻擊","426","特殊攻擊效果 426","426","700","6","","0","0","0","7","5","未定義；原版 AI 使用權重與剩餘使用次數，非每回合 CD。"
"433","道士","普通攻擊","","基本攻擊效果","313","0","7","","0","0","0","","動態：連續普通攻擊越多，權重越低，最低 2。","未定義；原版 AI 使用權重與剩餘使用次數，非每回合 CD。"
"433","道士","技能","1","技能 1","","","","","","","","5","6","未定義；原版 AI 使用權重與剩餘使用次數，非每回合 CD。"
"433","道士","特殊攻擊","325","特殊攻擊效果 325","325","0","7","","32","8","0","3","4","未定義；原版 AI 使用權重與剩餘使用次數，非每回合 CD。"
"433","道士","特殊攻擊","325","特殊攻擊效果 325","325","0","7","","32","8","0","3","4","未定義；原版 AI 使用權重與剩餘使用次數，非每回合 CD。"
"124","炎靈子","普通攻擊","","基本攻擊效果","350","0","1","","0","0","0","","動態：連續普通攻擊越多，權重越低，最低 2。","未定義；原版 AI 使用權重與剩餘使用次數，非每回合 CD。"
"124","炎靈子","特殊攻擊","424","特殊攻擊效果 424","424","700","1","","0","0","0","5","5","未定義；原版 AI 使用權重與剩餘使用次數，非每回合 CD。"
"124","炎靈子","特殊攻擊","423","特殊攻擊效果 423","423","600","1","","0","0","0","4","5","未定義；原版 AI 使用權重與剩餘使用次數，非每回合 CD。"
"273","瘟鬼","普通攻擊","","基本攻擊效果","314","0","7","","0","0","0","","動態：連續普通攻擊越多，權重越低，最低 2。","未定義；原版 AI 使用權重與剩餘使用次數，非每回合 CD。"
"273","瘟鬼","特殊攻擊","319","特殊攻擊效果 319","319","150","5","","4096","8","0","3","4","未定義；原版 AI 使用權重與剩餘使用次數，非每回合 CD。"
"273","瘟鬼","特殊攻擊","318","特殊攻擊效果 318","318","0","10","","32","8","0","5","4","未定義；原版 AI 使用權重與剩餘使用次數，非每回合 CD。"
"57","機關和尚","普通攻擊","","基本攻擊效果","132","0","9","","0","0","0","","動態：連續普通攻擊越多，權重越低，最低 2。","未定義；原版 AI 使用權重與剩餘使用次數，非每回合 CD。"
"57","機關和尚","技能","1690","降龍拳","306","300","9","","0","0","0","3","5","未定義；原版 AI 使用權重與剩餘使用次數，非每回合 CD。"
"57","機關和尚","技能","1690","降龍拳","306","300","9","","0","0","0","2","5","未定義；原版 AI 使用權重與剩餘使用次數，非每回合 CD。"
"57","機關和尚","技能","1690","降龍拳","306","300","9","","0","0","0","1","5","未定義；原版 AI 使用權重與剩餘使用次數，非每回合 CD。"
"57","機關和尚","特殊攻擊","3","特殊攻擊效果 3","3","0","9","","0","0","0","5","4","未定義；原版 AI 使用權重與剩餘使用次數，非每回合 CD。"
"154","上元夫人","普通攻擊","","基本攻擊效果","260","0","9","","0","0","0","","動態：連續普通攻擊越多，權重越低，最低 2。","未定義；原版 AI 使用權重與剩餘使用次數，非每回合 CD。"
"154","上元夫人","特殊攻擊","2","特殊攻擊效果 2","2","0","9","","0","0","0","4","3","未定義；原版 AI 使用權重與剩餘使用次數，非每回合 CD。"
"154","上元夫人","治療／危急技能","1578","神癒咒","14","0","0","","0","0","0","2","依目前 HP 數值最少的存活敵人之 HP 百分比增加權重；不是最低 HP 百分比排序。","未定義；原版 AI 使用權重與剩餘使用次數，非每回合 CD。"
"154","上元夫人","治療／危急技能","1578","神癒咒","14","0","0","","0","0","0","2","依目前 HP 數值最少的存活敵人之 HP 百分比增加權重；不是最低 HP 百分比排序。","未定義；原版 AI 使用權重與剩餘使用次數，非每回合 CD。"
"64","藍魔神","普通攻擊","","基本攻擊效果","246","100","2","Y","0","0","0","","動態：連續普通攻擊越多，權重越低，最低 2。","未定義；原版 AI 使用權重與剩餘使用次數，非每回合 CD。"
"64","藍魔神","技能","1673","晶石裂地","109","75","2","Y","0","0","0","3","4","未定義；原版 AI 使用權重與剩餘使用次數，非每回合 CD。"
"64","藍魔神","技能","1672","凝冰術","110","100","2","","0","0","0","2","4","未定義；原版 AI 使用權重與剩餘使用次數，非每回合 CD。"
"64","藍魔神","特殊攻擊","1","特殊攻擊效果 1","1","0","9","","0","0","0","3","3","未定義；原版 AI 使用權重與剩餘使用次數，非每回合 CD。"
"271","吊死鬼","普通攻擊","","基本攻擊效果","313","0","7","","0","0","0","","動態：連續普通攻擊越多，權重越低，最低 2。","未定義；原版 AI 使用權重與剩餘使用次數，非每回合 CD。"
"271","吊死鬼","特殊攻擊","317","特殊攻擊效果 317","317","0","10","","2","8","0","4","4","未定義；原版 AI 使用權重與剩餘使用次數，非每回合 CD。"
"271","吊死鬼","特殊攻擊","317","特殊攻擊效果 317","317","0","10","","2","8","0","4","4","未定義；原版 AI 使用權重與剩餘使用次數，非每回合 CD。"
"146","妖陀螺鬼","普通攻擊","","基本攻擊效果","291","0","9","","0","0","0","","動態：連續普通攻擊越多，權重越低，最低 2。","未定義；原版 AI 使用權重與剩餘使用次數，非每回合 CD。"
"146","妖陀螺鬼","特殊攻擊","2","特殊攻擊效果 2","2","0","9","","0","0","0","6","4","未定義；原版 AI 使用權重與剩餘使用次數，非每回合 CD。"
"40","悟緣","普通攻擊","","基本攻擊效果","307","0","9","","0","0","0","","動態：連續普通攻擊越多，權重越低，最低 2。","未定義；原版 AI 使用權重與剩餘使用次數，非每回合 CD。"
"184","食屍鬼","普通攻擊","","基本攻擊效果","313","0","7","","0","0","0","","動態：連續普通攻擊越多，權重越低，最低 2。","未定義；原版 AI 使用權重與剩餘使用次數，非每回合 CD。"
"184","食屍鬼","特殊攻擊","316","特殊攻擊效果 316","316","222","9","","0","0","0","4","4","未定義；原版 AI 使用權重與剩餘使用次數，非每回合 CD。"
"184","食屍鬼","特殊攻擊","316","特殊攻擊效果 316","316","222","9","","0","0","0","3","4","未定義；原版 AI 使用權重與剩餘使用次數，非每回合 CD。"
"151","瓊霜","普通攻擊","","基本攻擊效果","194","0","2","","0","0","0","","動態：連續普通攻擊越多，權重越低，最低 2。","未定義；原版 AI 使用權重與剩餘使用次數，非每回合 CD。"
"151","瓊霜","技能","1682","滅靈光環","195","300","6","","0","0","0","2","3","未定義；原版 AI 使用權重與剩餘使用次數，非每回合 CD。"
"151","瓊霜","技能","1682","滅靈光環","195","300","6","","0","0","0","2","3","未定義；原版 AI 使用權重與剩餘使用次數，非每回合 CD。"
"10","慧彥","普通攻擊","","基本攻擊效果","188","0","9","","0","0","0","","動態：連續普通攻擊越多，權重越低，最低 2。","未定義；原版 AI 使用權重與剩餘使用次數，非每回合 CD。"
"93","慧彥","普通攻擊","","基本攻擊效果","188","0","9","","0","0","0","","動態：連續普通攻擊越多，權重越低，最低 2。","未定義；原版 AI 使用權重與剩餘使用次數，非每回合 CD。"
"63","姆斯比爾","普通攻擊","","基本攻擊效果","245","300","1","Y","0","0","0","","動態：連續普通攻擊越多，權重越低，最低 2。","未定義；原版 AI 使用權重與剩餘使用次數，非每回合 CD。"
"63","姆斯比爾","技能","1666","炎魔熾烈擊","63","80","1","Y","0","0","0","3","4","未定義；原版 AI 使用權重與剩餘使用次數，非每回合 CD。"
"63","姆斯比爾","技能","1667","火神力場","64","8","1","Y","0","0","0","2","4","未定義；原版 AI 使用權重與剩餘使用次數，非每回合 CD。"
"63","姆斯比爾","特殊攻擊","6","特殊攻擊效果 6","6","0","9","","0","0","0","4","5","未定義；原版 AI 使用權重與剩餘使用次數，非每回合 CD。"
"173","阿拔東","普通攻擊","","基本攻擊效果","254","10","7","","0","0","0","","動態：連續普通攻擊越多，權重越低，最低 2。","未定義；原版 AI 使用權重與剩餘使用次數，非每回合 CD。"
"173","阿拔東","技能","1526","地龍鑽","255","20","4","","0","0","0","2","4","未定義；原版 AI 使用權重與剩餘使用次數，非每回合 CD。"
"173","阿拔東","技能","1526","地龍鑽","255","20","4","","0","0","0","1","4","未定義；原版 AI 使用權重與剩餘使用次數，非每回合 CD。"
"173","阿拔東","治療／危急技能","1574","氣療術","14","0","0","","0","0","0","1","依目前 HP 數值最少的存活敵人之 HP 百分比增加權重；不是最低 HP 百分比排序。","未定義；原版 AI 使用權重與剩餘使用次數，非每回合 CD。"
"173","阿拔東","治療／危急技能","1574","氣療術","14","0","0","","0","0","0","1","依目前 HP 數值最少的存活敵人之 HP 百分比增加權重；不是最低 HP 百分比排序。","未定義；原版 AI 使用權重與剩餘使用次數，非每回合 CD。"
"396","弒肉妖","普通攻擊","","基本攻擊效果","3","0","9","","0","0","0","","動態：連續普通攻擊越多，權重越低，最低 2。","未定義；原版 AI 使用權重與剩餘使用次數，非每回合 CD。"
"396","弒肉妖","特殊攻擊","8","特殊攻擊效果 8","8","0","9","","0","0","0","5","5","未定義；原版 AI 使用權重與剩餘使用次數，非每回合 CD。"
"269","冤魂","普通攻擊","","基本攻擊效果","314","0","7","","0","0","0","","動態：連續普通攻擊越多，權重越低，最低 2。","未定義；原版 AI 使用權重與剩餘使用次數，非每回合 CD。"
"269","冤魂","特殊攻擊","315","特殊攻擊效果 315","315","0","10","","16","8","0","3","4","未定義；原版 AI 使用權重與剩餘使用次數，非每回合 CD。"
"269","冤魂","特殊攻擊","315","特殊攻擊效果 315","315","0","10","","16","8","0","3","4","未定義；原版 AI 使用權重與剩餘使用次數，非每回合 CD。"
"145","魍魎","普通攻擊","","基本攻擊效果","3","0","9","","0","0","0","","動態：連續普通攻擊越多，權重越低，最低 2。","未定義；原版 AI 使用權重與剩餘使用次數，非每回合 CD。"
"145","魍魎","特殊攻擊","290","特殊攻擊效果 290","290","450","9","","0","0","0","5","5","未定義；原版 AI 使用權重與剩餘使用次數，非每回合 CD。"
"145","魍魎","特殊攻擊","312","特殊攻擊效果 312","312","120","5","","4096","8","0","3","5","未定義；原版 AI 使用權重與剩餘使用次數，非每回合 CD。"
"144","竹妖","普通攻擊","","基本攻擊效果","287","0","9","","0","0","0","","動態：連續普通攻擊越多，權重越低，最低 2。","未定義；原版 AI 使用權重與剩餘使用次數，非每回合 CD。"
"144","竹妖","特殊攻擊","288","特殊攻擊效果 288","288","100","4","","128","5","0","3","5","未定義；原版 AI 使用權重與剩餘使用次數，非每回合 CD。"
"144","竹妖","特殊攻擊","288","特殊攻擊效果 288","288","100","4","","128","5","0","2","5","未定義；原版 AI 使用權重與剩餘使用次數，非每回合 CD。"
"274","夜叉","普通攻擊","","基本攻擊效果","258","0","9","","0","0","0","","動態：連續普通攻擊越多，權重越低，最低 2。","未定義；原版 AI 使用權重與剩餘使用次數，非每回合 CD。"
"274","夜叉","特殊攻擊","2","特殊攻擊效果 2","2","0","9","","0","0","0","5","3","未定義；原版 AI 使用權重與剩餘使用次數，非每回合 CD。"
"272","餓死鬼","普通攻擊","","基本攻擊效果","295","0","7","","0","0","0","","動態：連續普通攻擊越多，權重越低，最低 2。","未定義；原版 AI 使用權重與剩餘使用次數，非每回合 CD。"
"272","餓死鬼","特殊攻擊","296","特殊攻擊效果 296","296","0","10","","0","5","268435456","3","3","未定義；原版 AI 使用權重與剩餘使用次數，非每回合 CD。"
"272","餓死鬼","特殊攻擊","296","特殊攻擊效果 296","296","0","10","","0","5","268435456","3","3","未定義；原版 AI 使用權重與剩餘使用次數，非每回合 CD。"
"222","枯屍鬼王","普通攻擊","","基本攻擊效果","135","0","9","","0","0","0","","動態：連續普通攻擊越多，權重越低，最低 2。","未定義；原版 AI 使用權重與剩餘使用次數，非每回合 CD。"
"181","庫塔","普通攻擊","","基本攻擊效果","119","0","9","","0","0","0","","動態：連續普通攻擊越多，權重越低，最低 2。","未定義；原版 AI 使用權重與剩餘使用次數，非每回合 CD。"
"181","庫塔","技能","1678","風靈之手","124","80","3","Y","0","0","0","1","4","未定義；原版 AI 使用權重與剩餘使用次數，非每回合 CD。"
"181","庫塔","技能","1678","風靈之手","124","80","3","Y","0","0","0","1","4","未定義；原版 AI 使用權重與剩餘使用次數，非每回合 CD。"
"181","庫塔","技能","1678","風靈之手","124","80","3","Y","0","0","0","1","4","未定義；原版 AI 使用權重與剩餘使用次數，非每回合 CD。"
"181","庫塔","治療／危急技能","1518","浸沐春風","85","0","3","","0","0","0","1","依目前 HP 數值最少的存活敵人之 HP 百分比增加權重；不是最低 HP 百分比排序。","未定義；原版 AI 使用權重與剩餘使用次數，非每回合 CD。"
"181","庫塔","治療／危急技能","1518","浸沐春風","85","0","3","","0","0","0","1","依目前 HP 數值最少的存活敵人之 HP 百分比增加權重；不是最低 HP 百分比排序。","未定義；原版 AI 使用權重與剩餘使用次數，非每回合 CD。"
"169","大鬣蜥","普通攻擊","","基本攻擊效果","107","0","9","","0","0","0","","動態：連續普通攻擊越多，權重越低，最低 2。","未定義；原版 AI 使用權重與剩餘使用次數，非每回合 CD。"
"169","大鬣蜥","特殊攻擊","2","特殊攻擊效果 2","2","0","9","","0","0","0","6","3","未定義；原版 AI 使用權重與剩餘使用次數，非每回合 CD。"
"168","鱷魚","普通攻擊","","基本攻擊效果","107","0","9","","0","0","0","","動態：連續普通攻擊越多，權重越低，最低 2。","未定義；原版 AI 使用權重與剩餘使用次數，非每回合 CD。"
"168","鱷魚","特殊攻擊","201","特殊攻擊效果 201","201","300","9","","0","0","0","3","3","未定義；原版 AI 使用權重與剩餘使用次數，非每回合 CD。"
"168","鱷魚","特殊攻擊","201","特殊攻擊效果 201","201","300","9","","0","0","0","2","3","未定義；原版 AI 使用權重與剩餘使用次數，非每回合 CD。"
"160","席娜","普通攻擊","","基本攻擊效果","120","0","6","","0","0","0","","動態：連續普通攻擊越多，權重越低，最低 2。","未定義；原版 AI 使用權重與剩餘使用次數，非每回合 CD。"
"160","席娜","特殊攻擊","193","特殊攻擊效果 193","193","280","7","","0","0","0","2","3","未定義；原版 AI 使用權重與剩餘使用次數，非每回合 CD。"
"160","席娜","特殊攻擊","193","特殊攻擊效果 193","193","280","7","","0","0","0","2","3","未定義；原版 AI 使用權重與剩餘使用次數，非每回合 CD。"
"160","席娜","治療／危急技能","1574","氣療術","14","0","0","","0","0","0","1","依目前 HP 數值最少的存活敵人之 HP 百分比增加權重；不是最低 HP 百分比排序。","未定義；原版 AI 使用權重與剩餘使用次數，非每回合 CD。"
"160","席娜","治療／危急技能","1574","氣療術","14","0","0","","0","0","0","1","依目前 HP 數值最少的存活敵人之 HP 百分比增加權重；不是最低 HP 百分比排序。","未定義；原版 AI 使用權重與剩餘使用次數，非每回合 CD。"
"174","阿高司","普通攻擊","","基本攻擊效果","4","0","9","","0","0","0","","動態：連續普通攻擊越多，權重越低，最低 2。","未定義；原版 AI 使用權重與剩餘使用次數，非每回合 CD。"
"174","阿高司","特殊攻擊","9","特殊攻擊效果 9","9","23","9","","0","0","0","4","4","未定義；原版 AI 使用權重與剩餘使用次數，非每回合 CD。"
"147","水仙","普通攻擊","","基本攻擊效果","253","0","9","","0","0","0","","動態：連續普通攻擊越多，權重越低，最低 2。","未定義；原版 AI 使用權重與剩餘使用次數，非每回合 CD。"
"147","水仙","技能","1511","浪捲無量","256","200","2","Y","0","0","0","2","4","未定義；原版 AI 使用權重與剩餘使用次數，非每回合 CD。"
"147","水仙","技能","1511","浪捲無量","256","200","2","Y","0","0","0","2","4","未定義；原版 AI 使用權重與剩餘使用次數，非每回合 CD。"
"197","耆戈","普通攻擊","","基本攻擊效果","122","0","9","","0","0","0","","動態：連續普通攻擊越多，權重越低，最低 2。","未定義；原版 AI 使用權重與剩餘使用次數，非每回合 CD。"
"197","耆戈","特殊攻擊","192","特殊攻擊效果 192","192","100","8","Y","0","0","0","3","3","未定義；原版 AI 使用權重與剩餘使用次數，非每回合 CD。"
"197","耆戈","特殊攻擊","192","特殊攻擊效果 192","192","100","8","Y","0","0","0","2","3","未定義；原版 AI 使用權重與剩餘使用次數，非每回合 CD。"
"65","影忍妖機","普通攻擊","","基本攻擊效果","181","0","9","","0","0","0","","動態：連續普通攻擊越多，權重越低，最低 2。","未定義；原版 AI 使用權重與剩餘使用次數，非每回合 CD。"
"164","神燈巨人","普通攻擊","","基本攻擊效果","119","0","9","","0","0","0","","動態：連續普通攻擊越多，權重越低，最低 2。","未定義；原版 AI 使用權重與剩餘使用次數，非每回合 CD。"
"164","神燈巨人","技能","1","技能 1","","","","","","","","3","3","未定義；原版 AI 使用權重與剩餘使用次數，非每回合 CD。"
"164","神燈巨人","治療／危急技能","1518","浸沐春風","85","0","3","","0","0","0","1","依目前 HP 數值最少的存活敵人之 HP 百分比增加權重；不是最低 HP 百分比排序。","未定義；原版 AI 使用權重與剩餘使用次數，非每回合 CD。"
"164","神燈巨人","治療／危急技能","1518","浸沐春風","85","0","3","","0","0","0","1","依目前 HP 數值最少的存活敵人之 HP 百分比增加權重；不是最低 HP 百分比排序。","未定義；原版 AI 使用權重與剩餘使用次數，非每回合 CD。"
"221","枯屍鬼","普通攻擊","","基本攻擊效果","4","0","9","","0","0","0","","動態：連續普通攻擊越多，權重越低，最低 2。","未定義；原版 AI 使用權重與剩餘使用次數，非每回合 CD。"
"185","山鬼","普通攻擊","","基本攻擊效果","3","0","9","","0","0","0","","動態：連續普通攻擊越多，權重越低，最低 2。","未定義；原版 AI 使用權重與剩餘使用次數，非每回合 CD。"
"185","山鬼","特殊攻擊","2","特殊攻擊效果 2","2","0","9","","0","0","0","5","3","未定義；原版 AI 使用權重與剩餘使用次數，非每回合 CD。"
"416","唐軍步卒","普通攻擊","","基本攻擊效果","189","0","9","","0","0","0","","動態：連續普通攻擊越多，權重越低，最低 2。","未定義；原版 AI 使用權重與剩餘使用次數，非每回合 CD。"
"411","黑衣大食兵","普通攻擊","","基本攻擊效果","40","0","9","","0","0","0","","動態：連續普通攻擊越多，權重越低，最低 2。","未定義；原版 AI 使用權重與剩餘使用次數，非每回合 CD。"
"412","白衣大食兵","普通攻擊","","基本攻擊效果","40","0","9","","0","0","0","","動態：連續普通攻擊越多，權重越低，最低 2。","未定義；原版 AI 使用權重與剩餘使用次數，非每回合 CD。"
"390","鬼爵","普通攻擊","","基本攻擊效果","153","0","9","","0","0","0","","動態：連續普通攻擊越多，權重越低，最低 2。","未定義；原版 AI 使用權重與剩餘使用次數，非每回合 CD。"
"390","鬼爵","特殊攻擊","1","特殊攻擊效果 1","1","0","9","","0","0","0","4","3","未定義；原版 AI 使用權重與剩餘使用次數，非每回合 CD。"
"161","亞坦","普通攻擊","","基本攻擊效果","122","0","9","","0","0","0","","動態：連續普通攻擊越多，權重越低，最低 2。","未定義；原版 AI 使用權重與剩餘使用次數，非每回合 CD。"
"161","亞坦","技能","1506","熾炎波","105","80","1","Y","0","0","0","3","3","未定義；原版 AI 使用權重與剩餘使用次數，非每回合 CD。"
"161","亞坦","技能","1677","天降雷火","123","150","8","","0","0","0","2","3","未定義；原版 AI 使用權重與剩餘使用次數，非每回合 CD。"
"129","阿加希歐","普通攻擊","","基本攻擊效果","5","0","9","","0","0","0","","動態：連續普通攻擊越多，權重越低，最低 2。","未定義；原版 AI 使用權重與剩餘使用次數，非每回合 CD。"
"129","阿加希歐","技能","1","技能 1","","","","","","","","5","3","未定義；原版 AI 使用權重與剩餘使用次數，非每回合 CD。"
"153","瓦雀","普通攻擊","","基本攻擊效果","120","0","6","","0","0","0","","動態：連續普通攻擊越多，權重越低，最低 2。","未定義；原版 AI 使用權重與剩餘使用次數，非每回合 CD。"
"153","瓦雀","技能","1","技能 1","","","","","","","","3","3","未定義；原版 AI 使用權重與剩餘使用次數，非每回合 CD。"
"153","瓦雀","治療／危急技能","1","技能 1","","","","","","","","2","依目前 HP 數值最少的存活敵人之 HP 百分比增加權重；不是最低 HP 百分比排序。","未定義；原版 AI 使用權重與剩餘使用次數，非每回合 CD。"
"393","沙漠綠蠍","普通攻擊","","基本攻擊效果","35","0","9","","0","0","0","","動態：連續普通攻擊越多，權重越低，最低 2。","未定義；原版 AI 使用權重與剩餘使用次數，非每回合 CD。"
"393","沙漠綠蠍","特殊攻擊","1","特殊攻擊效果 1","1","0","9","","0","0","0","3","0","未定義；原版 AI 使用權重與剩餘使用次數，非每回合 CD。"
"163","朱蛤獸","普通攻擊","","基本攻擊效果","132","0","9","","0","0","0","","動態：連續普通攻擊越多，權重越低，最低 2。","未定義；原版 AI 使用權重與剩餘使用次數，非每回合 CD。"
"163","朱蛤獸","技能","1","技能 1","","","","","","","","4","3","未定義；原版 AI 使用權重與剩餘使用次數，非每回合 CD。"
"391","魚身人面妖","普通攻擊","","基本攻擊效果","137","0","9","","0","0","0","","動態：連續普通攻擊越多，權重越低，最低 2。","未定義；原版 AI 使用權重與剩餘使用次數，非每回合 CD。"
"175","炎顱","普通攻擊","","基本攻擊效果","4","0","9","","0","0","0","","動態：連續普通攻擊越多，權重越低，最低 2。","未定義；原版 AI 使用權重與剩餘使用次數，非每回合 CD。"
"175","炎顱","特殊攻擊","4","特殊攻擊效果 4","4","0","9","","0","0","0","4","3","未定義；原版 AI 使用權重與剩餘使用次數，非每回合 CD。"
"104","虎","普通攻擊","","基本攻擊效果","4","0","9","","0","0","0","","動態：連續普通攻擊越多，權重越低，最低 2。","未定義；原版 AI 使用權重與剩餘使用次數，非每回合 CD。"
"104","虎","特殊攻擊","1","特殊攻擊效果 1","1","0","9","","0","0","0","3","3","未定義；原版 AI 使用權重與剩餘使用次數，非每回合 CD。"
"139","瓶女","普通攻擊","","基本攻擊效果","98","0","9","","0","0","0","","動態：連續普通攻擊越多，權重越低，最低 2。","未定義；原版 AI 使用權重與剩餘使用次數，非每回合 CD。"
"139","瓶女","特殊攻擊","9","特殊攻擊效果 9","9","23","9","","0","0","0","4","3","未定義；原版 AI 使用權重與剩餘使用次數，非每回合 CD。"
"177","火蠑螈","普通攻擊","","基本攻擊效果","136","0","9","","0","0","0","","動態：連續普通攻擊越多，權重越低，最低 2。","未定義；原版 AI 使用權重與剩餘使用次數，非每回合 CD。"
"177","火蠑螈","特殊攻擊","1","特殊攻擊效果 1","1","0","9","","0","0","0","3","3","未定義；原版 AI 使用權重與剩餘使用次數，非每回合 CD。"
"119","鷹","普通攻擊","","基本攻擊效果","76","0","9","","0","0","0","","動態：連續普通攻擊越多，權重越低，最低 2。","未定義；原版 AI 使用權重與剩餘使用次數，非每回合 CD。"
"386","大棕熊","普通攻擊","","基本攻擊效果","8","0","9","","0","0","0","","動態：連續普通攻擊越多，權重越低，最低 2。","未定義；原版 AI 使用權重與剩餘使用次數，非每回合 CD。"
"386","大棕熊","特殊攻擊","2","特殊攻擊效果 2","2","0","9","","0","0","0","3","2","未定義；原版 AI 使用權重與剩餘使用次數，非每回合 CD。"
"392","閻惡靈","普通攻擊","","基本攻擊效果","133","0","9","","0","0","0","","動態：連續普通攻擊越多，權重越低，最低 2。","未定義；原版 AI 使用權重與剩餘使用次數，非每回合 CD。"
"162","蝠妖","普通攻擊","","基本攻擊效果","138","0","9","","0","0","0","","動態：連續普通攻擊越多，權重越低，最低 2。","未定義；原版 AI 使用權重與剩餘使用次數，非每回合 CD。"
"162","蝠妖","技能","1","技能 1","","","","","","","","4","3","未定義；原版 AI 使用權重與剩餘使用次數，非每回合 CD。"
"103","獅","普通攻擊","","基本攻擊效果","1","0","9","","0","0","0","","動態：連續普通攻擊越多，權重越低，最低 2。","未定義；原版 AI 使用權重與剩餘使用次數，非每回合 CD。"
"103","獅","特殊攻擊","1","特殊攻擊效果 1","1","0","9","","0","0","0","3","3","未定義；原版 AI 使用權重與剩餘使用次數，非每回合 CD。"
"141","牛頭魚","普通攻擊","","基本攻擊效果","131","0","9","","0","0","0","","動態：連續普通攻擊越多，權重越低，最低 2。","未定義；原版 AI 使用權重與剩餘使用次數，非每回合 CD。"
"141","牛頭魚","技能","1","技能 1","","","","","","","","3","4","未定義；原版 AI 使用權重與剩餘使用次數，非每回合 CD。"
"4","麥爾斯","普通攻擊","","基本攻擊效果","1","0","9","","0","0","0","","動態：連續普通攻擊越多，權重越低，最低 2。","未定義；原版 AI 使用權重與剩餘使用次數，非每回合 CD。"
"4","麥爾斯","特殊攻擊","72","特殊攻擊效果 72","72","40","9","","0","0","0","3","4","未定義；原版 AI 使用權重與剩餘使用次數，非每回合 CD。"
"4","麥爾斯","特殊攻擊","71","特殊攻擊效果 71","71","50","9","","0","0","0","2","4","未定義；原版 AI 使用權重與剩餘使用次數，非每回合 CD。"
"143","溫蒂妮","普通攻擊","","基本攻擊效果","100","0","2","","0","0","0","","動態：連續普通攻擊越多，權重越低，最低 2。","未定義；原版 AI 使用權重與剩餘使用次數，非每回合 CD。"
"143","溫蒂妮","技能","1","技能 1","","","","","","","","5","3","未定義；原版 AI 使用權重與剩餘使用次數，非每回合 CD。"
"394","地獄妖貓","普通攻擊","","基本攻擊效果","90","0","9","","0","0","0","","動態：連續普通攻擊越多，權重越低，最低 2。","未定義；原版 AI 使用權重與剩餘使用次數，非每回合 CD。"
"394","地獄妖貓","技能","1","技能 1","","","","","","","","2","2","未定義；原版 AI 使用權重與剩餘使用次數，非每回合 CD。"
"394","地獄妖貓","特殊攻擊","1","特殊攻擊效果 1","1","0","9","","0","0","0","3","4","未定義；原版 AI 使用權重與剩餘使用次數，非每回合 CD。"
"176","黑豹","普通攻擊","","基本攻擊效果","8","0","9","","0","0","0","","動態：連續普通攻擊越多，權重越低，最低 2。","未定義；原版 AI 使用權重與剩餘使用次數，非每回合 CD。"
"176","黑豹","特殊攻擊","1","特殊攻擊效果 1","1","0","9","","0","0","0","3","3","未定義；原版 AI 使用權重與剩餘使用次數，非每回合 CD。"
"136","格萊艾","普通攻擊","","基本攻擊效果","137","0","9","","0","0","0","","動態：連續普通攻擊越多，權重越低，最低 2。","未定義；原版 AI 使用權重與剩餘使用次數，非每回合 CD。"
"136","格萊艾","特殊攻擊","4","特殊攻擊效果 4","4","0","9","","0","0","0","3","3","未定義；原版 AI 使用權重與剩餘使用次數，非每回合 CD。"
"387","銀背金剛","普通攻擊","","基本攻擊效果","1","0","9","","0","0","0","","動態：連續普通攻擊越多，權重越低，最低 2。","未定義；原版 AI 使用權重與剩餘使用次數，非每回合 CD。"
"387","銀背金剛","特殊攻擊","2","特殊攻擊效果 2","2","0","9","","0","0","0","3","3","未定義；原版 AI 使用權重與剩餘使用次數，非每回合 CD。"
"189","食人花","普通攻擊","","基本攻擊效果","117","0","5","","1","1","0","","動態：連續普通攻擊越多，權重越低，最低 2。","未定義；原版 AI 使用權重與剩餘使用次數，非每回合 CD。"
"138","寒蛙","普通攻擊","","基本攻擊效果","133","0","9","","0","0","0","","動態：連續普通攻擊越多，權重越低，最低 2。","未定義；原版 AI 使用權重與剩餘使用次數，非每回合 CD。"
"138","寒蛙","特殊攻擊","1","特殊攻擊效果 1","1","0","9","","0","0","0","3","0","未定義；原版 AI 使用權重與剩餘使用次數，非每回合 CD。"
"385","響尾蛇","普通攻擊","","基本攻擊效果","4","0","9","","0","0","0","","動態：連續普通攻擊越多，權重越低，最低 2。","未定義；原版 AI 使用權重與剩餘使用次數，非每回合 CD。"
"385","響尾蛇","特殊攻擊","1","特殊攻擊效果 1","1","0","9","","0","0","0","3","3","未定義；原版 AI 使用權重與剩餘使用次數，非每回合 CD。"
"399","修道院院長","普通攻擊","","基本攻擊效果","6","0","9","","0","0","0","","動態：連續普通攻擊越多，權重越低，最低 2。","未定義；原版 AI 使用權重與剩餘使用次數，非每回合 CD。"
"399","修道院院長","特殊攻擊","3","特殊攻擊效果 3","3","0","9","","0","0","0","4","3","未定義；原版 AI 使用權重與剩餘使用次數，非每回合 CD。"
"399","修道院院長","治療／危急技能","1","技能 1","","","","","","","","1","依目前 HP 數值最少的存活敵人之 HP 百分比增加權重；不是最低 HP 百分比排序。","未定義；原版 AI 使用權重與剩餘使用次數，非每回合 CD。"
"137","凱貝羅斯","普通攻擊","","基本攻擊效果","4","0","9","","0","0","0","","動態：連續普通攻擊越多，權重越低，最低 2。","未定義；原版 AI 使用權重與剩餘使用次數，非每回合 CD。"
"137","凱貝羅斯","特殊攻擊","4","特殊攻擊效果 4","4","0","9","","0","0","0","4","3","未定義；原版 AI 使用權重與剩餘使用次數，非每回合 CD。"
"117","狼","普通攻擊","","基本攻擊效果","8","0","9","","0","0","0","","動態：連續普通攻擊越多，權重越低，最低 2。","未定義；原版 AI 使用權重與剩餘使用次數，非每回合 CD。"
"133","亞格瑞斯","普通攻擊","","基本攻擊效果","41","0","9","","0","0","0","","動態：連續普通攻擊越多，權重越低，最低 2。","未定義；原版 AI 使用權重與剩餘使用次數，非每回合 CD。"
"166","藍人","普通攻擊","","基本攻擊效果","97","10","2","","0","0","0","","動態：連續普通攻擊越多，權重越低，最低 2。","未定義；原版 AI 使用權重與剩餘使用次數，非每回合 CD。"
"166","藍人","技能","1","技能 1","","","","","","","","3","3","未定義；原版 AI 使用權重與剩餘使用次數，非每回合 CD。"
"130","獢","普通攻擊","","基本攻擊效果","69","0","9","","0","0","0","","動態：連續普通攻擊越多，權重越低，最低 2。","未定義；原版 AI 使用權重與剩餘使用次數，非每回合 CD。"
"130","獢","特殊攻擊","6","特殊攻擊效果 6","6","0","9","","0","0","0","3","3","未定義；原版 AI 使用權重與剩餘使用次數，非每回合 CD。"
"134","半人馬","普通攻擊","","基本攻擊效果","40","0","9","","0","0","0","","動態：連續普通攻擊越多，權重越低，最低 2。","未定義；原版 AI 使用權重與剩餘使用次數，非每回合 CD。"
"134","半人馬","技能","1","技能 1","","","","","","","","3","3","未定義；原版 AI 使用權重與剩餘使用次數，非每回合 CD。"
"388","紅鬃猿","普通攻擊","","基本攻擊效果","1","0","9","","0","0","0","","動態：連續普通攻擊越多，權重越低，最低 2。","未定義；原版 AI 使用權重與剩餘使用次數，非每回合 CD。"
"388","紅鬃猿","特殊攻擊","2","特殊攻擊效果 2","2","0","9","","0","0","0","3","3","未定義；原版 AI 使用權重與剩餘使用次數，非每回合 CD。"
"142","雪球怪","普通攻擊","","基本攻擊效果","107","0","9","","0","0","0","","動態：連續普通攻擊越多，權重越低，最低 2。","未定義；原版 AI 使用權重與剩餘使用次數，非每回合 CD。"
"142","雪球怪","技能","1","技能 1","","","","","","","","2","3","未定義；原版 AI 使用權重與剩餘使用次數，非每回合 CD。"
"125","吸血鬼王","普通攻擊","","基本攻擊效果","27","0","9","","0","0","0","","動態：連續普通攻擊越多，權重越低，最低 2。","未定義；原版 AI 使用權重與剩餘使用次數，非每回合 CD。"
"125","吸血鬼王","技能","1","技能 1","","","","","","","","3","3","未定義；原版 AI 使用權重與剩餘使用次數，非每回合 CD。"
"125","吸血鬼王","特殊攻擊","4","特殊攻擊效果 4","4","0","9","","0","0","0","4","4","未定義；原版 AI 使用權重與剩餘使用次數，非每回合 CD。"
"135","美杜莎","普通攻擊","","基本攻擊效果","135","0","9","","0","0","0","","動態：連續普通攻擊越多，權重越低，最低 2。","未定義；原版 AI 使用權重與剩餘使用次數，非每回合 CD。"
"135","美杜莎","特殊攻擊","4","特殊攻擊效果 4","4","0","9","","0","0","0","4","3","未定義；原版 AI 使用權重與剩餘使用次數，非每回合 CD。"
"398","加賽因","普通攻擊","","基本攻擊效果","5","0","9","","0","0","0","","動態：連續普通攻擊越多，權重越低，最低 2。","未定義；原版 AI 使用權重與剩餘使用次數，非每回合 CD。"
"398","加賽因","技能","1","技能 1","","","","","","","","5","3","未定義；原版 AI 使用權重與剩餘使用次數，非每回合 CD。"
"140","妖貓","普通攻擊","","基本攻擊效果","90","0","9","","0","0","0","","動態：連續普通攻擊越多，權重越低，最低 2。","未定義；原版 AI 使用權重與剩餘使用次數，非每回合 CD。"
"140","妖貓","技能","1","技能 1","","","","","","","","2","3","未定義；原版 AI 使用權重與剩餘使用次數，非每回合 CD。"
"317","迷魂霧妖","普通攻擊","","基本攻擊效果","41","0","9","","0","0","0","","動態：連續普通攻擊越多，權重越低，最低 2。","未定義；原版 AI 使用權重與剩餘使用次數，非每回合 CD。"
"317","迷魂霧妖","特殊攻擊","342","特殊攻擊效果 342","342","400","3","Y","0","0","0","4","4","未定義；原版 AI 使用權重與剩餘使用次數，非每回合 CD。"
"317","迷魂霧妖","特殊攻擊","342","特殊攻擊效果 342","342","400","3","Y","0","0","0","6","4","未定義；原版 AI 使用權重與剩餘使用次數，非每回合 CD。"
"410","威尼斯水軍","普通攻擊","","基本攻擊效果","40","0","9","","0","0","0","","動態：連續普通攻擊越多，權重越低，最低 2。","未定義；原版 AI 使用權重與剩餘使用次數，非每回合 CD。"
"123","北歐狼","普通攻擊","","基本攻擊效果","40","0","9","","0","0","0","","動態：連續普通攻擊越多，權重越低，最低 2。","未定義；原版 AI 使用權重與剩餘使用次數，非每回合 CD。"
"118","吸血殭屍","普通攻擊","","基本攻擊效果","4","0","9","","0","0","0","","動態：連續普通攻擊越多，權重越低，最低 2。","未定義；原版 AI 使用權重與剩餘使用次數，非每回合 CD。"
"208","水鬼","普通攻擊","","基本攻擊效果","1","0","9","","0","0","0","","動態：連續普通攻擊越多，權重越低，最低 2。","未定義；原版 AI 使用權重與剩餘使用次數，非每回合 CD。"
"128","石骨飛魚","普通攻擊","","基本攻擊效果","134","0","9","","0","0","0","","動態：連續普通攻擊越多，權重越低，最低 2。","未定義；原版 AI 使用權重與剩餘使用次數，非每回合 CD。"
"2","妮可","普通攻擊","","基本攻擊效果","7","0","9","","0","0","0","","動態：連續普通攻擊越多，權重越低，最低 2。","未定義；原版 AI 使用權重與剩餘使用次數，非每回合 CD。"
"122","紅耳蝙蝠","普通攻擊","","基本攻擊效果","8","0","9","","0","0","0","","動態：連續普通攻擊越多，權重越低，最低 2。","未定義；原版 AI 使用權重與剩餘使用次數，非每回合 CD。"
"122","紅耳蝙蝠","特殊攻擊","7","特殊攻擊效果 7","7","0","9","","0","0","0","3","3","未定義；原版 AI 使用權重與剩餘使用次數，非每回合 CD。"
"131","吸血鬼","普通攻擊","","基本攻擊效果","27","0","9","","0","0","0","","動態：連續普通攻擊越多，權重越低，最低 2。","未定義；原版 AI 使用權重與剩餘使用次數，非每回合 CD。"
"131","吸血鬼","特殊攻擊","3","特殊攻擊效果 3","3","0","9","","0","0","0","5","3","未定義；原版 AI 使用權重與剩餘使用次數，非每回合 CD。"
"206","惡靈","普通攻擊","","基本攻擊效果","1","0","9","","0","0","0","","動態：連續普通攻擊越多，權重越低，最低 2。","未定義；原版 AI 使用權重與剩餘使用次數，非每回合 CD。"
"121","黑蜈蚣","普通攻擊","","基本攻擊效果","1","0","9","","0","0","0","","動態：連續普通攻擊越多，權重越低，最低 2。","未定義；原版 AI 使用權重與剩餘使用次數，非每回合 CD。"
"121","黑蜈蚣","特殊攻擊","3","特殊攻擊效果 3","3","0","9","","0","0","0","3","3","未定義；原版 AI 使用權重與剩餘使用次數，非每回合 CD。"
"397","赤尾蠍子","普通攻擊","","基本攻擊效果","35","0","9","","0","0","0","","動態：連續普通攻擊越多，權重越低，最低 2。","未定義；原版 AI 使用權重與剩餘使用次數，非每回合 CD。"
"408","武僧","普通攻擊","","基本攻擊效果","1","0","9","","0","0","0","","動態：連續普通攻擊越多，權重越低，最低 2。","未定義；原版 AI 使用權重與剩餘使用次數，非每回合 CD。"
"120","蜈蚣","普通攻擊","","基本攻擊效果","1","0","9","","0","0","0","","動態：連續普通攻擊越多，權重越低，最低 2。","未定義；原版 AI 使用權重與剩餘使用次數，非每回合 CD。"
"120","蜈蚣","特殊攻擊","3","特殊攻擊效果 3","3","0","9","","0","0","0","3","3","未定義；原版 AI 使用權重與剩餘使用次數，非每回合 CD。"
"108","熊","普通攻擊","","基本攻擊效果","8","0","9","","0","0","0","","動態：連續普通攻擊越多，權重越低，最低 2。","未定義；原版 AI 使用權重與剩餘使用次數，非每回合 CD。"
"108","熊","特殊攻擊","2","特殊攻擊效果 2","2","0","9","","0","0","0","3","2","未定義；原版 AI 使用權重與剩餘使用次數，非每回合 CD。"
"126","邪靈","普通攻擊","","基本攻擊效果","134","0","9","","0","0","0","","動態：連續普通攻擊越多，權重越低，最低 2。","未定義；原版 AI 使用權重與剩餘使用次數，非每回合 CD。"
"127","石骨魚","普通攻擊","","基本攻擊效果","1","0","9","","0","0","0","","動態：連續普通攻擊越多，權重越低，最低 2。","未定義；原版 AI 使用權重與剩餘使用次數，非每回合 CD。"
"107","黑金剛","普通攻擊","","基本攻擊效果","1","0","9","","0","0","0","","動態：連續普通攻擊越多，權重越低，最低 2。","未定義；原版 AI 使用權重與剩餘使用次數，非每回合 CD。"
"107","黑金剛","特殊攻擊","2","特殊攻擊效果 2","2","0","9","","0","0","0","3","3","未定義；原版 AI 使用權重與剩餘使用次數，非每回合 CD。"
"409","梅羅文加軍人","普通攻擊","","基本攻擊效果","5","0","9","","0","0","0","","動態：連續普通攻擊越多，權重越低，最低 2。","未定義；原版 AI 使用權重與剩餘使用次數，非每回合 CD。"
"407","教士","普通攻擊","","基本攻擊效果","6","0","9","","0","0","0","","動態：連續普通攻擊越多，權重越低，最低 2。","未定義；原版 AI 使用權重與剩餘使用次數，非每回合 CD。"
"407","教士","特殊攻擊","1","特殊攻擊效果 1","1","0","9","","0","0","0","3","3","未定義；原版 AI 使用權重與剩餘使用次數，非每回合 CD。"
"102","蛇","普通攻擊","","基本攻擊效果","4","0","9","","0","0","0","","動態：連續普通攻擊越多，權重越低，最低 2。","未定義；原版 AI 使用權重與剩餘使用次數，非每回合 CD。"
"102","蛇","特殊攻擊","1","特殊攻擊效果 1","1","0","9","","0","0","0","3","3","未定義；原版 AI 使用權重與剩餘使用次數，非每回合 CD。"
"116","水蛇","普通攻擊","","基本攻擊效果","4","0","9","","0","0","0","","動態：連續普通攻擊越多，權重越低，最低 2。","未定義；原版 AI 使用權重與剩餘使用次數，非每回合 CD。"
"106","野猴","普通攻擊","","基本攻擊效果","1","0","9","","0","0","0","","動態：連續普通攻擊越多，權重越低，最低 2。","未定義；原版 AI 使用權重與剩餘使用次數，非每回合 CD。"
"106","野猴","特殊攻擊","2","特殊攻擊效果 2","2","0","9","","0","0","0","3","3","未定義；原版 AI 使用權重與剩餘使用次數，非每回合 CD。"
"132","侏儒","普通攻擊","","基本攻擊效果","34","0","9","","0","0","0","","動態：連續普通攻擊越多，權重越低，最低 2。","未定義；原版 AI 使用權重與剩餘使用次數，非每回合 CD。"
"132","侏儒","特殊攻擊","1","特殊攻擊效果 1","1","0","9","","0","0","0","5","3","未定義；原版 AI 使用權重與剩餘使用次數，非每回合 CD。"
"171","幽靈","普通攻擊","","基本攻擊效果","133","0","9","","0","0","0","","動態：連續普通攻擊越多，權重越低，最低 2。","未定義；原版 AI 使用權重與剩餘使用次數，非每回合 CD。"
"170","殭屍","普通攻擊","","基本攻擊效果","1","0","9","","0","0","0","","動態：連續普通攻擊越多，權重越低，最低 2。","未定義；原版 AI 使用權重與剩餘使用次數，非每回合 CD。"
"113","巨蛾","普通攻擊","","基本攻擊效果","6","0","9","","0","0","0","","動態：連續普通攻擊越多，權重越低，最低 2。","未定義；原版 AI 使用權重與剩餘使用次數，非每回合 CD。"
"111","毒蜘蛛","普通攻擊","","基本攻擊效果","6","0","9","","0","0","0","","動態：連續普通攻擊越多，權重越低，最低 2。","未定義；原版 AI 使用權重與剩餘使用次數，非每回合 CD。"
"110","毒蠍子","普通攻擊","","基本攻擊效果","2","0","9","","0","0","0","","動態：連續普通攻擊越多，權重越低，最低 2。","未定義；原版 AI 使用權重與剩餘使用次數，非每回合 CD。"
"110","毒蠍子","特殊攻擊","1","特殊攻擊效果 1","1","0","9","","0","0","0","3","3","未定義；原版 AI 使用權重與剩餘使用次數，非每回合 CD。"
"105","度度鳥","普通攻擊","","基本攻擊效果","4","0","9","","0","0","0","","動態：連續普通攻擊越多，權重越低，最低 2。","未定義；原版 AI 使用權重與剩餘使用次數，非每回合 CD。"
"105","度度鳥","特殊攻擊","2","特殊攻擊效果 2","2","0","9","","0","0","0","3","3","未定義；原版 AI 使用權重與剩餘使用次數，非每回合 CD。"
"114","毒蟾蜍","普通攻擊","","基本攻擊效果","1","0","9","","0","0","0","","動態：連續普通攻擊越多，權重越低，最低 2。","未定義；原版 AI 使用權重與剩餘使用次數，非每回合 CD。"
"114","毒蟾蜍","特殊攻擊","1","特殊攻擊效果 1","1","0","9","","0","0","0","3","5","未定義；原版 AI 使用權重與剩餘使用次數，非每回合 CD。"
"400","梅羅文加軍人","普通攻擊","","基本攻擊效果","5","0","9","","0","0","0","","動態：連續普通攻擊越多，權重越低，最低 2。","未定義；原版 AI 使用權重與剩餘使用次數，非每回合 CD。"
"115","巨蛙","普通攻擊","","基本攻擊效果","1","0","9","","0","0","0","","動態：連續普通攻擊越多，權重越低，最低 2。","未定義；原版 AI 使用權重與剩餘使用次數，非每回合 CD。"
"112","隱翅蟲","普通攻擊","","基本攻擊效果","76","0","9","","0","0","0","","動態：連續普通攻擊越多，權重越低，最低 2。","未定義；原版 AI 使用權重與剩餘使用次數，非每回合 CD。"
"112","隱翅蟲","特殊攻擊","8","特殊攻擊效果 8","8","0","9","","0","0","0","2","8","未定義；原版 AI 使用權重與剩餘使用次數，非每回合 CD。"
"109","吸血蝙蝠","普通攻擊","","基本攻擊效果","76","0","9","","0","0","0","","動態：連續普通攻擊越多，權重越低，最低 2。","未定義；原版 AI 使用權重與剩餘使用次數，非每回合 CD。"
"109","吸血蝙蝠","特殊攻擊","9","特殊攻擊效果 9","9","23","9","","0","0","0","3","3","未定義；原版 AI 使用權重與剩餘使用次數，非每回合 CD。"
"101","黏怪","普通攻擊","","基本攻擊效果","1","0","9","","0","0","0","","動態：連續普通攻擊越多，權重越低，最低 2。","未定義；原版 AI 使用權重與剩餘使用次數，非每回合 CD。"
"101","黏怪","特殊攻擊","2","特殊攻擊效果 2","2","0","9","","0","0","0","3","3","未定義；原版 AI 使用權重與剩餘使用次數，非每回合 CD。"
