"item_id","name","level","area","types","roles","consumption","consumes_mp","consumes_sp","consumes_throwable","consumes_item","use_place","attack_effect_id","attack_point","attribute_id","wide_range","continuous_turns","affixation_effect","relieve_effect","add_buff","resist_attribute","snatch_hp","snatch_mp","snatch_sp","escape","summon_id","summon_count","info_text","help_text"
"1501","烈火術","5","1","IT_05","1|2","10","Y","","","","1","11","30","1","","0","0","0","0","0","","","","","0","0","效果：火系低等傷害  對象：敵方單人","最初期的火系魔法，能憑空產生一烈焰燃燒敵人。"
"1502","焰火環","25","1","IT_04","1|2","30","Y","","","","1","12","0","1","","8","1","0","0","0","","","","","0","0","效果：麻痺  對象：敵方單人","引天外方界高熱的火環將敵人緊緊的束縛住。"
"1503","火靈氣罩","25","0","IT_03","1|2","30","Y","","","","1","70","0","1","","5","0","0","2147483648.0","0","","","","","0","0","效果：增加 30％ 攻擊力  對象：我方單人","利用火的力量加諸在我方伙伴身上使其激發出內在潛能。"
"1504","火炎彈","18","0","IT_05","1|2","25","Y","","","","1","89","100","1","","0","0","0","0","0","","","","","0","0","效果：火系中等傷害  對象：敵方單人","將熾熱的烈火凝聚成威力強大的火球彈，在碰觸到敵人時則瞬間將全部能量釋放於的人身上。"
"1505","烈日蝕睛","8","0","IT_04","1|2","15","Y","","","","1","39","0","1","","5","128","0","0","0","","","","","0","0","效果：盲目  對象：敵方單人","借用太陽的強光照向敵人，能夠使敵人暫時失去視覺。"
"1506","熾炎波","25","0","IT_05","1","35","Y","","","","1","105","80","1","Y","0","0","0","0","0","","","","","0","0","效果：火系中等傷害  對象：敵方全體","將烈火氣化為一陣陣高熱的氣燄波浪向前吹去。"
"1507","朱雀振翅","0","0","IT_05","1","120","Y","","","","1","440","1500","1","Y","0","0","0","0","0","","","","","0","0","效果：火系高等傷害  對象：敵方全體","召喚南方聖獸─朱雀，全身發出不可思議的超高熱浪，再以高速的振翅颳出高熱的颶風傷害敵人。"
"1508","火神降臨","0","0","IT_05","1","250","Y","","","","1","442","2500","1","Y","0","0","0","0","0","","","","","0","0","效果：火系超高等傷害  對象：敵方全體","將施法者的元神與火神相融攻擊敵人其強大的熱量可連身帶靈全數燒盡。"
"1509","魂野魔露","11","1","IT_04","2|3|4","10","Y","","","","1","60","0","2","","5","8","0","0","0","","","","","0","0","效果：昏睡  對象：敵方單人","借用水精靈所散發出的奇特山露水，被滴到的人就會不自覺的想睡覺。"
"1510","千水凝冰","13","1","IT_05","2|3|4","30","Y","","","","1","77","60","2","Y","0","0","0","0","0","","","","","0","0","效果：水系低等傷害  對象：敵方全體","將雨水凝結成無數冰晶衝向敵方穿插而過。"
"1511","浪捲無量","0","0","IT_05","2|4","0","Y","","","","1","256","200","2","Y","0","0","0","0","0","","","","","0","0","效果：水系中高等傷害  對象：敵方全體","以道家的吐吶之氣與靈力的融合，引發出如大海般的巨浪襲捲敵方。"
"1512","凍霧術","23","1","IT_04","2|3|4","35","Y","","","","1","126","0","2","","8","1","0","0","0","","","","","0","0","效果：麻痺  對象：敵方單人","由自身發出奇異的寒氣，連霧氣都能凍結。"
"1513","冰石亂墜","27","0","IT_05","2|3|4","50","Y","","","","1","183","100","2","Y","0","0","0","0","0","","","","","0","0","效果：水系高等傷害  對象：敵方全體","喚出天空中雨雲的結晶，並幻化為巨大堅硬的冰石，以極高的速度下墜攻擊指定的目標。"
"1514","寒冰星雨","23","0","IT_05","2|3|4","40","Y","","","","1","142","150","2","","0","0","0","0","0","","","","","0","0","效果：水系中等傷害  對象：敵方單人","集天地間所有寒氣之大成，遂能擊出一詭異冰寒的光球。"
"1515","青龍雲屏","0","0","IT_05","2","280","Y","","","","1","451","3500","2","","0","0","0","0","0","","","","","0","0","效果：水系超高等傷害  對象：敵方單人","召喚東方聖獸─青龍，化成三道由地連天的強勁龍捲水柱，將敵人纏捲至空中，普通的妖孽絕無法承受一擊。"
"1516","海神潮","0","0","IT_05","4","250","Y","","","","1","456","2500","2","Y","0","0","0","0","0","","","","","0","0","效果：水系超高等傷害  對象：敵方全體","召喚海神附身發出洶湧無比的大浪潮襲捲敵人。"
"1517","轉風術","10","1","IT_05","1|3|4","18","Y","","","","1","32","50","3","","0","0","0","0","0","","","","","0","0","效果：風系低等傷害  對象：敵方單人","唸咒施展旋風氣流，以快速集中的風壓作為攻擊。"
"1518","浸沐春風","12","0","IT_13","1|3|4","10","Y","","","","3","85","0","3","","0","0","0","0","0","","","","","0","0","效果：回復 生命 60點  對象：我方單人","誠心乞求風之精靈，引起一陣陣清爽舒適的微風吹彿而過，沉浸在這痊癒之風內。"
"1519","御風術","18","0","IT_03","1|3|4","25","Y","","","","1","143","0","3","","5","0","0","1073741824","0","","","","","0","0","效果：增加 30％ 敏捷力  對象：我方單人","讓法術受予者能利用風的力量任意移動。"
"1520","空靈旋","20","0","IT_05","1|3|4","30","Y","","","","1","144","200","3","","0","0","0","0","0","","","","","0","0","效果：風系中等傷害  對象：敵方單人","將所有生靈的生命氣流化為一股有傷害力的氣旋。"
"1521","青風薪榮","24","0","IT_01","1|3|4","40","Y","","","","3","145","0","3","","0","0","32768","0","0","","","","","0","0","效果：解除瀕死狀態  對象：我方單人","在人死魂魄未飛散之前，可以借由風中之精的神奇力量復活。"
"1522","天風捲千鈞","26","0","IT_05","1|3|4","55","Y","","","","1","146","160","3","Y","0","0","0","0","0","","","","","0","0","效果：風系中高等傷害  對象：敵方全體","於大地上喚出一巨大的龍捲巨風將地面所有敵人一掃而盡。"
"1523","怒空摘星","0","0","IT_05","3","150","Y","","","","1","443","1000","3","Y","0","0","0","0","0","","","","","0","0","效果：風系高等傷害  對象：敵方全體","以強大的靈力操控令天地為之變色的狂風，其強大的力量好像連天上的星辰都要吹下了。"
"1524","白虎星降","0","0","IT_05","3","320","Y","","","","1","454","3500","3","Y","0","0","0","0","0","","","","","0","0","效果：風系超高等傷害  對象：敵方全體","召喚西方聖獸─白虎，白虎自身以高速旋轉化成一巨大的旋風之劍，再以迅雷不及掩耳的速度貫穿敵人身形。"
"1525","錮元入石","25","0","IT_04","1|2|3|4","30","Y","","","","1","279","0","4","","1000","4","0","0","0","","","","","0","0","效果：石化  對象：敵方單人","運用石精之力將生物的元靈封閉在岩石內。"
"1526","地龍鑽","0","0","IT_05|IT_28","","0","Y","","","","1","255","20","4","","0","0","0","0","0","","","","","0","0","效果：土系低等傷害  對象：敵方單人","將靈力貫注於地底的泥沙中，使原本柔軟且無殺傷力的污土化為堅硬的尖石從地底鑽出攻擊敵人。"
"1527","落石術","29","0","IT_05","1|4","40","Y","","","","1","184","300","4","","0","0","0","0","0","","","","","0","0","效果：土系中等傷害  對象：敵方單人","將巨石隔空移物至天上，再以飛快的速度相敵人砸下。"
"1528","石龜護甲","0","0","IT_03","1|4","35","Y","","","","1","333","0","4","","5","0","0","536870912","0","","","","","0","0","效果：增加 30％ 防禦力  對象：我方單人","把堅硬的礦石圍繞在身體周圍作為護甲。"
"1529","濤瀾動地","35","0","IT_05","1|4","50","Y","","","","1","277","380","4","Y","0","0","0","0","0","","","","","0","0","效果：土系中等傷害  對象：敵方全體","施法唸咒把地表裂開掩埋敵人。"
"1530","狂沙飛石","30","0","IT_05","1|4","65","Y","","","","1","278","500","4","","0","0","0","0","0","","","","","0","0","效果：土系中高等傷害  對象：敵方單人","利用法力暫時附與土沙生命，瘋狂的攻擊敵人。"
"1531","玄武現世","0","0","IT_05","4","200","Y","","","","1","455","2000","4","Y","0","0","0","0","0","","","","","0","0","效果：土系超高等傷害  對象：敵方全體","召喚北方聖獸─玄武，翻開大地消滅一切眼前的生物；靈力不夠強大的人便無法控制這無匹之力。"
"1532","亞特拉斯巨靈","0","0","IT_05","1|4","200","Y","","","","1","441","2000","4","Y","0","0","0","0","0","","","","","0","0","效果：土系超高等傷害  對象：敵方全體","喚出大地之神亞特拉斯，將所有妖魔邪靈完全清除。"
"1533","疾電術","7","1","IT_05","2|4","12","Y","","","","1","17","40","8","","0","0","0","0","0","","","","","0","0","效果：雷電系低等傷害  對象：敵方單人","擊出一小型的電擊球，擊中目標後隨即爆裂。"
"1534","電氣角鑽","15","0","IT_04","2|3","20","Y","","","","1","147","0","8","","5","1","0","0","0","","","","","0","0","效果：麻痺  對象：敵方單人","射出小而尖的透明電氣，被命中的人全身關節將無法動作。"
"1535","坎離雷電","32","0","IT_05","2|4","55","Y","","","","1","202","250","8","Y","0","0","0","0","0","","","","","0","0","效果：雷電系中等傷害  對象：敵方全體","將雷電依五行八卦之理，一一命中敵人。"
"1536","太陰神雷","0","0","IT_05","2","80","Y","","","","1","445","800","8","","0","0","0","0","0","","","","","0","0","效果：雷電系中高等傷害  對象：敵方單人","六儀四象內所衍生的神雷，一般都用來對付妖魔用的。"
"1537","天翔奔雷破","0","0","IT_05","2|3","70","Y","","","","1","335","500","8","Y","0","0","0","0","0","","","","","0","0","效果：雷電系中高等傷害  對象：敵方全體","從天空中落下無數的雷球，其中還挾帶著威力強大的電氣。"
"1538","天雷震八方","0","0","IT_05","2","150","Y","","","","1","448","1500","8","","0","0","0","0","0","","","","","0","0","效果：雷電系高等傷害  對象：敵方單人","無生無隱的天雷，只有在擊中目標的時候才會發出震撼的聲響。"
"1539","雲龍身四縱","0","0","IT_05","3","230","Y","","","","1","452","2500","8","","0","0","0","0","0","","","","","0","0","效果：雷電系超高等傷害  對象：敵方單人","“雷電降身”，中國古老的招雷法術，由施法者自身發出無數的龍氣。"
"1540","雷神動九天","0","0","IT_05","3","300","Y","","","","1","453","3000","8","Y","0","0","0","0","0","","","","","0","0","效果：雷電系超高等傷害  對象：敵方全體","呼叫雷神以浩瀚的天神雷降臨大地，消滅一切妖魔。不過沒一定的能力之前，就冒然召喚雷神，自身可是要付出相當的代價。"
"1541","天使之福音","10","0","IT_04","3|4","15","Y","","","","2","","0","0","","0","0","0","0","0","","","","","0","0","可驅離等級較我方低的怪物。","呼叫天使吟唱天詩，使神聖的福音圍繞著我方讓邪魔鬼怪不敢靠近。"
"1542","禁言封咒術","22","0","IT_04","3|4","30","Y","","","","1","148","0","6","","5","16","0","0","0","","","","","0","0","效果：封魔  對象：敵方單人","將一切魔力靈力皆封閉住；中術者有如啞巴般。"
"1543","聖光彈","18","0","IT_05","3|4","20","Y","","","","1","149","100","6","","0","0","0","0","0","","","","","0","0","效果：光系低等傷害  對象：敵方單人","以神聖之力，擊出的光球。"
"1544","聖火幻劍","32","0","IT_05","3|4","40","Y","","","","1","186","300","6","","0","0","0","0","0","","","","","0","0","效果：光系中等傷害  對象：敵方單人","發射出許多神聖的小光劍包圍敵人。"
"1545","霞雲罩身","28","0","IT_03","3|4","25","Y","","","","1","280","0","6","Y","0","0","0","0","0","","","","Y","0","0","效果：脫離戰鬥  對象：我方全體","從天外的一端發出的霞光祥雲將施法者帶至平和之地。"
"1546","仙音淨化","20","0","IT_05","3|4","35","Y","","","","1","281","200","6","Y","0","0","0","0","0","","","","","0","0","效果：光系低等傷害  對象：敵方全體","從天而來的美妙音樂，不過凡心有魔性的生物聽到皆當場死亡。"
"1547","九龍化傷術","33","2","IT_13","3|4","40","Y","","","","3","282","0","6","","0","0","0","0","0","","","","","0","0","效果：回復 生命 1000點  對象：我方單人","引天外九龍的神奇之力，將身上的傷勢一一的恢復。"
"1548","元體靈滅","0","0","IT_05","3|4","50","Y","","","","1","334","500","6","","0","0","0","0","0","","","","","0","0","效果：光系中高等傷害  對象：敵方單人","利用高速的靈體衝擊，所產生它次元的強大破壞力。"
"1549","韋馱伏魔","0","0","IT_05","3|4","80","Y","","","","1","393","1000","6","Y","0","0","0","0","0","","","","","0","0","效果：光系高等傷害  對象：敵方全體","召喚守護神──韋馱，並發其天神奇力攻擊敵人。"
"1550","無相如來","0","0","IT_05","4","300","Y","","","","1","457","3000","6","Y","0","0","0","0","0","","","","","0","0","效果：光系超高等傷害  對象：敵方全體","將如來佛的無邊佛法，全部發揮在天地之間淨化一切生物。"
"1551","閻火術","9","1","IT_05|IT_28","2","20","Y","","","","1","19","65","7","","0","0","0","0","0","","","","","0","0","效果：暗系低等傷害  對象：敵方單人","同樣的火燄卻發出陰森的寒氣；被燃燒之人全身會奇寒無比。"
"1552","食魂咒","15","1","IT_04|IT_28","2","18","Y","","","","1","59","0","7","","5","64","0","0","0","","","","","0","0","效果：驚嚇  對象：敵方單人","讓敵人的魂魄暫時脫離，使其無法連續攻擊。"
"1553","五毒咒","0","0","IT_05","2","65","Y","","","","1","366","300","7","Y","6","4096","0","0","0","","","","","0","0","效果：暗系中等傷害  對象：敵方全體","驅使五毒攻擊敵人，五毒分為蜈蚣、毒蠍、蜘蛛、蛤蟆、蛇。"
"1554","迷意波","0","0","IT_04","2","45","Y","","","","1","365","0","10","","5","32","0","0","0","","","","","0","0","效果：瘋狂  對象：敵方單人","發出怪異的光波迷亂敵人，使其失去自我控制的能力。"
"1555","煉獄陰火","26","0","IT_05","2","40","Y","","","","1","106","130","7","Y","0","0","0","0","0","","","","","0","0","效果：暗系中等傷害  對象：敵方全體","借引地獄燃燒鬼魂的火燄，夾雜冷熱相間的奇異陰火攻擊敵人。"
"1556","衰竭術","29","1","IT_04","2","45","Y","","","","1","185","0","7","","5","512","0","0","0","","","","","0","0","效果：退化  對象：敵方單人","施法將生物的生命能量漸漸吸收殆盡。"
"1557","依魔行意","0","0","IT_04","2","40","Y","","","","1","392","0","7","","5","256","0","0","0","","","","","0","0","效果：寄生  對象：敵方單人","呼叫黑暗的寄生獸附著敵人的意識，藉而使敵人內鬨。"
"1558","紫氣闇龍","0","0","IT_05","2","100","Y","","","","1","447","1000","7","","0","0","0","0","0","","","","","0","0","效果：暗系中高等傷害  對象：敵方單人","當黑暗靈力達到一定的程度時，便能自由控制暗黑蛟龍攻擊人類。"
"1559","十邪散魂","0","0","IT_05","2","300","Y","","","","1","450","3000","7","Y","0","0","0","0","0","","","","","0","0","效果：暗系超高等傷害  對象：敵方全體","邪惡的陰氣隴罩大地，呼引所有的邪靈攻擊敵人。"
"1560","冥流潺入","0","0","IT_05","2","200","Y","","","","1","449","2000","7","","0","0","0","0","0","","","","","0","0","效果：暗系高等傷害  對象：敵方單人","將陰邪的氣流導進生物的體內，再一點一滴的慢慢爆出；是相當厲害且殘忍的法術。"
"1561","土地神念法","0","0","IT_04","1|2|3|4","1","Y","","","","2","250","0","10","","0","0","0","0","0","","","","","0","0","脫離迷宮","喚出當地的土地神幫忙隊伍引導出路。"
"1562","天使之眼","0","0","","","0","","","","","0","","0","0","","0","0","0","0","0","","","","","0","0","","運用天界的神力觀看大地，能使敵人無所遁形。"
"1563","萬蠱纏身","0","0","IT_04","2","75","Y","","","","1","446","400","10","","6","4096","0","0","0","","","","","0","0","效果：中毒傷害  對象：敵方單人","控制許多毒蠱攻擊敵人；並使毒性慢慢的入侵敵人的體內。"
"1564","炙炎旋流","0","0","IT_03","1|4","40","Y","","","","1","359","0","10","","5","0","0","0","1","","","","","0","0","效果：增加5回合50％火系抗力 對象：我方單人","寄出火燄魔法陣，發出火燄旋風包圍保護著人。"
"1565","縮地術","0","0","","","0","","","","","0","","0","0","","0","0","0","0","0","","","","","0","0","","在地上做一起點標記；等一經施法後便能一瞬間回至起點。"
"1566","乘龍念法","0","0","IT_04","1|2|3|4","1","Y","","","","2","251","0","10","","0","0","0","0","0","","","","","0","0","乘天外方界之龍，來往各地","乘坐雲龍到達曾經去過的地點。"
"1567","寒雪氣罩","0","0","IT_03","2|3","40","Y","","","","1","360","0","10","","5","0","0","0","2","","","","","0","0","效果：增加5回合50％水系抗力 對象：我方單人","引來奇寒的氣流罩住全身，以抵抗熱氣的攻擊。"
"1568","火眼金睛","0","0","IT_04","1|2|3|4","35","Y","","","","1","363","0","10","","5","0","0","0","0","","","","","0","0","觀看敵方資料","一經施法便能短暫開啟天眼，藉此觀看敵人的詳細資料。"
"1569","三藏淨身咒","0","0","IT_03","3|4","35","Y","","","","1","341","0","10","","5","0","0","0","5","","","","","0","0","效果：增加5回合50％毒系抗力 對象：我方單人","運用高超的佛法不斷潔淨身心，使毒氣只能環繞在外不能侵入。"
"1570","佛光衝宵","23","0","IT_03","3|4","20","Y","","","","1","286","0","10","","5","0","0","0","7","","","","","0","0","效果：增加5回合50％暗系抗力 對象：我方單人","唸咒誦經以虔誠之心乞求佛法的加持，隨之由天直射至地的萬丈豪光；驅散所有妖邪之氣。"
"1571","妖魔滅道","0","0","IT_03","2","40","Y","","","","1","361","0","10","","5","0","0","0","6","","","","","0","0","效果：增加5回合50％光系抗力 對象：我方單人","讓無數的邪靈環繞著我方，並抵擋所有神聖的攻擊。"
"1572","神入靈殼","0","0","IT_03","3|4","50","Y","","","","1","362","0","10","","5","0","0","0","9","","","","","0","0","效果：增加5回合50％物系抗力 對象：我方單人","請神降臨我方體內，幫助抵檔物理性的攻擊。"
"1573","借物代形","0","0","IT_03","1|2|3|4","100","Y","","","","1","364","0","10","","5","0","0","67108864","0","","","","","0","0","效果：完全抵抗敵方攻擊五次 對象：我方單人","利用五行之物代替被攻擊，可惜只能承受2次的攻擊。"
"1574","氣療術","13","0","IT_13","1|2|3|4","15","Y","","","","3","14","0","0","","0","0","0","0","0","","","","","0","0","效果：回復 生命 100點  對象：我方單人","透過靈力的轉換回復些許的生命力。"
"1575","合精法","18","0","IT_13","1|2|3|4","18","Y","","","","3","95","0","0","","0","0","0","0","0","","","","","0","0","效果：回復 體力 100點  對象：我方單人","閉住氣息，運用自身的靈力將心神合一；如此漸漸的讓身體自行回附失去的體力。"
"1576","神恩廣澤","23","0","IT_13","1|3|4","35","Y","","","","3","139","0","0","Y","0","0","0","0","0","","","","","0","0","效果：回復 生命 200點  對象：我方全體","祈求諸方天神治愈大地的生物，由天而降的祥光無論是何種生物都能受到回復。"
"1577","喚魂咒","25","0","IT_01|IT_13","1|2|3|4","70","Y","","","","3","140","0","0","","0","0","32768","0","0","","","","","0","0","效果：解除瀕死狀態  對象：我方單人","將將死之人的魂魄喚回，不過當靈魂回體後還是相當虛弱的。"
"1578","神癒咒","25","0","IT_13","1|2|3|4","30","Y","","","","3","14","0","0","","0","0","0","0","0","","","","","0","0","效果：回復 生命 500點  對象：我方單人","高級的術士者能將靈力運用高階的轉化大法，如神力般的將其轉變為生命。"
"1579","舒筋活脈","15","0","IT_13","1|2|3|4","120","Y","","","","3","283","0","0","Y","0","0","0","0","0","","","","","0","0","效果：回復 體力 200點  對象：我方全體","將每人體內的特殊機能調理至正常，是相當不錯的回復法術。"
"1580","靈息","18","0","IT_13","1|2|3|4","100","","Y","","","3","14","0","0","","0","0","0","0","0","","","","","0","0","效果：回復 靈力 100點並消耗 體力 100點","以道家奇特的吐吶方法將精神力一點一滴的補回來。"
"1581","順脈心法","0","0","IT_13","1|4","100","Y","","","","3","14","0","0","","0","0","0","0","0","","","","","0","0","效果：回復 體力 300點  對象：我方單人","運起內功心法調理體內筋脈；使身體的疲勞完全的消除。"
"1582","風砂甘霖術","0","0","IT_13","1|2|3|4","80","Y","","","","3","367","0","0","Y","0","0","0","0","0","","","","","0","0","效果：回復 生命 1000點  對象：我方全體","一種高超的回復法術，不但利己也助人；不過所消號的靈力可不少。"
"1583","八方歸元","0","0","IT_01|IT_13","3|4","100","Y","","","","1","444","0","0","Y","0","0","32768","0","0","","","","","0","0","效果：解除瀕死狀態  對象：我方全體","聚集八方自然的靈力，並轉變為生物所需的生命力，但只限於戰鬥時使用。"
"1584","仙靈息","0","0","IT_13","3","250","","Y","","","3","14","0","0","","0","0","0","0","0","","","","","0","0","效果：回復 靈力 200點並消耗 體力 250點","更深奧的吐吶方法比靈息回復的更多。"
"1585","逆轉丹行術","0","0","IT_13","1|4","150","Y","","","","3","14","0","0","","0","0","0","0","0","","","","","0","0","效果：回復 體力 500點  對象：我方單人","能將失去的體力逆轉回來，一種很難領悟的法術。"
"1586","浴火重生咒","0","0","IT_01|IT_13","2","150","Y","","","","3","140","0","0","","0","0","32768","0","0","","","","","0","0","效果：解除瀕死狀態  對象：我方單人","借助不死火鳥的神祕力量給予將瀕死的生物重拾生命力。"
"1587","道儀霞光","0","0","IT_13","4","400","","Y","","","2","283","0","0","Y","0","0","0","0","0","","","","","0","0","效果：回復全體靈力 250點並消耗 體力 400點","施法者本身發出萬丈豪光包圍住隊伍，讓伙伴精氣一一的恢復，但只限於平時使用。"
"1588","八門定星術","0","0","IT_13","3","130","Y","","","","3","14","0","0","","0","0","0","0","0","","","","","0","0","效果：回復 生命 5000點  對象：我方單人","運用奇門遁甲之力將本命星的力量完全發揮出來，以保生命力不減。"
"1589","殘燭引月","0","0","IT_13","4","500","","Y","","","3","14","0","0","","0","0","0","0","0","","","","","0","0","效果：回復 靈力 400點並消耗 體力 500點","祈求月神將隊員的體力大量的補回。"
"1590","清風咒","19","0","IT_01","2|4","25","Y","","","","1","96","0","11","","0","0","4200","0","0","","","","","0","0","治療中毒、昏睡、瘋狂、驚嚇 對象：我方單人","藉由大地之精與風之精靈的力量，祭出一陣奇特的治癒之漩流。"
"1591","撥雲見日","29","0","IT_01","1|2|3|4","20","Y","","","","1","187","0","11","","0","0","128","0","0","","","","","0","0","治療盲目 狀態  對象：我方單人","解除盲目的法術。"
"1592","蝕岩還身","0","0","IT_01","4","25","Y","","","","1","47","0","11","","0","0","4","0","0","","","","","0","0","治療石化 狀態  對象：我方單人","解除石化的法術。"
"1593","祭柳歸靈","26","0","IT_01","1|2|3|4","20","Y","","","","1","284","0","11","","0","0","16","0","0","","","","","0","0","治療封魔 狀態  對象：我方單人","解除封魔的法術。"
"1594","離僵赤金","0","0","IT_01","1|2|3|4","25","Y","","","","1","439","0","11","","0","0","259","0","0","","","","","0","0","治療痲痺、定身、寄身 對象：我方單人","解除痲痺、定身、寄身等狀況的法術。"
"1595","化枯轉榮","0","0","IT_01","3","25","Y","","","","1","311","0","11","","0","0","512","0","0","","","","","0","0","治療退化 狀態  對象：我方單人","解除退化的法術。"
"1596","騰蛇棄鱗","0","0","IT_01|IT_13","3","50","","Y","","","1","22","0","11","","0","0","5119","0","0","","","","","0","0","解除所有狀態  對象：我方單人","能解除所有的狀況，使其回至正常；是最終的治療法術。"
"1597","騰蛇棄鱗","0","0","","","0","","","","","0","","0","0","","0","0","0","0","0","","","","","0","0","","能解除所有的狀況，使其回至正常；是最終的治療法術。"
"1598","騰蛇棄鱗","0","0","","","0","","","","","0","","0","0","","0","0","0","0","0","","","","","0","0","","能解除所有的狀況，使其回至正常；是最終的治療法術。"
"1599","騰蛇棄鱗","0","0","","","0","","","","","0","","0","0","","0","0","0","0","0","","","","","0","0","","能解除所有的狀況，使其回至正常；是最終的治療法術。"
"1600","騰蛇棄鱗","0","0","","","0","","","","","0","","0","0","","0","0","0","0","0","","","","","0","0","","能解除所有的狀況，使其回至正常；是最終的治療法術。"
"1601","騰蛇棄鱗","0","0","","","0","","","","","0","","0","0","","0","0","0","0","0","","","","","0","0","","能解除所有的狀況，使其回至正常；是最終的治療法術。"
"1602","騰蛇棄鱗","0","0","","","0","","","","","0","","0","0","","0","0","0","0","0","","","","","0","0","","能解除所有的狀況，使其回至正常；是最終的治療法術。"
"1603","騰蛇棄鱗","0","0","","","0","","","","","0","","0","0","","0","0","0","0","0","","","","","0","0","","能解除所有的狀況，使其回至正常；是最終的治療法術。"
"1604","騰蛇棄鱗","0","0","","","0","","","","","0","","0","0","","0","0","0","0","0","","","","","0","0","","能解除所有的狀況，使其回至正常；是最終的治療法術。"
"1605","騰蛇棄鱗","0","0","","","0","","","","","0","","0","0","","0","0","0","0","0","","","","","0","0","","能解除所有的狀況，使其回至正常；是最終的治療法術。"
"1606","騰蛇棄鱗","0","0","","","0","","","","","0","","0","0","","0","0","0","0","0","","","","","0","0","","能解除所有的狀況，使其回至正常；是最終的治療法術。"
"1607","騰蛇棄鱗","0","0","","","0","","","","","0","","0","0","","0","0","0","0","0","","","","","0","0","","能解除所有的狀況，使其回至正常；是最終的治療法術。"
"1608","騰蛇棄鱗","0","0","","","0","","","","","0","","0","0","","0","0","0","0","0","","","","","0","0","","能解除所有的狀況，使其回至正常；是最終的治療法術。"
"1609","騰蛇棄鱗","0","0","","","0","","","","","0","","0","0","","0","0","0","0","0","","","","","0","0","","能解除所有的狀況，使其回至正常；是最終的治療法術。"
"1610","騰蛇棄鱗","0","0","","","0","","","","","0","","0","0","","0","0","0","0","0","","","","","0","0","","能解除所有的狀況，使其回至正常；是最終的治療法術。"
"1611","騰蛇棄鱗","0","0","","","0","","","","","0","","0","0","","0","0","0","0","0","","","","","0","0","","能解除所有的狀況，使其回至正常；是最終的治療法術。"
"1612","騰蛇棄鱗","0","0","","","0","","","","","0","","0","0","","0","0","0","0","0","","","","","0","0","","能解除所有的狀況，使其回至正常；是最終的治療法術。"
"1613","騰蛇棄鱗","0","0","","","0","","","","","0","","0","0","","0","0","0","0","0","","","","","0","0","","能解除所有的狀況，使其回至正常；是最終的治療法術。"
"1614","騰蛇棄鱗","0","0","","","0","","","","","0","","0","0","","0","0","0","0","0","","","","","0","0","","能解除所有的狀況，使其回至正常；是最終的治療法術。"
"1615","騰蛇棄鱗","0","0","","","0","","","","","0","","0","0","","0","0","0","0","0","","","","","0","0","","能解除所有的狀況，使其回至正常；是最終的治療法術。"
"1616","騰蛇棄鱗","0","0","","","0","","","","","0","","0","0","","0","0","0","0","0","","","","","0","0","","能解除所有的狀況，使其回至正常；是最終的治療法術。"
"1617","騰蛇棄鱗","0","0","","","0","","","","","0","","0","0","","0","0","0","0","0","","","","","0","0","","能解除所有的狀況，使其回至正常；是最終的治療法術。"
"1618","騰蛇棄鱗","0","0","","","0","","","","","0","","0","0","","0","0","0","0","0","","","","","0","0","","能解除所有的狀況，使其回至正常；是最終的治療法術。"
"1619","騰蛇棄鱗","0","0","","","0","","","","","0","","0","0","","0","0","0","0","0","","","","","0","0","","能解除所有的狀況，使其回至正常；是最終的治療法術。"
"1620","騰蛇棄鱗","0","0","","","0","","","","","0","","0","0","","0","0","0","0","0","","","","","0","0","","能解除所有的狀況，使其回至正常；是最終的治療法術。"
"1621","騰蛇棄鱗","0","0","","","0","","","","","0","","0","0","","0","0","0","0","0","","","","","0","0","","能解除所有的狀況，使其回至正常；是最終的治療法術。"
"1622","騰蛇棄鱗","0","0","","","0","","","","","0","","0","0","","0","0","0","0","0","","","","","0","0","","能解除所有的狀況，使其回至正常；是最終的治療法術。"
"1623","騰蛇棄鱗","0","0","","","0","","","","","0","","0","0","","0","0","0","0","0","","","","","0","0","","能解除所有的狀況，使其回至正常；是最終的治療法術。"
"1624","騰蛇棄鱗","0","0","","","0","","","","","0","","0","0","","0","0","0","0","0","","","","","0","0","","能解除所有的狀況，使其回至正常；是最終的治療法術。"
"1625","騰蛇棄鱗","0","0","","","0","","","","","0","","0","0","","0","0","0","0","0","","","","","0","0","","能解除所有的狀況，使其回至正常；是最終的治療法術。"
"1626","騰蛇棄鱗","0","0","","","0","","","","","0","","0","0","","0","0","0","0","0","","","","","0","0","","能解除所有的狀況，使其回至正常；是最終的治療法術。"
"1627","騰蛇棄鱗","0","0","","","0","","","","","0","","0","0","","0","0","0","0","0","","","","","0","0","","能解除所有的狀況，使其回至正常；是最終的治療法術。"
"1628","騰蛇棄鱗","0","0","","","0","","","","","0","","0","0","","0","0","0","0","0","","","","","0","0","","能解除所有的狀況，使其回至正常；是最終的治療法術。"
"1629","騰蛇棄鱗","0","0","","","0","","","","","0","","0","0","","0","0","0","0","0","","","","","0","0","","能解除所有的狀況，使其回至正常；是最終的治療法術。"
"1630","騰蛇棄鱗","0","0","","","0","","","","","0","","0","0","","0","0","0","0","0","","","","","0","0","","能解除所有的狀況，使其回至正常；是最終的治療法術。"
"1631","騰蛇棄鱗","0","0","","","0","","","","","0","","0","0","","0","0","0","0","0","","","","","0","0","","能解除所有的狀況，使其回至正常；是最終的治療法術。"
"1632","騰蛇棄鱗","0","0","","","0","","","","","0","","0","0","","0","0","0","0","0","","","","","0","0","","能解除所有的狀況，使其回至正常；是最終的治療法術。"
"1633","騰蛇棄鱗","0","0","","","0","","","","","0","","0","0","","0","0","0","0","0","","","","","0","0","","能解除所有的狀況，使其回至正常；是最終的治療法術。"
"1634","疾鷹七痕劍","8","0","IT_05","1","0","","","","","1","75","7","9","","0","0","0","0","0","","","","","0","0","效果：連續七次物理傷害  對象：敵方單人","主角自行領悟的高超劍術，在經過許多的戰場磨練之下而想出一種極快的劍路；從起勢到完結一氣喝成無間斷。"
"1635","虛影斬","15","0","IT_05","1","400","","","","","1","127","35","9","","0","0","0","0","0","","","","","0","0","效果：連續六次物理傷害  對象：敵方單人","主角一人以獨特的步伐產生出幻像，雖看似兩人其實以極快的速度在不同的位置發出攻勢。"
"1636","御劍燎原","0","0","IT_05","1","402","","","","","1","332","100","9","","0","0","0","0","0","","","","","0","0","效果：連續八次物理傷害  對象：敵方單人","主角在慧彥的指導過後所領悟劍法，能憑氣御劍並幻化出許多利劍攻擊敵人。"
"1637","蛟龍翻身","0","0","IT_05","1","500","","","","","1","368","1000","1","Y","0","0","0","0","0","","","","","0","0","效果：火系傷害  對象：敵方全體","主角以劍憑空畫圓，達至人劍合一的境界並吸收大地之精氣，與自身罡氣融合於劍上，再將這力量瞬間由地底冒出擊殺敵人。"
"1638","霸王崩山勁","0","0","IT_05","1","500","","","","","1","369","1800","9","Y","0","0","0","0","0","","","","","0","0","效果：武術傷害  對象：敵方全體","主角在武術中領悟到不管那種武功，本身最重要的是──心，唯有與心合一才能發揮武功的最高境界；有了如此的領悟才能擊出無可比擬的掌勁。"
"1639","天狼巽閃","0","0","IT_05","1","404","","","","","1","370","6000","9","","0","0","0","0","0","","","","","0","0","效果：時間跳躍刺殺  對象：敵方單人","主角運用自身奇特的能力─時間跳躍，與武術結合出的招式，能在未來的時間將敵人殺死。"
"1640","靈弓蛇箭","0","0","IT_05","2","0","","","","","1","79","70","9","","0","0","0","0","0","","","","","0","0","效果：物理傷害  對象：敵方單人","射出的弓箭如動作靈敏的蛇一樣的追擊敵人並纏繞之。"
"1641","寒山月引","0","0","IT_05","2","405","","","","","1","196","300","7","","0","0","0","0","0","","","","","0","0","效果：吸收生命、體力  對象：敵方單人","一種偏離正道的法術，會將對方的生命與體力吸收據為己用。女主角眼泛紫紅光，而敵人身上漸漸流出怪異的光，進入女主角體內。"
"1642","三界妖靈","0","0","IT_05","2","406","","","","","1","371","700","7","","0","0","0","0","0","","","","","0","0","效果：暗系傷害  對象：敵方單人","女主角化為一冥靈光球，進而飛向敵方，再碰觸的一瞬間將所有的妖邪力爆發出來。"
"1643","靈箭幻舞","0","0","IT_05","2","500","","","","","1","372","500","9","Y","0","0","0","0","0","","","","","0","0","效果：物理傷害  對象：敵方全體","將弓箭的優點發揮到極點，再加上自身的靈力擊射出無數的幻箭；而其爆發的力量幾乎可撕裂地面一樣。"
"1644","無我滅境","0","0","IT_05","2","500","","","","","1","373","2000","7","Y","0","0","0","0","0","","","","","0","0","效果：暗系傷害  對象：敵方全體","把自身所有的靈力集中於一點，在一瞬間完全的釋放；由於空間無法負荷這突然的巨大能量，而產生異樣的爆炸；方圓百里之內無人能倖免。"
"1645","血刃飄零","0","0","IT_05","3","0","","","","","1","301","300","9","","0","0","0","0","0","","","","","0","0","效果：物理傷害  對象：敵方單人","卡瑪藉安卡之法力發出血刀氣，在敵人身上揮砍出一血玫瑰。"
"1646","水月流轉","0","0","IT_05","3","0","","","","","1","302","500","9","","0","0","0","0","0","","","","","0","0","效果：物理傷害  對象：敵方單人","以安卡之力合於兵器之中，卡瑪再將勁力注於刀上極速旋繞穿越敵人。"
"1647","風伯見日","0","0","IT_05","3","500","","","","","1","374","2500","3","Y","0","0","0","0","0","","","","","0","0","效果：風系傷害  對象：敵方全體","因機緣巧合跟風伯學得的獨特仙術。喚出風伯以風袋吹出強烈的風襲捲敵人。"
"1648","元極四方","0","0","IT_05","3","500","","","","","1","376","3000","6","Y","0","0","0","0","0","","","","","0","0","效果：光系傷害  對象：敵方全體","安卡身衝入敵境造出一小型的亞空間，卡瑪再施予強大的重力重擊敵人。"
"1649","銀焰穿心槍","10","0","IT_05","4","0","","","","","1","285","600","9","","0","0","0","0","0","","","","","0","0","效果：物理傷害  對象：敵方單人","李靖將全身罡氣集中於槍尖，再以高速旋轉槍身同一時間內投射出去貫穿敵人。"
"1650","天將伏千軍","40","0","IT_05","4","500","","","","","1","289","200","9","Y","0","0","0","0","0","","","","","0","0","效果：連續四次物理傷害  對象：敵方全體","請天將神威附於身體，以無匹神力催動攻擊，在短短的時間內不知發出了多少次的強大攻擊。"
"1651","雨師興浪","0","0","IT_05","4","500","","","","","1","375","2500","2","Y","0","0","0","0","0","","","","","0","0","效果：水系傷害  對象：敵方全體","因機緣巧合跟雨神學得的獨特仙術。喚出雨師進而天落雨箭刺穿敵人。"
"1652","真武神威","0","0","IT_05","4","409","","","","","1","377","4000","6","","0","0","0","0","0","","","","","0","0","效果：物理傷害  對象：敵方單人","李靖將自身精元捨棄，並幻化為力量強大的靈光槍；進而穿越時空蹦然出現敵人上方，在敵方尚未反應之前已將敵方殲滅。"
"1653","因果輪迴","0","0","","","0","","","","","0","","0","0","","0","0","0","0","0","","","","","0","0","","短暫時間內，無論誰攻擊施術者，都會讓自己得到跟施術者相同的損傷。同樣的，施術者的攻擊也會損傷到自己。"
"1654","偷天換日","0","0","","","0","","","","","0","","0","0","","0","0","0","0","0","","","","","0","0","","偷竊敵人的法術來施展，敵人還要自己負擔所消耗的能量。"
"1655","天裁地判","0","0","","","0","","","","","0","","0","0","","0","0","0","0","0","","","","","0","0","","讓在場的所有人立即受天地審判，惡者折損生命力，善者增加生命力。"
"1656","離影術","0","0","","","0","","","","","0","","0","0","","0","0","0","0","0","","","","","0","0","","相當高強的幻術，施術者可以把自己的形象投射在敵人身上，智力低的敵人會上當起內訌。"
"1657","蜃氣劫","0","0","","","0","","","","","0","","0","0","","0","0","0","0","0","","","","","0","0","","若敵人有一群，可以讓所有的敵人模樣與能力變成施術者所指定的敵人。"
"1658","封魔奇經","0","0","","","0","","","","","0","","0","0","","0","0","0","0","0","","","","","0","0","","中此術者可能會在戰鬥死後留下封魔水晶，封魔水晶內將封印死者最後施展的仙術。"
"1659","無間地獄","0","0","","","0","","","","","0","","0","0","","0","0","0","0","0","","","","","0","0","","被施展此術者，將無間斷的重複這場戰鬥中最重的傷害，但要一直減損施術者的魔力到用盡為止。對惡性重大者最有效。"
"1660","有緣情深","0","0","","","0","","","","","0","","0","0","","0","0","0","0","0","","","","","0","0","","施術者可以選擇一個同伴融合生命力、體力與魔力來共用。但緣相差太大會影響融合效果。"
"1661","閻羅生死廳","0","0","","","0","","","","","0","","0","0","","0","0","0","0","0","","","","","0","0","","施術者與夥伴進入地獄的生命之燭廳，可以直接弄熄敵人的生命之燭。僅對活著的敵人有效。"
"1662","聚雷光","10","1","IT_05|IT_28","","0","Y","","","","1","28","30","8","","0","0","0","0","0","","","","","0","0","","集天地之元，聚成一小型的精元雷電。"
"1663","火球術","8","1","IT_05|IT_28","","0","Y","","","","1","29","35","1","","0","0","0","0","0","","","","","0","0","","在天空憑空產生一火球投射燃燒敵人。"
"1664","魔炎柱","12","1","IT_05|IT_28","","0","Y","","","","1","38","80","1","","0","0","0","0","0","","","","","0","0","","藉由大地之氣引動高熱的上昇氣流，瞬間於敵人下方爆裂。"
"1665","冰雹術","22","1","IT_05|IT_28","","0","Y","","","","1","46","40","2","Y","0","0","0","0","0","","","","","0","0","","運用魔咒喚雲凝冰，從天降下無數的小冰石。"
"1666","炎魔熾烈擊","25","1","IT_05","","0","Y","","","","1","63","80","1","Y","0","0","0","0","0","","","","","0","0","","姆斯比爾化成一巨大火球從天而降，其威力足以憾動大地。"
"1667","火神力場","30","1","IT_05","","0","Y","","","","1","64","8","1","Y","0","0","0","0","0","","","","","0","0","","姆斯比爾將全身精元幻化出一炙熱的火燄波浪，襲捲而去。"
"1668","六芒星斬","30","1","IT_05|IT_28","","0","Y","","","","1","73","80","7","Y","0","0","0","0","0","","","","","0","0","","以黑暗之力摧動巨大劍氣在地面刻畫出巨大的六芒星。"
"1669","狂浪襲","27","1","IT_05|IT_28","","0","Y","","","","1","91","60","2","Y","0","0","0","0","0","","","","","0","0","","妖力夠強的妖魔鬼怪都能借助大自然的力量攻擊敵人，狂浪襲就是其中一種；憑空出現一陣陣強大的巨浪攻擊對手。"
"1670","纏絲氣","22","1","IT_05|IT_28","","0","Y","","","","1","92","70","7","","0","0","0","0","0","","","","","0","0","","將自身的靈力化成一絲絲的浮游紅氣，進而將敵人慢慢的纏繞至死。"
"1671","海靈彈","26","1","IT_05|IT_28","","0","Y","","","","1","101","80","2","","0","0","0","0","0","","","","","0","0","","將水之精元凝聚成一冰寒的小球，向敵方襲擊而去；在命中時瞬間將寒氣釋放出。"
"1672","凝冰術","30","1","IT_05|IT_28","","0","Y","","","","1","110","100","2","","0","0","0","0","0","","","","","0","0","","將天地間的寒氣一點一滴的侵入敵人的體內，進而傷害生物的內部。"
"1673","晶石裂地","35","1","IT_05","","0","Y","","","","1","109","75","2","Y","0","0","0","0","0","","","","","0","0","","喚出天空中雨雲的結晶，並幻化為巨大堅硬的冰石，以極高的速度下墜攻擊指定的目標。"
"1674","霜漩流","32","1","IT_05|IT_28","","0","Y","","","","1","112","90","2","Y","0","0","0","0","0","","","","","0","0","","以極寒的法力將大氣凝結成冰霜塊，並以高速旋轉撞擊敵人。"
"1675","冰霜波","20","1","IT_05","","0","Y","","","","1","118","70","2","","0","0","0","0","0","","","","","0","0","","以極寒的法力將大氣凝結成冰霜塊，並以高速旋轉撞擊敵人。"
"1676","幻光聖劍","26","0","IT_05|IT_28","","0","Y","","","","1","121","120","6","","0","0","0","0","0","","","","","0","0","","發射出許多神聖的小光劍包圍敵人。"
"1677","天降雷火","30","0","IT_05|IT_28","","0","Y","","","","1","123","150","8","","0","0","0","0","0","","","","","0","0","","於東亞地區都傳說著，天界會在人類犯下大錯時降下無匹力量的天火，加以懲戒。"
"1678","風靈之手","30","0","IT_05","","0","Y","","","","1","124","80","3","Y","0","0","0","0","0","","","","","0","0","","藉由風之神的力量，於大地上喚出一巨大的龍捲巨風將地面所有敵人一掃而盡。"
"1679","凍霧術","23","1","IT_04|IT_28","2|3|4","0","Y","","","","1","103","0","2","","3","1","0","0","0","","","","","0","0","","由自身發出奇異的寒氣，連霧氣都能凍結。"
"1680","懾心靈震","45","1","IT_05","","0","Y","","","","1","161","300","7","Y","0","0","0","0","0","","","","","0","0","","搜羅十方冤魂之怨念，並將其收歸為闇靈球，同時轉化為一股詭異的震波襲捲大地。"
"1681","紅嵐滔光","40","1","IT_05","","0","Y","","","","1","182","350","1","Y","0","0","0","0","0","","","","","0","0","","結合妖力與機械的力量，在敵人位置底下暴漲出強悍的妖波。"
"1682","滅靈光環","38","0","IT_05|IT_28","1|2|3|4","0","Y","","","","1","195","300","6","","0","0","0","0","0","","","","","0","0","","將自身的生命精元化成一陣陣的衝擊波來傷害敵人。"
"1683","魔氣縱橫","38","1","IT_13","","0","Y","","","","1","198","0","7","","0","0","0","0","0","","","","","0","0","","吸取各方冤魂的靈氣來回復自身流失的精氣，不過這方法只對魔界之人有效。"
"1684","靈魔幻音","42","1","IT_05|IT_28","1|2|3|4","0","Y","","","","1","199","300","7","Y","0","0","0","0","0","","","","","0","0","","利用自身的靈氣震盪出一陣陣奇妙的幻音，聽到此音的人如不馬上寧神定心的話，體內六腑則會受到不小的傷害。"
"1685","雷霆光鏵","50","0","IT_05|IT_28","1|2|3|4","0","Y","","","","1","207","350","8","Y","0","0","0","0","0","","","","","0","0","","引天地之力夾雷霆萬鈞之力奔衝擊下，受擊者無能幸還；因為其力量恐怕連十吋鋼鐵都能貫穿。"
"1686","封靈滅法","35","1","IT_04|IT_28","1|2|3|4","0","Y","","","","1","208","0","10","","8","16","0","0","0","","","","","0","0","","祭念出奇特的咒語將其靈力暫時封於體內；讓受術者不能施展法術。"
"1687","虛無幻境","48","1","IT_05","1|2|3|4","0","Y","","","","1","264","9999","7","","0","0","0","0","0","","","","","0","0","",""
"1688","魔氣貫頂","50","1","IT_05","1|2|3|4","0","Y","","","","1","265","320","7","Y","0","0","0","0","0","","","","","0","0","",""
"1689","菩提羅漢","50","1","IT_05","1|2|3|4","0","Y","","","","1","305","450","9","","0","0","0","0","0","","","","","0","0","","少林寺七十二絕技之一，此招數已內功為主外功為輔；兩者相輔並用方能發揮最大威力。"
"1690","降龍拳","40","1","IT_05|IT_28","1|2|3|4","0","Y","","","","1","306","300","9","","0","0","0","0","0","","","","","0","0","","少林寺七十二絕技之一，全靠拳法勁力降服對手，練致顛峰時是一套強勁的拳法。"
"1691","無常陰風","48","2","IT_05","","0","Y","","","","1","324","800","3","","0","0","0","0","0","","","","","0","0","",""
"1692","五雷咒","40","0","IT_05|IT_28","1|2|3|4","0","Y","","","","1","326","300","8","Y","0","0","0","0","0","","","","","0","0","","古老的密法中有記載著引雷之術，道士將其密法寫化成咒，藉以傷害他人。不過此法相當耗費精力。"
"1693","三昧陰火劫","52","1","IT_05|IT_28","1|3","0","Y","","","","1","338","480","7","Y","0","0","0","0","0","","","","","0","0","","以陰邪之力催動天外之靈火，瞬間將大地的一切燃燒殆盡。"
"1694","風捲殘雲","41","0","IT_05|IT_28","1|3","0","Y","","","","1","343","600","3","Y","0","0","0","0","0","","","","","0","0","",""
"1695","仙靈冰封","39","1","IT_05|IT_28","1|2|3|4","0","Y","","","","1","344","400","2","Y","3","1","0","0","0","","","","","0","0","",""
"1696","百毒魔爪","55","1","IT_05","1|2|3|4","0","Y","","","","1","347","200","5","Y","6","4096","0","0","0","","","","","0","0","",""
"1697","萬妖聚靈","58","1","IT_13","","0","Y","","","","1","357","0","7","","0","0","0","0","0","","","","","0","0","",""
"1698","移魂仙樂","0","0","IT_05|IT_28","","0","Y","","","","1","380","550","6","","0","0","0","0","0","","","","","0","0","",""
"1699","除魔靈鼓","0","0","IT_05|IT_28","","0","Y","","","","1","381","400","6","","0","0","0","0","0","","","","","0","0","",""
"1700","日輪烈焰","0","0","IT_05|IT_28","","0","Y","","","","1","382","320","1","Y","0","0","0","0","0","","","","","0","0","",""
"1701","殘月鎖漪","0","0","IT_05|IT_28","","0","Y","","","","1","383","400","2","Y","0","0","0","0","0","","","","","0","0","",""
"1702","三日結寒","0","0","IT_05","","0","Y","","","","1","384","300","2","Y","3","2","0","0","0","","","","","0","0","",""
"1703","流雲幻光","0","0","IT_05|IT_28","","0","Y","","","","1","385","380","6","","0","0","0","0","0","","","","","0","0","",""
"1704","草木皆兵","0","0","IT_05","","0","Y","","","","1","388","0","6","","0","0","0","0","0","","","","","379","2","",""
"1705","神焰九轉","0","0","IT_05","","0","Y","","","","1","389","600","1","Y","0","0","0","0","0","","","","","0","0","",""
"1706","千烈凰屏","0","0","IT_05","","0","Y","","","","1","401","700","1","Y","0","0","0","0","0","","","","","0","0","",""
"1707","道臨天下","0","0","IT_05","","0","Y","","","","1","403","800","6","Y","0","0","0","0","0","","","","","0","0","",""
"1708","無常沙石","0","0","IT_05","","0","Y","","","","1","411","500","4","Y","0","0","0","0","0","","","","","0","0","",""
"1709","獅子吼","20","1","IT_05","","0","Y","","","","1","409","500","9","","0","0","0","0","0","","","","","0","0","",""
"1710","霸王崩山勁","0","0","IT_05","1","0","","","","","1","415","1500","7","Y","0","0","0","0","0","","","","","0","0","",""
"1711","百鬼碎裂","0","0","IT_05","1","0","","","","","1","418","1200","4","Y","0","0","0","0","0","","","","","0","0","",""
"1712","百闇川聚","0","0","IT_05","1","0","","","","","1","419","3000","7","Y","0","0","0","0","0","","","","","0","0","",""
"1713","拂塵燎原","0","0","IT_05","1","0","","","","","1","420","2000","8","Y","0","0","0","0","0","","","","","0","0","",""
"1714","闇魔源","0","0","IT_13","1","0","","","","","1","421","0","7","","0","0","0","0","0","","","","","0","0","",""
"1715","聖光浴","26","0","IT_05","","0","Y","","","","1","432","1000","6","","0","0","0","0","0","","","","","0","0","",""
"1716","風馳貫陰雷","0","0","IT_05","1","0","","","","","1","435","3500","8","Y","0","0","0","0","0","","","","","0","0","",""
"1717","奔雷閃襲","0","0","IT_05","1","0","","","","","1","436","5000","8","","0","0","0","0","0","","","","","0","0","",""
"1718","青焰纏捲","55","1","IT_05","1|2|3|4","0","Y","","","","1","466","2000","10","Y","3","4096","0","0","0","","","","","0","0","",""
"1719","血靈還魂","0","0","IT_05","1","0","Y","","","","1","465","4000","7","Y","0","0","0","0","0","Y","","","","0","0","",""
"1720","封術禁言","35","1","IT_04","1|2|3|4","0","Y","","","","1","467","0","10","Y","5","16","0","0","0","","","","","0","0","",""
"1721","封言禁咒","35","1","IT_04","1|2|3|4","0","Y","","","","1","467","0","10","Y","5","16","0","0","0","","","","","0","0","",""
